date,official,q_load,q_pv,q_source,feature_value,feature_percentile,soc0_actual,soc24_actual,soc24_plan,purchase_kwh,plan_cost,emergency_kwh,emergency_slots,emergency_cost,total_cost,curtail_kwh
2025-02-01,True,0.8,0.2,warmup,283.1793647363486,,6000.0,2942.069156370372,1200.0,46852.841261,20696.859690122,0.0,0,0.0,20696.859690122,12605.09931088889
2025-02-02,True,0.8,0.2,warmup,275.68264781213804,,2942.069156370372,2318.014135,1200.0,93561.25801599999,67477.4652043407,0.0,0,0.0,67477.4652043407,11980.200232386836
2025-02-03,True,0.8,0.2,warmup,270.78561353355474,,2318.014135,1580.3923988148158,1200.0,89945.9996863,64464.38925796073,6.148898366665321,1,40.9670353679077,64505.35629332864,6320.562359423875
2025-02-04,True,0.8,0.2,warmup,272.3467785062559,,1580.3923988148158,1845.8070726666692,1200.0,88308.52169600001,62911.6467910912,0.0,0,0.0,62911.6467910912,2133.7811321399313
2025-02-05,True,0.8,0.2,warmup,258.5900542822591,,1845.8070726666692,1721.1505654444459,1200.0,88374.56345100001,63203.0957324478,0.0,0,0.0,63203.0957324478,3369.4290217695566
2025-02-06,True,0.8,0.2,warmup,273.6611983040875,,1721.1505654444459,2212.362379888891,1200.0,92366.105561,66818.54733579341,0.0,0,0.0,66818.54733579341,7229.306766666667
2025-02-07,True,0.8,0.2,warmup,268.1608306560491,,2212.362379888891,2729.0528080740733,1200.0,49860.70313,21416.358947843,0.0,0,0.0,21416.358947843,13945.526523374498
2025-02-08,True,0.8,0.2,warmup,306.93964634000895,,2729.0528080740733,2249.041280037037,1200.0,42417.49921750001,18116.20939374165,0.0,0,0.0,18116.20939374165,7920.236869413585
2025-02-09,True,0.8,0.2,warmup,301.08131194317633,,2249.041280037037,1836.244691703706,1200.0,88631.227834,63580.134844741406,0.0,0,0.0,63580.134844741406,5601.517855514412
2025-02-10,True,0.8,0.2,warmup,294.63134159116447,,1836.244691703706,2075.5111704444453,1200.0,88618.989673,61456.7159495928,0.0,0,0.0,61456.7159495928,10364.203851399183
2025-02-11,True,0.8,0.2,warmup,309.0317878519123,,2075.5111704444453,1342.9726237777786,1200.0,84201.343036,58531.2832548501,152.0727367666673,6,856.2753982439376,59387.55865309404,5819.157085061735
2025-02-12,True,0.8,0.2,warmup,290.94336343429563,,1342.9726237777786,2058.574050370369,1200.0,86790.31033,59686.0777795776,0.0,0,0.0,59686.0777795776,6878.734946098766
2025-02-13,True,0.8,0.2,warmup,274.6082763547825,,2058.574050370369,2225.0322751111125,1200.0,87647.4822709,60564.00081778914,0.0,0,0.0,60564.00081778914,12483.276499176955
2025-02-14,True,0.8,0.2,warmup,302.27744022243644,,2225.0322751111125,2487.3432978148144,1200.0,40987.055083,17457.4000596656,0.0,0,0.0,17457.4000596656,7392.356223246916
2025-02-15,True,0.8,0.2,warmup,274.02597376876145,,2487.3432978148144,2055.0375815925922,1200.0,39906.3266826,17288.866477664997,0.0,0,0.0,17288.866477664997,7628.271621859262
2025-02-16,True,0.8,0.2,warmup,272.54606241433856,,2055.0375815925922,1996.9039800740738,1200.0,84675.336994,58815.453222877004,0.0,0,0.0,58815.453222877004,5300.936925576137
2025-02-17,True,0.8,0.2,warmup,269.2638603416224,,1996.9039800740738,1860.258076037039,1200.0,83870.26348940001,57536.463947233846,0.0,0,0.0,57536.463947233846,9022.208822972027
2025-02-18,True,0.8,0.2,warmup,257.56607243032016,,1860.258076037039,1591.7257735555559,1200.0,80904.6305141,54401.99350759754,0.0,0,0.0,54401.99350759754,4886.636555032925
2025-02-19,True,0.8,0.2,warmup,262.5890691714686,,1591.7257735555559,1652.738235000004,1200.0,81820.07768300001,54880.009513204895,13.708442999999988,1,73.36073271449993,54953.370245919396,4701.5457122962935
2025-02-20,True,0.8,0.2,warmup,271.83913067220425,,1652.738235000004,2302.64897088889,1200.0,84778.10080300001,58053.73854419839,0.0,0,0.0,58053.73854419839,8947.176683271618
2025-02-21,True,0.8,0.2,warmup,242.3564862758786,,2302.64897088889,2658.881398666666,1200.0,39008.052326000005,16848.115065857302,0.0,0,0.0,16848.115065857302,9603.055933818938
2025-02-22,True,0.7,0.3,rule,239.79172947425394,0.0,2658.881398666666,2103.8033261481487,1200.0,35421.633656000005,15361.0982065054,0.0,0,0.0,15361.0982065054,4926.250656000002
2025-02-23,True,0.7,0.3,rule,235.39385462587234,0.0,2103.8033261481487,1678.8549070740758,1200.0,79496.70510600001,53403.6129845638,0.0,0,0.0,53403.6129845638,4190.239353810697
2025-02-24,True,0.7,0.3,rule,234.68313974895125,0.0,1678.8549070740758,1649.6467948148158,1200.0,78670.35386784,52373.72789429154,15.860392000000047,1,80.65802351600024,52454.38591780754,6591.622616374492
2025-02-25,True,0.7,0.3,rule,237.49026698462436,0.08333333333333333,1649.6467948148158,1214.57022,1200.0,75893.26766700001,49401.4392534888,286.0307138666652,12,1395.5614321878902,50797.00068567669,6887.783251674901
2025-02-26,True,0.7,0.3,rule,258.8424474170748,0.28,1214.57022,1657.6547050740805,1200.0,76332.39943,50388.52280538151,0.0,0,0.0,50388.52280538151,3113.0071665020632
2025-02-27,True,0.7,0.3,rule,252.27165285784952,0.19230769230769232,1657.6547050740805,1733.1330212962969,1200.0,77554.55578,50085.45116876419,0.0,0,0.0,50085.45116876419,5900.958662366267
2025-02-28,True,0.7,0.3,rule,261.46379723389805,0.3333333333333333,1733.1330212962969,2220.3370308888907,1200.0,36450.51952,15396.265803868402,0.0,0,0.0,15396.265803868402,9376.271255530868
2025-03-01,True,0.7,0.3,rule,265.9171211877477,0.39285714285714285,2220.3370308888907,2026.9980061481474,1200.0,34675.774896999996,14482.7276660599,0.0,0,0.0,14482.7276660599,8213.085063049388
2025-03-02,True,0.8,0.2,rule,283.0384441541291,0.7586206896551724,2026.9980061481474,1326.0312051111114,1200.0,76721.04918,51039.1836040396,439.31849043333074,6,2663.0389288617343,53702.22253290134,1256.5143461522575
2025-03-03,True,0.85,0.15,rule,342.2326188451846,1.0,1326.0312051111114,1940.6733554903713,1200.0,78320.9404403,51684.91220842837,206.3511761666657,4,1062.1666181527453,52747.07882658112,1357.0304718930065
2025-03-04,True,0.85,0.15,rule,372.50497368623724,1.0,1940.6733554903713,1728.2472455555567,1200.0,76183.73420236999,50096.54513160575,0.6247333333334382,1,3.1064865000005213,50099.65161810575,2969.5086361374533
2025-03-05,True,0.85,0.15,rule,358.3230669660078,0.96875,1728.2472455555567,1902.8469835555559,1200.0,78564.2232064,50604.1761215874,0.8206845666667277,1,3.954058242200294,50608.1301798296,8402.292637493834
2025-03-06,True,0.85,0.15,rule,357.6749816112987,0.9393939393939394,1902.8469835555559,2163.192436925927,1200.0,80568.2931091,52713.27430259078,0.0,0,0.0,52713.27430259078,10317.138364375725
2025-03-07,True,0.85,0.15,rule,349.00357098889407,0.9117647058823529,2163.192436925927,2727.360076814814,1200.0,37194.569905,15867.009985227,0.0,0,0.0,15867.009985227,12704.425412037042
2025-03-08,True,0.85,0.15,rule,366.9897731246558,0.9714285714285714,2727.360076814814,2600.4845652592617,1200.0,33050.7119574,14247.61520409564,0.0,0,0.0,14247.61520409564,11287.84474250288
2025-03-09,True,0.85,0.15,rule,363.2763279635316,0.9444444444444444,2600.4845652592617,2078.6270975185207,1200.0,78359.1730976,50377.25798290776,0.0,0,0.0,50377.25798290776,11853.432371662559
2025-03-10,True,0.8,0.2,rule,337.09433666547693,0.8108108108108109,2078.6270975185207,1884.8140793333357,1200.0,76175.5935934,50244.39611887564,0.0,0,0.0,50244.39611887564,4384.4765169135835
2025-03-11,True,0.8,0.2,rule,312.0000336668382,0.7894736842105263,1884.8140793333357,1461.1063768888896,1200.0,71516.289703,45539.295335270406,451.01969493332854,3,2906.883773872386,48446.179109142795,4514.698711370378
2025-03-12,True,0.8,0.2,rule,309.96361883866666,0.7692307692307693,1461.1063768888896,1717.5386208888904,1200.0,73652.90281999999,46203.203584742,0.0,0,0.0,46203.203584742,7073.1057930864245
2025-03-13,True,0.8,0.2,rule,311.0765744198616,0.775,1717.5386208888904,1917.8508586296311,1200.0,75530.46314539999,49085.04369040016,0.0,0,0.0,49085.04369040016,3536.8038907407454
2025-03-14,True,0.8,0.2,rule,342.4792806874922,0.8536585365853658,1917.8508586296311,2773.5042233703707,1200.0,34038.175813,14167.4827561316,0.0,0,0.0,14167.4827561316,14171.250342588475
2025-03-15,True,0.8,0.2,rule,342.22687834419185,0.8095238095238095,2773.5042233703707,1750.3991194444452,1200.0,31617.4455934,13554.068458678259,0.0,0,0.0,13554.068458678259,9135.081904342389
2025-03-16,True,0.85,0.15,rule,350.48803144494593,0.8837209302325582,1750.3991194444452,2329.3552057037055,1200.0,75939.66934800001,48481.14577012081,1.6400000000001,1,8.081100000000493,48489.226870120816,8305.018414913586
2025-03-17,True,0.8,0.2,rule,337.2608723900994,0.7727272727272727,2329.3552057037055,2140.7666964814866,1200.0,73796.2898079,45644.165209556195,0.0,0,0.0,45644.165209556195,12641.426612755971
2025-03-18,True,0.85,0.15,rule,356.0774663157589,0.8888888888888888,2140.7666964814866,1613.896224333336,1200.0,70410.90845,43884.192819477,0.0,0,0.0,43884.192819477,5827.971250493839
2025-03-19,True,0.8,0.2,rule,348.02159387529974,0.8260869565217391,1613.896224333336,2258.5495027407396,1200.0,71779.76527,44328.232753182994,0.0,0,0.0,44328.232753182994,7712.519168641987
2025-03-20,True,0.85,0.15,rule,356.9542544475519,0.8936170212765957,2258.5495027407396,2209.611952814819,1200.0,73660.46147,46861.488875334006,0.0,0,0.0,46861.488875334006,7403.445408065832
2025-03-21,True,0.8,0.2,rule,324.2421236212965,0.6875,2209.611952814819,2169.187549148149,1200.0,32035.005704000003,13248.5651084909,0.0,0,0.0,13248.5651084909,17157.69659013169
2025-03-22,True,0.8,0.2,rule,328.4821579310494,0.6938775510204082,2169.187549148149,2533.6132909629623,1200.0,31767.732488999998,13146.807317000501,0.0,0,0.0,13146.807317000501,12882.774087971196
2025-03-23,True,0.8,0.2,rule,313.7686863340265,0.66,2533.6132909629623,1750.8624849629628,1200.0,69235.001493,42644.9480208284,0.0,0,0.0,42644.9480208284,7350.374161851855
2025-03-24,True,0.8,0.2,rule,318.88313335652913,0.6666666666666666,1750.8624849629628,2093.0822465555584,1200.0,69578.93685,42961.5722511,0.0,0,0.0,42961.5722511,7301.998504855962
2025-03-25,True,0.7,0.3,rule,287.4059053723169,0.46153846153846156,2093.0822465555584,1237.7823150000002,1200.0,62487.06958,38201.388293614,1685.504584199996,17,9452.42048752338,47653.808781137384,131.6764833333342
2025-03-26,True,0.8,0.2,rule,306.1091187779293,0.5471698113207547,1237.7823150000002,1894.3414124074113,1200.0,69766.929934,42296.125574711405,0.0,0,0.0,42296.125574711405,9657.97544477367
2025-03-27,True,0.8,0.2,rule,312.0022402364577,0.6481481481481481,1894.3414124074113,2021.4978392592616,1200.0,68910.63992,42144.997696709,0.0,0,0.0,42144.997696709,6088.9211964609185
2025-03-28,True,0.8,0.2,rule,316.75866521279465,0.6727272727272727,2021.4978392592616,2407.2775564814806,1200.0,31132.5614012,12662.431912791359,0.0,0,0.0,12662.431912791359,17112.611098278194
2025-03-29,True,0.7,0.3,rule,298.95430560430884,0.48214285714285715,2407.2775564814806,2028.4360031851893,1200.0,29464.694439500003,12017.71998379515,0.0,0,0.0,12017.71998379515,19568.171069804524
2025-03-30,True,0.8,0.2,rule,321.3521851509636,0.7017543859649122,2028.4360031851893,2163.154395740741,1200.0,66254.2646,39992.625427731,0.0,0,0.0,39992.625427731,7058.532029629641
2025-03-31,True,0.8,0.2,rule,307.918821976645,0.5517241379310345,2163.154395740741,2307.4559344444465,1200.0,66133.200092,40390.9309858994,0.0,0,0.0,40390.9309858994,5487.110088024702
2025-04-01,True,0.8,0.2,rule,323.84258566224037,0.711864406779661,2307.4559344444465,1350.8593742222226,1200.0,61411.046011,38154.7763793671,1373.4751543333323,3,8982.276733158826,47137.05311252592,22.865983333333702
2025-04-02,True,0.85,0.15,rule,371.7648943313512,0.9833333333333333,1350.8593742222226,1950.5582163333331,1200.0,67335.707071,41186.825133503604,915.291952933333,7,4854.016323537133,46040.84145704073,3104.603010456795
2025-04-03,True,0.85,0.15,rule,399.4668669642135,1.0,1950.5582163333331,2185.217316333336,1200.0,69110.34245,42574.750939289006,0.0,0,0.0,42574.750939289006,9065.118677654322
2025-04-04,True,0.85,0.15,rule,402.60008775594355,1.0,2185.217316333336,2826.2267404074087,1200.0,31535.175863,12866.3894671706,0.0,0,0.0,12866.3894671706,21817.601877074077
2025-04-05,True,0.85,0.15,rule,424.12743265087397,1.0,2826.2267404074087,2181.6740213703697,1200.0,29507.646555,12195.081950531501,0.0,0,0.0,12195.081950531501,15717.9838298107
2025-04-06,True,0.85,0.15,rule,407.7371418458876,0.984375,2181.6740213703697,2193.0054140740754,1200.0,68072.98,41759.531230174,0.0,0,0.0,41759.531230174,10058.242982386837
2025-04-07,True,0.85,0.15,rule,408.23463726634975,0.9846153846153847,2193.0054140740754,2262.876308037041,1200.0,67609.78458,40965.183905541,0.0,0,0.0,40965.183905541,10902.797220452678
2025-04-08,True,0.85,0.15,rule,416.137829790362,0.9848484848484849,2262.876308037041,1361.9560371851858,1200.0,63542.95175,37746.493689527,122.43450880000057,1,830.9630112256039,38577.456700752606,6327.7406688888905
2025-04-09,True,0.85,0.15,rule,367.1264241587446,0.8805970149253731,1361.9560371851858,1609.9519095925955,1200.0,66006.6982,39769.389823241996,0.0,0,0.0,39769.389823241996,2691.084933333334
2025-04-10,True,0.8,0.2,rule,347.48309190639924,0.7352941176470589,1609.9519095925955,2098.6037256666696,1200.0,65441.373657000004,39441.442991201904,0.0,0,0.0,39441.442991201904,6472.763929176957
2025-04-11,True,0.8,0.2,rule,351.7012459998441,0.782608695652174,2098.6037256666696,2208.707747629629,1200.0,29202.862309999997,11774.5099343703,0.0,0,0.0,11774.5099343703,21151.714030497948
2025-04-12,True,0.8,0.2,rule,342.80222360760473,0.7142857142857143,2208.707747629629,2395.343969666667,1200.0,28883.193019,11394.190948775402,0.0,0,0.0,11394.190948775402,17452.878572921807
2025-04-13,True,0.8,0.2,rule,344.0671583275228,0.7183098591549296,2395.343969666667,2078.2418020370405,1200.0,63202.493467,38588.0063622269,0.0,0,0.0,38588.0063622269,5481.804949279835
2025-04-14,True,0.8,0.2,rule,344.964785296192,0.7222222222222222,2078.2418020370405,1939.683505111114,1200.0,63512.15272,38091.018189613,0.0,0,0.0,38091.018189613,7429.987655308647
2025-04-15,True,0.8,0.2,rule,322.8267715280623,0.5753424657534246,1939.683505111114,1635.5788354444458,1200.0,60902.522428,35939.5982997598,0.0,0,0.0,35939.5982997598,7515.60784654322
2025-04-16,True,0.8,0.2,rule,348.7525302751809,0.7567567567567568,1635.5788354444458,1533.736058444448,1200.0,62489.454195000006,37542.200414816005,0.0,0,0.0,37542.200414816005,3075.4766227572054
2025-04-17,True,0.8,0.2,rule,326.98184192322395,0.6,1533.736058444448,2161.752801333336,1200.0,63335.263399999996,37781.977551528995,0.0,0,0.0,37781.977551528995,5916.585627942395
2025-04-18,True,0.8,0.2,rule,317.961784179469,0.5263157894736842,2161.752801333336,2534.648979,1200.0,28837.717206,11568.300046951399,0.0,0,0.0,11568.300046951399,19561.010244806588
2025-04-19,True,0.7,0.3,rule,299.135969715665,0.36363636363636365,2534.648979,1998.0752599999973,1200.0,26674.575045,10637.759181164602,0.0,0,0.0,10637.759181164602,18085.361945123455
2025-04-20,True,0.7,0.3,rule,298.4257632394972,0.34615384615384615,1998.0752599999973,1908.3786122962974,1200.0,59220.892051999996,35289.729340512,0.0,0,0.0,35289.729340512,3591.125460024697
2025-04-21,True,0.7,0.3,rule,299.6732747846999,0.379746835443038,1908.3786122962974,1464.1905189259264,1200.0,58894.886584,34767.5325576446,0.0,0,0.0,34767.5325576446,7285.224307827168
2025-04-22,True,0.8,0.2,rule,318.7120056760856,0.55,1464.1905189259264,1620.246814777778,1200.0,58693.542892,34815.2420493412,0.0,0,0.0,34815.2420493412,2718.866329958864
2025-04-23,True,0.7,0.3,rule,295.26938209096505,0.3333333333333333,1620.246814777778,1460.0600648518532,1200.0,57667.39185,34617.252751562,0.0,0,0.0,34617.252751562,2686.506832757209
2025-04-24,True,0.7,0.3,rule,296.2385898359026,0.34146341463414637,1460.0600648518532,1748.8704719259276,1200.0,59359.703109,35327.0222612495,0.0,0,0.0,35327.0222612495,8173.785632827162
2025-04-25,True,0.8,0.2,rule,315.4342004180287,0.5301204819277109,1748.8704719259276,2175.265199370373,1200.0,27864.68157,10776.9937085372,0.0,0,0.0,10776.9937085372,22923.45956765432
2025-04-26,True,0.8,0.2,rule,316.3715258951089,0.5357142857142857,2175.265199370373,2033.5998364074098,1200.0,26755.689234,10428.688026357999,0.0,0,0.0,10428.688026357999,24725.28665928807
2025-04-27,True,0.8,0.2,rule,351.3922909327785,0.8117647058823529,2033.5998364074098,1817.4326463333325,1200.0,58007.202451,34134.409777065506,0.0,0,0.0,34134.409777065506,5953.059590386835
2025-04-28,True,0.8,0.2,rule,356.3472927013653,0.8372093023255814,1817.4326463333325,1585.6560120000006,1200.0,57978.87564499999,35071.442239593,2048.876388499996,6,13073.532027547126,48144.974267140125,214.1565166666678
2025-04-29,True,0.85,0.15,rule,414.21915569229594,0.9770114942528736,1585.6560120000006,1704.7236240000009,1200.0,58601.600775,34308.834245880906,488.9915731000002,1,3236.1462307758015,37544.98047665671,8074.108019465025
2025-04-30,True,0.85,0.15,rule,414.94108059336577,0.9772727272727273,1704.7236240000009,1641.0593061481507,1200.0,59289.765071,34569.3818250254,0.0,0,0.0,34569.3818250254,7720.369161041161
2025-05-01,True,0.85,0.15,rule,423.6278535025479,0.9887640449438202,1641.0593061481507,1222.837434,1200.0,60209.684424,36664.4049825886,1710.4670696999992,19,8567.612639625764,45232.017622214364,7380.06569511112
2025-05-02,True,0.85,0.15,rule,421.81704479535637,0.9777777777777777,1222.837434,1384.564565592593,1200.0,29813.458751899998,12704.85826815372,154.53893483333303,4,760.673122276915,13465.531390430635,12819.635365292183
2025-05-03,True,0.85,0.15,rule,454.5254775954995,1.0,1384.564565592593,1343.5292355555555,1200.0,29192.311839,12174.9413444251,223.42581413333156,6,952.3104622362579,13127.251806661357,18169.747469588478
2025-05-04,True,0.85,0.15,rule,411.53665838186936,0.9239130434782609,1343.5292355555555,1239.8656464444446,1200.0,63628.228787,39054.0116465833,545.6479531333321,11,2892.332095986926,41946.34374257022,9265.331648604937
2025-05-05,True,0.85,0.15,rule,417.1026298305157,0.956989247311828,1239.8656464444446,2342.7897062518537,1200.0,66665.83298496,41230.81481406776,0.0,0,0.0,41230.81481406776,6667.850809362147
2025-05-06,True,0.8,0.2,rule,378.75502432158567,0.8617021276595744,2342.7897062518537,1625.9045470370372,1200.0,60945.475823,38120.6952777548,0.0,0,0.0,38120.6952777548,5110.64378422634
2025-05-07,True,0.8,0.2,rule,380.8659935102691,0.8631578947368421,1625.9045470370372,1643.1089981851867,1200.0,62649.424296,39023.001000547,0.0,0,0.0,39023.001000547,3866.9844524691325
2025-05-08,True,0.8,0.2,rule,365.85182370263425,0.8020833333333334,1643.1089981851867,2342.7392810111105,1200.0,65056.63205781,41179.564901407255,0.0,0,0.0,41179.564901407255,4795.553543205764
2025-05-09,True,0.8,0.2,rule,369.717031605596,0.8247422680412371,2342.7392810111105,3539.272479851854,1200.0,31232.6904425,14025.1456667128,0.0,0,0.0,14025.1456667128,18994.011548150207
2025-05-10,True,0.8,0.2,rule,332.8480274302653,0.5714285714285714,3539.272479851854,2584.3124122222252,1200.0,28751.3861609,13044.131158172611,0.0,0,0.0,13044.131158172611,15568.003044674893
2025-05-11,True,0.8,0.2,rule,347.8548082269922,0.6666666666666666,2584.3124122222252,1834.0958401148187,1200.0,63858.199651970004,39821.134642187084,53.16201666666677,3,357.5388278916674,40178.67347007875,5796.97112374487
2025-05-12,True,0.8,0.2,rule,341.0740498931555,0.59,1834.0958401148187,2400.897060962963,1200.0,65233.878769999996,40636.64005632201,0.0,0,0.0,40636.64005632201,9597.083286794244
2025-05-13,True,0.8,0.2,rule,366.12621550519697,0.801980198019802,2400.897060962963,1443.2088593703706,1200.0,60886.056809999995,37202.864875669,274.27880806666474,6,1677.3275043219537,38880.19237999096,5580.551876131696
2025-05-14,True,0.8,0.2,rule,348.79815465640957,0.6862745098039216,1443.2088593703706,1621.0269025925936,1200.0,63220.542760000004,38441.04802808601,0.0,0,0.0,38441.04802808601,6648.38795958848
2025-05-15,True,0.8,0.2,rule,347.64073141343414,0.6504854368932039,1621.0269025925936,2254.767277333335,1200.0,64277.88062,39554.57936065099,0.0,0,0.0,39554.57936065099,7272.444952880667
2025-05-16,True,0.8,0.2,rule,338.65812267841255,0.5673076923076923,2254.767277333335,2122.351199592593,1200.0,28576.419576299995,12317.60327584256,0.0,0,0.0,12317.60327584256,23670.708735271197
2025-05-17,True,0.8,0.2,rule,356.93949805424194,0.7523809523809524,2122.351199592593,1973.9429806666685,1200.0,28470.12451662,12202.493448023626,0.0,0,0.0,12202.493448023626,15964.864779183785
2025-05-18,True,0.8,0.2,rule,357.21653348180956,0.7641509433962265,1973.9429806666685,2170.5811251851846,1200.0,62384.7298362,38632.39666989689,5.236666666666679,1,34.42846500000008,38666.825134896884,5042.356907078194
2025-05-19,True,0.8,0.2,rule,362.4563150003689,0.7850467289719626,2170.5811251851846,1869.1405449259253,1200.0,61813.0163,37290.314226439004,79.23650000000009,2,550.829460833334,37841.143687272335,11440.675788312761
2025-05-20,True,0.8,0.2,rule,358.8790443752605,0.7777777777777778,1869.1405449259253,1273.9873980000011,1200.0,59291.747158,36138.716027235,14.938567733332206,1,99.87926386505913,36238.59529110006,1946.5307865020593
2025-05-21,True,0.85,0.15,rule,382.5231017965185,0.8807339449541285,1273.9873980000011,1757.4719760370365,1200.0,62933.17274,38475.217010298,0.0,0,0.0,38475.217010298,7874.46137213992
2025-05-22,True,0.85,0.15,rule,402.08927255295106,0.8909090909090909,1757.4719760370365,2512.043480111112,1200.0,63114.050567000006,38423.0858596476,2.57000000000005,1,16.86434000000033,38439.9501996476,8050.339961979428
2025-05-23,True,0.8,0.2,rule,393.5680498905157,0.8738738738738738,2512.043480111112,2635.665034000003,1200.0,28174.624989000004,12068.524406859,0.0,0,0.0,12068.524406859,19112.259349004118
2025-05-24,True,0.8,0.2,rule,369.6542216103815,0.8125,2635.665034000003,2487.2488081481483,1200.0,27668.727778,12241.761476933298,0.0,0,0.0,12241.761476933298,22024.366476115232
2025-05-25,True,0.8,0.2,rule,370.10441146729414,0.8230088495575221,2487.2488081481483,1939.3021708148178,1200.0,60090.83015,36932.460068930995,0.0,0,0.0,36932.460068930995,8997.355102057614
2025-05-26,True,0.8,0.2,rule,361.7918559530881,0.7456140350877193,1939.3021708148178,2133.921226429631,1200.0,59997.53303542,36750.478531841516,0.0,0,0.0,36750.478531841516,1680.5158674691475
2025-05-27,True,0.8,0.2,rule,360.4799225910562,0.7391304347826086,2133.921226429631,1340.1360175925959,1200.0,57484.003509999995,35195.725747737,0.0,0,0.0,35195.725747737,5670.914392205763
2025-05-28,True,0.8,0.2,rule,342.7485428468488,0.5517241379310345,1340.1360175925959,1661.035129740747,1200.0,59172.158919,36030.2314289332,0.0,0,0.0,36030.2314289332,3084.7880329218196
2025-05-29,True,0.8,0.2,rule,349.3744323766218,0.6410256410256411,1661.035129740747,1891.1570047777807,1200.0,60238.29066,37083.729876114,17.817433333333497,1,119.80442173333444,37203.534297847335,2095.6978799177095
2025-05-30,True,0.8,0.2,rule,364.04242758552766,0.7711864406779662,1891.1570047777807,2689.0022327777815,1200.0,28789.562405,12515.5106549153,0.0,0,0.0,12515.5106549153,18910.05741588478
2025-05-31,True,0.8,0.2,rule,379.238123548826,0.8571428571428571,2689.0022327777815,2547.951963592592,1200.0,27447.945040100003,11597.11103024955,0.0,0,0.0,11597.11103024955,17157.397091367493
2025-06-01,True,0.8,0.2,rule,366.6664341003246,0.7833333333333333,2547.951963592592,1200.0,1200.0,61185.782793000006,41014.4704160126,11469.106375003325,40,70850.03708261086,111864.50749862345,87.23418333333393
2025-06-02,True,0.85,0.15,rule,489.3830750624994,1.0,1200.0,1200.0,1200.0,71449.265106,47311.1630394861,3344.791890999999,19,21544.32759180809,68855.49063129419,2152.6756202057686
2025-06-03,True,0.85,0.15,rule,513.1821569559107,1.0,1200.0,1202.969206518519,1200.0,71221.06671029999,47064.68615420911,1587.6523937666668,22,10259.548797825999,57324.234952035105,503.9214133333344
2025-06-04,True,0.85,0.15,rule,511.93306116504164,0.991869918699187,1202.969206518519,1749.0602324074084,1200.0,76215.21011700001,51493.4237923129,10.626042799999595,3,62.991475368199744,51556.4152676811,1990.4747269135964
2025-06-05,True,0.85,0.15,rule,508.588201736255,0.9838709677419355,1749.0602324074084,1946.2855746666705,1200.0,78432.97114899999,53556.4867962023,56.11045800000022,3,390.4550372673349,53946.94183346963,2856.559525679025
2025-06-06,True,0.85,0.15,rule,508.68531220544065,0.984,1946.2855746666705,1200.0,1200.0,32565.510737,15966.254097012203,2761.8429150333322,15,15580.620545719577,31546.874642731782,2578.6322223456846
2025-06-07,True,0.85,0.15,rule,517.7230808847432,1.0,1200.0,1657.0513325185186,1200.0,36110.218831,18052.463665601397,0.0,0,0.0,18052.463665601397,2152.8524567983545
2025-06-08,True,0.85,0.15,rule,510.2688846353591,0.9763779527559056,1657.0513325185186,2724.3922421481498,1200.0,85410.991999,57977.2539852037,0.0,0,0.0,57977.2539852037,16237.796620987658
2025-06-09,True,0.85,0.15,rule,512.1960527644483,0.984375,2724.3922421481498,2114.887355666669,1200.0,82304.326887,57276.2124943791,67.7700726666668,4,477.6310024976677,57753.84349687677,8624.976822423872
2025-06-10,True,0.85,0.15,rule,484.66466733727435,0.937984496124031,2114.887355666669,1627.5106735925945,1200.0,81669.270765,56131.605900397684,13.998626000000172,2,96.82260216733452,56228.42850256502,6964.366125765437
2025-06-11,True,0.85,0.15,rule,478.7856695918194,0.9307692307692308,1627.5106735925945,1646.847546444445,1200.0,81744.86946399999,55575.010917276595,1280.984731833332,5,8995.530139802577,64570.54105707917,2726.2579849794283
2025-06-12,True,0.85,0.15,rule,481.60196194947747,0.9312977099236641,1646.847546444445,2507.6452075185216,1200.0,85455.257967,59276.8010769113,0.0,0,0.0,59276.8010769113,8255.35775548148
2025-06-13,True,0.85,0.15,rule,475.8258836374112,0.9166666666666666,2507.6452075185216,3605.178914703704,1200.0,41469.752995,21432.0670610148,0.0,0,0.0,21432.0670610148,9473.78479199589
2025-06-14,True,0.85,0.15,rule,431.59952002871375,0.9022556390977443,3605.178914703704,2567.926326333333,1200.0,37716.521473600005,19772.51750812232,0.0,0,0.0,19772.51750812232,10188.492455204938
2025-06-15,True,0.8,0.2,rule,404.09638029100523,0.8208955223880597,2567.926326333333,2420.1974828518532,1200.0,82249.17736599999,56636.8326791304,5.016469333333362,1,33.908824458666864,56670.741503589066,8041.146529905358
2025-06-16,True,0.8,0.2,rule,363.6012561761931,0.674074074074074,2420.1974828518532,2098.9390070000004,1200.0,82483.68425399999,57205.247750096896,24.762771000000043,3,167.00038895450032,57372.24813905139,6202.772656337455
2025-06-17,True,0.8,0.2,rule,357.24422310363286,0.6176470588235294,2098.9390070000004,1247.0000160000002,1200.0,81122.40627800001,55846.2745669648,615.826585966664,4,4164.419209168834,60010.69377613363,4079.342992098767
2025-06-18,True,0.8,0.2,rule,373.8202987105449,0.7591240875912408,1247.0000160000002,2042.5456754814827,1200.0,82614.19719199999,56815.023627805305,0.0,0,0.0,56815.023627805305,7369.970713950623
2025-06-19,True,0.7,0.3,rule,329.6149144725437,0.4057971014492754,2042.5456754814827,1879.574458074076,1200.0,79339.815562,53741.6474958505,133.71773233333352,3,928.9821685785013,54670.629664429,7505.50730686009
2025-06-20,True,0.8,0.2,rule,352.6723149898553,0.5755395683453237,1879.574458074076,2249.9516462222236,1200.0,35733.933468999996,18235.7899296563,0.0,0,0.0,18235.7899296563,10480.81228245679
2025-06-21,True,0.7,0.3,rule,331.8025309100072,0.40714285714285714,2249.9516462222236,2359.7051020370354,1200.0,34165.926565,17032.8960468621,0.0,0,0.0,17032.8960468621,12177.801661748972
2025-06-22,True,0.8,0.2,rule,373.57196495819204,0.7588652482269503,2359.7051020370354,2275.473692740742,1200.0,80555.74656999999,54970.1354336108,0.0,0,0.0,54970.1354336108,9667.928277292182
2025-06-23,True,0.8,0.2,rule,380.94822315182324,0.7887323943661971,2275.473692740742,1830.1470412222268,1200.0,79628.72734499999,53499.354471934595,0.0,0,0.0,53499.354471934595,9207.991098349801
2025-06-24,True,0.8,0.2,rule,384.4878400650436,0.7972027972027972,1830.1470412222268,1509.664556518519,1200.0,77546.78654,53426.92781597549,3054.996859296666,15,18918.61530406503,72345.54312004053,524.8814579012416
2025-06-25,True,0.85,0.15,rule,431.7028061111982,0.9097222222222222,1509.664556518519,2175.5258483703715,1200.0,80661.529913,54395.9462669789,0.0,0,0.0,54395.9462669789,5430.044156065852
2025-06-26,True,0.85,0.15,rule,450.2790949036238,0.9103448275862069,2175.5258483703715,1989.6247603333334,1200.0,81362.774712,54345.333465234406,48.54603833333317,2,341.2369656008322,54686.570430835236,10161.14841428807
2025-06-27,True,0.85,0.15,rule,442.2265934856479,0.9041095890410958,1989.6247603333334,2602.6585814444447,1200.0,34926.007765999995,17207.2807372877,0.0,0,0.0,17207.2807372877,12001.106082954733
2025-06-28,True,0.85,0.15,rule,447.94752238053906,0.9047619047619048,2602.6585814444447,2465.3847636296327,1200.0,34105.604386,16983.2099021267,0.0,0,0.0,16983.2099021267,10264.179845341567
2025-06-29,True,0.8,0.2,rule,417.05092802043305,0.8513513513513513,2465.3847636296327,2419.2237422962967,1200.0,79588.853758,54542.653784973496,0.0,0,0.0,54542.653784973496,6662.724032469144
2025-06-30,True,0.8,0.2,rule,416.7358390345039,0.8456375838926175,2419.2237422962967,2064.610863407408,1200.0,79547.08562,53743.01820482541,28.091370666666762,3,198.26508514516735,53941.283289970575,6481.551382942388
2025-07-01,True,0.8,0.2,rule,414.1748074883834,0.82,2064.610863407408,1200.0,1200.0,78323.543397,57258.76291943151,4548.562181839997,37,28407.89237565225,85666.65529508376,846.5220733333341
2025-07-02,True,0.8,0.2,rule,396.7704690188564,0.7682119205298014,1200.0,1541.5785258888907,1200.0,88890.947362,65259.755252120594,421.3733548333324,12,1801.5506427559144,67061.30589487651,12818.313509325102
2025-07-03,True,0.8,0.2,rule,415.53154604684175,0.8355263157894737,1541.5785258888907,1974.9307915185195,1200.0,93283.18408,70507.468383701,9.36609999999996,1,83.99518479999965,70591.463568501,9114.152151399181
2025-07-04,True,0.8,0.2,rule,413.2936595961428,0.8104575163398693,1974.9307915185195,1200.0,1200.0,37695.352721999996,21676.016782949002,3377.0001814666653,46,11568.515667692584,33244.532450641585,10443.930207144032
2025-07-05,True,0.85,0.15,rule,444.7519304614437,0.9025974025974026,1200.0,1283.3622606666675,1200.0,43544.101928,24532.5214069726,222.77768359999905,5,1043.4069540820606,25575.92836105466,12474.913369522634
2025-07-06,True,0.85,0.15,rule,457.9866229731296,0.9225806451612903,1283.3622606666675,1705.7321673703716,1200.0,90554.640107,68005.3957673062,49.51803523333297,1,439.0021413611134,68444.3979086673,6372.316482884777
2025-07-07,True,0.85,0.15,rule,461.9911720612181,0.9230769230769231,1705.7321673703716,2371.6979560000013,1200.0,93222.247357,69160.62968865939,0.0,0,0.0,69160.62968865939,15874.100731032926
2025-07-08,True,0.85,0.15,rule,478.73762095779017,0.9299363057324841,2371.6979560000013,2877.0711682592582,1200.0,90194.95137600001,67270.4715743339,0.0,0,0.0,67270.4715743339,10410.064145588476
2025-07-09,True,0.85,0.15,rule,451.1867446933466,0.8987341772151899,2877.0711682592582,2459.1727316666684,1200.0,87697.754139,65458.372302479496,7.875563333333275,1,68.58040550666617,65526.952707986165,10508.079504226338
2025-07-10,True,0.8,0.2,rule,429.2721268697576,0.8553459119496856,2459.1727316666684,1761.758133370372,1200.0,85662.636108,63812.3761095284,52.8045033333334,3,448.5802131000006,64260.9563226284,9742.759677670787
2025-07-11,True,0.8,0.2,rule,427.22599524491983,0.85,1761.758133370372,2407.0655606666705,1200.0,49172.804437499995,27910.47656690645,0.0,0,0.0,27910.47656690645,13487.292556306582
2025-07-12,True,0.8,0.2,rule,424.9047630357402,0.84472049689441,2407.0655606666705,1784.9590815925944,1200.0,43694.762093,25313.1422522328,0.0,0,0.0,25313.1422522328,10913.529474316874
2025-07-13,True,0.8,0.2,rule,408.6335704384973,0.7592592592592593,1784.9590815925944,2293.1893076666674,1200.0,86442.40499000001,62330.90136251479,5.971770000000106,1,51.79017532500092,62382.6915378398,13181.607521810702
2025-07-14,True,0.8,0.2,rule,413.0747821078505,0.7668711656441718,2293.1893076666674,2135.2503508518535,1200.0,84796.9875082,61946.47878028106,17.389950000000226,2,148.14405816833525,62094.622838449395,9786.715090504531
2025-07-15,True,0.8,0.2,rule,400.51943287676795,0.7195121951219512,2135.2503508518535,2511.43312925926,1200.0,83936.73756499999,61684.8032915255,0.0,0,0.0,61684.8032915255,7278.700895925926
2025-07-16,True,0.8,0.2,rule,410.78177396603274,0.7575757575757576,2511.43312925926,1800.4537434444471,1200.0,82143.193799,61111.3516921323,40.81747666666661,2,341.38302770833286,61452.734719840635,7326.195264514411
2025-07-17,True,0.8,0.2,rule,419.256160356492,0.8253012048192772,1800.4537434444471,1756.2767112962983,1200.0,83677.99714,61508.304362864,19.686836666666977,2,167.83033625333593,61676.134699117334,6989.699866172848
2025-07-18,True,0.8,0.2,rule,425.1068514326306,0.8502994011976048,1756.2767112962983,2017.889156703703,1200.0,43839.463814,24983.664028584702,0.0,0,0.0,24983.664028584702,9969.048993135808
2025-07-19,True,0.8,0.2,rule,395.69345296531674,0.6904761904761905,2017.889156703703,2019.3973396666668,1200.0,43089.8845655,24642.866683304797,0.0,0,0.0,24642.866683304797,13687.187382783952
2025-07-20,True,0.8,0.2,rule,391.0821700944538,0.6804733727810651,2019.3973396666668,2265.9295535185174,1200.0,82538.49061000001,60511.907466565004,0.0,0,0.0,60511.907466565004,6533.317165349803
2025-07-21,True,0.7,0.3,rule,356.0398440233742,0.4823529411764706,2265.9295535185174,2189.7458302962987,1200.0,80453.84016,60127.103358461005,3.8187133333334486,1,33.06432939666767,60160.16768785767,2723.9433475720148
2025-07-22,True,0.7,0.3,rule,354.4448312807084,0.47953216374269003,2189.7458302962987,1269.7222484074075,1200.0,77972.56921,57264.486519419996,207.91179583333349,6,1747.7783160500012,59012.26483547,1381.552987119348
2025-07-23,True,0.7,0.3,rule,343.04667839011114,0.3953488372093023,1269.7222484074075,1604.2966494814827,1200.0,81005.61861,59129.501029897,25.94915666666691,4,219.61698665666873,59349.11801655367,2386.600636419762
2025-07-24,True,0.7,0.3,rule,334.1927955201891,0.34104046242774566,1604.2966494814827,1757.4302435555599,1200.0,82022.33989999999,60414.199873018006,0.0,0,0.0,60414.199873018006,4243.038998930046
2025-07-25,True,0.7,0.3,rule,343.3370456057488,0.40229885057471265,1757.4302435555599,1838.5239325925927,1200.0,41421.844389000005,23435.7005211136,0.0,0,0.0,23435.7005211136,12449.836835214
2025-07-26,True,0.7,0.3,rule,330.8645256439368,0.32571428571428573,1838.5239325925927,1688.8272061851885,1200.0,41252.6925824,23664.431251434944,0.0,0,0.0,23664.431251434944,10627.619573428803
2025-07-27,True,0.7,0.3,rule,336.0817964676113,0.3465909090909091,1688.8272061851885,2133.864815925927,1200.0,81093.578551,59529.2603934222,0.0,0,0.0,59529.2603934222,2782.0615647037125
2025-07-28,True,0.7,0.3,rule,342.9942941183715,0.4011299435028249,2133.864815925927,1314.5054374444449,1200.0,80805.297529,59681.6920222337,1257.1220697099977,6,10408.711963131416,70090.40398536512,959.0788986008239
2025-07-29,True,0.8,0.2,rule,360.7194664939871,0.5617977528089888,1314.5054374444449,2134.3078080740747,1200.0,84513.489783,62046.3651819038,8.640190000000189,2,72.45104090666828,62118.81622281047,3730.307793288076
2025-07-30,True,0.8,0.2,rule,358.82888978797416,0.547486033519553,2134.3078080740747,2292.261347555557,1200.0,84182.465207,62577.355494788004,0.0,0,0.0,62577.355494788004,6153.706918810703
2025-07-31,True,0.8,0.2,rule,361.2963215967735,0.5666666666666667,2292.261347555557,1833.7611397407438,1200.0,85024.8916683,62425.113530079405,11.54515333333336,2,95.99725501000023,62521.110785089404,6833.8115824563865
2025-08-01,True,0.7,0.3,rule,339.8575680611424,0.35911602209944754,1833.7611397407438,1849.1345403703706,1200.0,40930.986150900004,23226.74053667116,0.0,0,0.0,23226.74053667116,17285.443469089307
2025-08-02,True,0.8,0.2,rule,383.3119425083682,0.6923076923076923,1849.1345403703706,2355.1138458888904,1200.0,42282.7560491,23838.43395087136,0.0,0,0.0,23838.43395087136,18742.802246441563
2025-08-03,True,0.8,0.2,rule,417.2149154741338,0.8306010928961749,2355.1138458888904,1507.7385160000013,1200.0,82462.0858,58529.799012345,127.46248000000037,6,1065.1504039466697,59594.94941629167,17330.743634403294
2025-08-04,True,0.85,0.15,rule,471.4627103850217,0.9293478260869565,1507.7385160000013,2544.7097981111115,1200.0,84400.00554,60514.606826375995,0.0,0,0.0,60514.606826375995,14753.861806008234
2025-08-05,True,0.85,0.15,rule,455.47318176348443,0.9135135135135135,2544.7097981111115,2287.5802270000013,1200.0,80783.62778000001,57814.784484772,0.0,0,0.0,57814.784484772,12405.729531563786
2025-08-06,True,0.8,0.2,rule,430.8392323093715,0.8655913978494624,2287.5802270000013,1486.817504148149,1200.0,75956.451207,55623.4554060738,165.4086256000033,3,1395.283256454746,57018.73866252854,5372.16318827573
2025-08-07,True,0.85,0.15,rule,445.0948489640354,0.8877005347593583,1486.817504148149,2062.0492830000017,1200.0,78904.77668000001,56579.875704622995,23.02937666666685,2,196.1522126416682,56776.02791726466,11085.322777037041
2025-08-08,True,0.85,0.15,rule,448.93361717285393,0.8936170212765957,2062.0492830000017,2488.3766525925953,1200.0,42085.5593313,23502.72305901101,0.0,0,0.0,23502.72305901101,23494.313527630868
2025-08-09,True,0.8,0.2,rule,436.4192027979019,0.8677248677248677,2488.3766525925953,2055.11487325926,1200.0,39608.83804,22564.345544963304,0.0,0,0.0,22564.345544963304,19009.427366419754
2025-08-10,True,0.8,0.2,rule,418.4701533678918,0.8052631578947368,2055.11487325926,2307.150885555559,1200.0,75207.51362,55449.926127324994,10.612690000000043,1,92.98308343500038,55542.90921075999,6283.14626320988
2025-08-11,True,0.8,0.2,rule,366.36115079000496,0.581151832460733,2307.150885555559,1867.5094353333343,1200.0,74790.69591,53661.983399469,34.08365666666657,2,299.80892186166585,53961.792321330664,7089.0024702469245
2025-08-12,True,0.8,0.2,rule,359.1045861400577,0.5260416666666666,1867.5094353333343,1789.4822941851855,1200.0,73818.95059000001,54080.728869608996,299.607974433335,4,2508.884538547997,56589.61340815699,2905.6469302057667
2025-08-13,True,0.8,0.2,rule,375.5552312988979,0.6373056994818653,1789.4822941851855,2245.0279352222237,1200.0,74307.97020000001,54069.721372686996,11.395173333333332,1,98.72208417333331,54168.44345686033,4255.118440534981
2025-08-14,True,0.8,0.2,rule,370.3382323862617,0.6134020618556701,2245.0279352222237,1841.045131555559,1200.0,74731.42616999999,54627.15182018399,51.92495666666662,2,445.13976656666625,55072.29158675066,5291.981507078191
2025-08-15,True,0.8,0.2,rule,365.59504751678264,0.5641025641025641,1841.045131555559,1944.76707862963,1200.0,40406.101171999995,22893.1430980294,0.0,0,0.0,22893.1430980294,20711.51294265844
2025-08-16,True,0.7,0.3,rule,353.0714264266786,0.45408163265306123,1944.76707862963,1636.6259572962986,1200.0,39366.4237218,22179.98224801158,0.0,0,0.0,22179.98224801158,20229.71008797284
2025-08-17,True,0.8,0.2,rule,358.10366283879705,0.5025380710659898,1636.6259572962986,2190.3603906296307,1200.0,75692.1374,54535.072513894,75.09001999999998,3,625.9073471033332,55160.97986099734,8483.228691069964
2025-08-18,True,0.7,0.3,rule,353.2854496448621,0.45454545454545453,2190.3603906296307,1911.020172074078,1200.0,71360.3146905,52492.2883596115,174.8913195666646,6,1312.9649538478911,53805.25331345939,3662.2291984423896
2025-08-19,True,0.7,0.3,rule,353.35858748256356,0.457286432160804,1911.020172074078,1554.5382090740757,1200.0,70444.41096000001,51813.600033271,120.34186666666676,5,1015.1520784716676,52828.75211174267,3085.1326850617324
2025-08-20,True,0.7,0.3,rule,330.50146226796363,0.285,1554.5382090740757,1437.0117063333337,1200.0,70175.02583999999,51991.88029381401,4070.274491966655,14,28899.51571559495,80891.39600940896,386.9255333333341
2025-08-21,True,0.8,0.2,rule,369.99559741669646,0.6169154228855721,1437.0117063333337,2016.1450307777775,1200.0,75405.53292999999,54677.183950461,4.895746666666582,1,40.152466286665984,54717.33641674767,5204.292787037041
2025-08-22,True,0.8,0.2,rule,372.7580191281536,0.6386138613861386,2016.1450307777775,1653.9073541111122,1200.0,40906.928946,23262.5724314354,0.0,0,0.0,23262.5724314354,17436.693652427984
2025-08-23,True,0.8,0.2,rule,368.017620352654,0.6009852216748769,1653.9073541111122,2006.1734911111118,1200.0,41429.163583,23070.924374358598,0.0,0,0.0,23070.924374358598,16234.800270547326
2025-08-24,True,0.8,0.2,rule,365.2882068716049,0.5637254901960784,2006.1734911111118,2187.9780030740753,1200.0,76240.88438,55045.10116199299,0.0,0,0.0,55045.10116199299,8623.734852263375
2025-08-25,True,0.8,0.2,rule,378.29890176024924,0.6585365853658537,2187.9780030740753,1857.8225581111155,1200.0,76709.8383,55846.320966691004,1.4399033333334046,1,12.072149546667264,55858.39311623767,2362.1104845679083
2025-08-26,True,0.8,0.2,rule,384.5828452147161,0.6941747572815534,1857.8225581111155,2214.312228296297,1200.0,76430.33951,54764.87529878301,13.598273333333509,2,114.82869303166815,54879.70399181468,6720.149196707832
2025-08-27,True,0.8,0.2,rule,390.80918450297287,0.6956521739130435,2214.312228296297,1644.8400085925985,1200.0,75391.62763,54236.762774064,0.6473833333334369,1,5.350946941667522,54242.11372100567,4117.3549006584435
2025-08-28,True,0.7,0.3,rule,354.29626754770715,0.44711538461538464,1644.8400085925985,1385.7671087037043,1200.0,73656.103456,53703.043024955,1064.3949739666568,15,6919.354644319103,60622.3976692741,173.09055333333413
2025-08-29,True,0.8,0.2,rule,389.82760644338174,0.69377990430622,1385.7671087037043,2276.3998495925953,1200.0,42884.495551,24184.692742086,0.0,0,0.0,24184.692742086,16742.75639614404
2025-08-30,True,0.8,0.2,rule,389.17115670475863,0.6904761904761905,2276.3998495925953,1837.1567335555583,1200.0,41281.027076,23315.781533540598,0.0,0,0.0,23315.781533540598,20821.9270259177
2025-08-31,True,0.8,0.2,rule,407.60825915980627,0.7440758293838863,1837.1567335555583,2393.9571011851845,1200.0,78420.197269,56336.660059778405,12.62863666666658,1,107.55809848999925,56444.218158268406,7348.26732373252
2025-09-01,True,0.8,0.2,rule,389.0909823586058,0.6839622641509434,2393.9571011851845,5658.569806000003,1200.0,78062.462103,50536.0044867276,0.0,0,0.0,50536.0044867276,17829.236714691368
2025-09-02,True,0.85,0.15,rule,438.48134348162597,0.8826291079812206,5658.569806000003,2952.405386,1200.0,63950.05566299999,41076.261817387494,0.0,0,0.0,41076.261817387494,9198.675676213998
2025-09-03,True,0.85,0.15,rule,436.878918299556,0.8785046728971962,2952.405386,2053.2977405962965,1200.0,65582.15797287,42623.53085457985,0.0,0,0.0,42623.53085457985,7640.274324485597
2025-09-04,True,0.8,0.2,rule,431.1662591910457,0.8604651162790697,2053.2977405962965,1846.7590888888897,1200.0,64223.62789825001,40944.21345144583,76.82813415000135,2,528.9796786708511,41473.193130116684,6668.984608687245
2025-09-05,True,0.8,0.2,rule,392.5268438184012,0.6944444444444444,1846.7590888888897,5311.198234296295,1200.0,39957.136717,19650.410925131597,0.0,0,0.0,19650.410925131597,27045.629717781892
2025-09-06,True,0.8,0.2,rule,418.03993824747147,0.8110599078341014,5311.198234296295,3561.941947814818,1200.0,31298.350405999998,15221.646118550201,0.0,0,0.0,15221.646118550201,23070.932591102875
2025-09-07,True,0.8,0.2,rule,431.7454260096641,0.8715596330275229,3561.941947814818,2176.433487129633,1200.0,62297.376781650004,39974.374670856545,10.860564066666711,1,73.2273532195003,40047.60202407605,5043.621197127578
2025-09-08,True,0.85,0.15,rule,437.3527562522704,0.8812785388127854,2176.433487129633,1200.0,1200.0,62380.9881981,39861.3696929092,1557.5044291333327,16,9042.729435151716,48904.099128060916,1855.3293505144122
2025-09-09,True,0.85,0.15,rule,441.7096267613653,0.8863636363636364,1200.0,1649.5314920370354,1200.0,65307.010802000004,41426.2110049702,2.352616666666677,1,15.661369150000068,41441.872374120205,7824.710222057614
2025-09-10,True,0.85,0.15,rule,448.3134987293637,0.9049773755656109,1649.5314920370354,1473.9993569259261,1200.0,64594.713425,41804.674309325,1594.0671822499926,13,9284.570278606485,51089.244587931484,1012.7354648559703
2025-09-11,True,0.85,0.15,rule,493.0214444281639,0.9684684684684685,1473.9993569259261,2203.744452296295,1200.0,68774.2790902,43575.93700533292,6.071666666666715,1,40.549625833333664,43616.486631166255,10584.658577679014
2025-09-12,True,0.85,0.15,rule,491.06503459656403,0.9641255605381166,2203.744452296295,2218.996970666667,1200.0,33488.5702294,15543.0700719616,0.0,0,0.0,15543.0700719616,19263.635320881476
2025-09-13,True,0.8,0.2,rule,432.333998688798,0.8526785714285714,2218.996970666667,2016.0936004814776,1200.0,31656.707998,14476.315265322599,0.0,0,0.0,14476.315265322599,21359.272301687244
2025-09-14,True,0.8,0.2,rule,407.96501578450835,0.7155555555555555,2016.0936004814776,1557.7012904444468,1200.0,65968.1372274,43001.00284952404,3.5550000000000637,1,23.455890000000423,43024.45873952404,2411.0162012757296
2025-09-15,True,0.8,0.2,rule,413.7255936318529,0.7433628318584071,1557.7012904444468,2322.778601703706,1200.0,68406.128708,43996.91213551385,0.0,0,0.0,43996.91213551385,8587.536109382716
2025-09-16,True,0.8,0.2,rule,395.0028269107014,0.6696035242290749,2322.778601703706,1559.952021148148,1200.0,64981.11422,42435.115583824,13.092750000000137,2,88.18761655000094,42523.303200374,2531.5831862551527
2025-09-17,True,0.8,0.2,rule,394.55901940083254,0.6666666666666666,1559.952021148148,1572.2009220000023,1200.0,66558.50161,42832.072769444,7.62916666666672,1,38.19542291666694,42870.268192360665,2516.721750946507
2025-09-18,True,0.7,0.3,rule,352.31028220510916,0.388646288209607,1572.2009220000023,1478.1229348888892,1200.0,64971.113758,41541.8932415964,2.4633999999999787,1,17.516005699999848,41559.409247296404,1829.5674069958902
2025-09-19,True,0.7,0.3,rule,339.5941610899551,0.28695652173913044,1478.1229348888892,2373.8651242962983,1200.0,33584.236231,15579.9359533772,0.0,0,0.0,15579.9359533772,13759.13516777778
2025-09-20,True,0.7,0.3,rule,347.7538794001769,0.35064935064935066,2373.8651242962983,1889.3438185185187,1200.0,31320.795012,14047.9652618392,134.41847506666215,3,391.5187339017866,14439.483995740986,13641.100335761319
2025-09-21,True,0.7,0.3,rule,332.606822568515,0.25862068965517243,1889.3438185185187,1868.6939315925933,1200.0,67396.85245,44185.20106481601,8.44500000000005,1,58.02559500000035,44243.226659816006,5435.368392016462
2025-09-22,True,0.7,0.3,rule,337.7619230082042,0.2832618025751073,1868.6939315925933,1579.796963925928,1200.0,67002.32001,44230.65213844301,8.649233333333427,1,56.40597518333394,44287.05811362634,2767.3704292592633
2025-09-23,True,0.7,0.3,rule,315.54782430441054,0.19230769230769232,1579.796963925928,1613.1000268888895,1200.0,67244.00517399999,43540.859918479204,767.2536928999983,3,5213.779908955756,48754.63982743496,1747.7004117366316
2025-09-24,True,0.7,0.3,rule,307.6232161871957,0.1574468085106383,1613.1000268888895,1672.3560209259276,1200.0,66410.7628479,42757.81132793295,607.4496687666654,6,3230.8535639719585,45988.664891904904,1872.557557201648
2025-09-25,True,0.7,0.3,rule,296.87472648711315,0.1228813559322034,1672.3560209259276,1632.9901557777778,1200.0,68392.092348,44403.317041664,15.37166666666667,1,106.25664583333337,44509.57368749733,4018.452824279837
2025-09-26,True,0.7,0.3,rule,293.3440867959283,0.10970464135021098,1632.9901557777778,2194.480086629631,1200.0,34224.380796,15302.951290102199,0.0,0,0.0,15302.951290102199,13005.370396090535
2025-09-27,True,0.7,0.3,rule,292.8519121677288,0.1092436974789916,2194.480086629631,1267.7135738148154,1200.0,32176.926346,14792.3794353758,268.6665240666636,1,1564.5795029022156,16356.958938278016,12862.914137530865
2025-09-28,True,0.7,0.3,rule,296.8006804288353,0.1297071129707113,1267.7135738148154,2145.065179037036,1200.0,69860.648155,45727.289759168,289.5453849333318,5,1461.7288899760586,47189.01864914406,1675.925178292187
2025-09-29,True,0.7,0.3,rule,283.85746408873996,0.1,2145.065179037036,1629.944496185188,1200.0,69566.56642000002,45527.348985389,26.015016666666725,2,142.85538336666704,45670.204368755665,3341.894486790128
2025-09-30,True,0.7,0.3,rule,282.28048747916097,0.0912863070539419,1629.944496185188,1482.4441217037045,1200.0,69368.14778490001,45017.81621087215,1019.6993767000041,9,6418.341394784916,51436.15760565707,869.4897833333346
2025-10-01,True,0.7,0.3,rule,286.11529131584444,0.10743801652892562,1482.4441217037045,3454.1748569629644,1200.0,68634.28475349999,42271.24112006985,0.0,0,0.0,42271.24112006985,13362.405460000005
2025-10-02,True,0.8,0.2,rule,386.12803754378007,0.654320987654321,3454.1748569629644,2272.5827887407445,1200.0,67496.852274,41280.7710375843,0.0,0,0.0,41280.7710375843,13104.565749164614
2025-10-03,True,0.8,0.2,rule,418.56041790733906,0.8073770491803278,2272.5827887407445,3859.4913254814815,1200.0,33761.050055,14526.201452695,0.0,0,0.0,14526.201452695,21535.67182026749
2025-10-04,True,0.8,0.2,rule,416.57990911594385,0.7795918367346939,3859.4913254814815,2401.4147390370367,1200.0,30062.797745,12870.623826565501,0.0,0,0.0,12870.623826565501,15821.263106316872
2025-10-05,True,0.8,0.2,rule,398.50962386763365,0.6951219512195121,2401.4147390370367,2438.793765851852,1200.0,67633.8122358,42068.26581938572,0.0,0,0.0,42068.26581938572,9168.573574526752
2025-10-06,True,0.8,0.2,rule,385.2209548076468,0.6437246963562753,2438.793765851852,1656.4206286666647,1200.0,66074.4130827,41949.85170426278,0.0,0,0.0,41949.85170426278,5358.72908876544
2025-10-07,True,0.8,0.2,rule,388.86575994599,0.6491935483870968,1656.4206286666647,1726.0192637777784,1200.0,65386.333981899996,40587.83334654516,0.0,0,0.0,40587.83334654516,3547.103437858851
2025-10-08,True,0.8,0.2,rule,378.58373332126934,0.606425702811245,1726.0192637777784,1454.0528040000004,1200.0,62374.854868,38633.4305545284,351.17243396666396,5,2232.9936079811664,40866.42416250957,2525.5149822798453
2025-10-09,True,0.7,0.3,rule,324.2045348721575,0.248,1454.0528040000004,1381.110111074075,1200.0,63242.113679999995,39405.053503291,186.4231800666663,3,1213.458066431431,40618.51156972243,3508.20177222223
2025-10-10,True,0.7,0.3,rule,283.37658195700305,0.099601593625498,1381.110111074075,1889.0045701481474,1200.0,31600.700993,13158.6199834738,0.0,0,0.0,13158.6199834738,18677.451514773664
2025-10-11,True,0.7,0.3,rule,271.15961807225545,0.05952380952380952,1889.0045701481474,1719.7077918148177,1200.0,31456.491835,13035.987051648399,0.0,0,0.0,13035.987051648399,14552.661188045267
2025-10-12,True,0.7,0.3,rule,278.0210231854066,0.09090909090909091,1719.7077918148177,1200.2346214814818,1200.0,63907.669580999995,39168.49844014591,442.19532509999755,6,2592.8588789612177,41761.35731910713,2441.629647901238
2025-10-13,True,0.7,0.3,rule,278.69286698998474,0.09448818897637795,1200.2346214814818,1635.1263183703713,1200.0,65973.636037,41364.923064005096,0.0,0,0.0,41364.923064005096,4491.59983213992
2025-10-14,True,0.7,0.3,rule,284.6569383753097,0.11764705882352941,1635.1263183703713,1306.4851021481484,1200.0,64529.89683,40745.973837162004,677.026980466671,5,3958.721439179765,44704.69527634177,734.3262257201691
2025-10-15,True,0.7,0.3,rule,287.6450250968121,0.12890625,1306.4851021481484,1527.7633890000002,1200.0,64053.813404,40357.2025659065,2076.860295389997,4,13818.121994245652,54175.32456015215,291.4607284773682
2025-10-16,True,0.7,0.3,rule,307.0970013890923,0.19455252918287938,1527.7633890000002,1608.4821746666664,1200.0,66471.48826,42303.19541427199,1278.6519787333273,5,8151.743983020564,50454.93939729255,461.68656893004254
2025-10-17,True,0.7,0.3,rule,321.368557584545,0.2596899224806202,1608.4821746666664,1814.1330851851856,1200.0,32743.965962000002,13848.660758084,0.0,0,0.0,13848.660758084,13400.686104057611
2025-10-18,True,0.7,0.3,rule,300.4684492025769,0.1776061776061776,1814.1330851851856,2164.01765648148,1200.0,32268.615515,13459.6898418585,0.0,0,0.0,13459.6898418585,12944.166447427988
2025-10-19,True,0.7,0.3,rule,299.2244319082626,0.17307692307692307,2164.01765648148,1479.1835260370374,1200.0,67997.391394,43545.4489705436,938.7580656000008,7,6068.324829420939,49613.77379996454,1674.494778065845
2025-10-20,True,0.7,0.3,rule,297.2181044566605,0.16091954022988506,1479.1835260370374,1693.3484858888899,1200.0,70343.29590987999,45001.48852014741,757.8835009199978,6,4038.895574576428,49040.384094723835,2195.291929835394
2025-10-21,True,0.7,0.3,rule,299.08693419354717,0.1717557251908397,1693.3484858888899,1357.9913074074086,1200.0,70118.10814,45170.647376147,618.8476962999991,7,3480.600203842866,48651.24757998986,396.12860987654733
2025-10-22,True,0.7,0.3,rule,306.94685258743027,0.20532319391634982,1357.9913074074086,1439.800262962963,1200.0,70055.63637539999,44572.53717642985,1398.3241231999955,10,7815.569016294807,52388.106192724656,1609.5161914905357
2025-10-23,True,0.7,0.3,rule,293.7157682562221,0.14015151515151514,1439.800262962963,1948.7802938888913,1200.0,72269.59129000001,45778.503821153,0.0,0,0.0,45778.503821153,3885.569504609054
2025-10-24,True,0.7,0.3,rule,282.54778457408486,0.09811320754716982,1948.7802938888913,1746.6114559259279,1200.0,33006.7217554,14013.08175984298,0.0,0,0.0,14013.08175984298,11489.54845605844
2025-10-25,True,0.7,0.3,rule,282.06887071291453,0.09398496240601503,1746.6114559259279,1565.881690074077,1200.0,33253.220558,14166.425000684198,0.0,0,0.0,14166.425000684198,10981.457565407407
2025-10-26,True,0.7,0.3,rule,277.68952502777057,0.08614232209737828,1565.881690074077,1866.2087484444464,1200.0,73280.88495,47237.759147998004,0.0,0,0.0,47237.759147998004,4389.751486584367
2025-10-27,True,0.7,0.3,rule,269.2360362891973,0.048507462686567165,1866.2087484444464,1507.4815908518462,1200.0,73057.13903949999,46784.4330281517,19.744933333333393,1,103.66090000000031,46888.093928151706,5765.296329705765
2025-10-28,True,0.7,0.3,rule,282.84091329556315,0.11152416356877323,1507.4815908518462,1785.443590481482,1200.0,72393.905928,46838.6389550808,0.0,0,0.0,46838.6389550808,2051.279049341564
2025-10-29,True,0.7,0.3,rule,266.522374466813,0.044444444444444446,1785.443590481482,1435.9023630740744,1200.0,70632.772888,46077.754721184465,2686.6171483933313,11,16756.837353848274,62834.592075032735,527.1773997119362
2025-10-30,True,0.7,0.3,rule,286.46677093249355,0.14022140221402213,1435.9023630740744,1798.2413700370382,1200.0,73606.36358396,48501.94660676137,3.4752793733333647,1,17.30341599982682,48519.250022761196,4163.835271069973
2025-10-31,True,0.7,0.3,rule,279.87912724828226,0.10294117647058823,1798.2413700370382,1925.2500335555585,1200.0,34312.995801,14600.932879147502,0.0,0,0.0,14600.932879147502,6952.708655061732
2025-11-01,True,0.7,0.3,rule,290.81104128405434,0.15384615384615385,1925.2500335555585,2097.3412477407446,1200.0,33956.28086,14144.164172150799,0.0,0,0.0,14144.164172150799,8123.564632427989
2025-11-02,True,0.7,0.3,rule,289.6892317834985,0.15328467153284672,2097.3412477407446,1436.9941903703711,1200.0,74497.3381714,48980.31831316372,98.9898793333335,2,626.1499743433345,49606.46828750706,1930.5098570370455
2025-11-03,True,0.7,0.3,rule,289.2008481092097,0.15272727272727274,1436.9941903703711,1883.4339212592643,1200.0,76298.3928888,50721.16497145161,0.0,0,0.0,50721.16497145161,2210.3999161818965
2025-11-04,True,0.7,0.3,rule,268.86175542935325,0.050724637681159424,1883.4339212592643,1390.7891749259265,1200.0,75530.64104300001,49506.7420140494,80.27527993333149,4,460.5877212947213,49967.32973534412,4360.174828102894
2025-11-05,True,0.7,0.3,rule,270.7862030853607,0.06498194945848375,1390.7891749259265,1408.3814860740747,1200.0,74779.56816339001,49572.39545245453,96.63675740999655,4,525.7877139767842,50098.183166431314,826.9976382304541
2025-11-06,True,0.7,0.3,rule,231.4375015757927,0.0,1408.3814860740747,1543.1498708518534,1200.0,76951.57604360001,51589.241728088375,967.5834258666648,7,5241.711260870623,56830.952988959,1935.7816776502082
2025-11-07,True,0.7,0.3,rule,245.65540961340346,0.021505376344086023,1543.1498708518534,1981.7005884444472,1200.0,35290.493441,15126.122634576699,0.0,0,0.0,15126.122634576699,8181.906356802478
2025-11-08,True,0.7,0.3,rule,257.44587627696126,0.02857142857142857,1981.7005884444472,1910.4127728148173,1200.0,34552.932015,14884.1017970665,0.0,0,0.0,14884.1017970665,7779.257395658437
2025-11-09,True,0.7,0.3,rule,257.2806492921182,0.028469750889679714,1910.4127728148173,1656.3337735555579,1200.0,77520.7513114,51972.66233227307,0.0,0,0.0,51972.66233227307,2150.1923595893013
2025-11-10,True,0.7,0.3,rule,262.4957780854569,0.04964539007092199,1656.3337735555579,1431.5427458888894,1200.0,78429.599704,53508.6495148088,152.48298518999903,2,982.9339815132687,54491.58349632207,495.52821757201957
2025-11-11,True,0.7,0.3,rule,262.44608794102425,0.04946996466431095,1431.5427458888894,1695.269625333337,1200.0,78252.2732064,52596.010466954634,2.0516666666667334,1,10.46965500000034,52606.480121954635,2236.8000063012387
2025-11-12,True,0.7,0.3,rule,256.93022594026615,0.028169014084507043,1695.269625333337,1719.141457592592,1200.0,77705.341692,52279.2418560546,0.0,0,0.0,52279.2418560546,2461.993527514409
2025-11-13,True,0.7,0.3,rule,255.44097032579413,0.028070175438596492,1719.141457592592,1755.5408927037058,1200.0,79185.24969299999,54447.8710134241,2.010533333333342,1,10.126051133333377,54457.99706455743,2543.7493179588546
2025-11-14,True,0.7,0.3,rule,250.1942583691453,0.024475524475524476,1755.5408927037058,2010.2541980370409,1200.0,35945.082873,15380.5178867075,0.0,0,0.0,15380.5178867075,4661.4534121358
2025-11-15,True,0.7,0.3,rule,227.25204979800455,0.0,2010.2541980370409,1750.101684111112,1200.0,35110.17492,15283.2918679639,0.0,0,0.0,15283.2918679639,3821.532377695484
2025-11-16,True,0.7,0.3,rule,228.0296373400526,0.003472222222222222,1750.101684111112,1603.1697927777798,1200.0,80961.33658840001,55589.043769440745,2.7407333333334236,1,13.896888366667124,55602.94065780741,2418.407551305353
2025-11-17,True,0.7,0.3,rule,230.50645478635417,0.006920415224913495,1603.1697927777798,2042.9418036666657,1200.0,82127.52441092001,56250.739205828795,0.0,0,0.0,56250.739205828795,4543.910290794246
2025-11-18,True,0.7,0.3,rule,221.43135067543253,0.0,2042.9418036666657,1462.4627196074123,1200.0,79654.919431,54870.4810619847,0.0,0,0.0,54870.4810619847,1309.8289746049318
2025-11-19,True,0.7,0.3,rule,234.17817216020177,0.01718213058419244,1462.4627196074123,1496.6693039629633,1200.0,81352.552864,56803.4090686216,0.0,0,0.0,56803.4090686216,1724.9293123909586
2025-11-20,True,0.7,0.3,rule,230.26213992589646,0.010273972602739725,1496.6693039629633,1695.3643104814835,1200.0,82316.34000406001,56781.21446510267,0.0,0,0.0,56781.21446510267,3112.785731983542
2025-11-21,True,0.7,0.3,rule,218.04379088735195,0.0,1695.3643104814835,1973.2159340740752,1200.0,36706.35806,16087.003518569501,0.0,0,0.0,16087.003518569501,3991.8642002057672
2025-11-22,True,0.7,0.3,rule,215.5083777869271,0.0,1973.2159340740752,1683.5534642592613,1200.0,36158.597634,15649.017583622599,0.0,0,0.0,15649.017583622599,2843.052860748974
2025-11-23,True,0.7,0.3,rule,212.2742194882583,0.0,1683.5534642592613,1696.7884598888897,1200.0,83055.743623,57756.7947451725,0.0,0,0.0,57756.7947451725,3673.4385915843714
2025-11-24,True,0.7,0.3,rule,216.20762311857004,0.006756756756756757,1696.7884598888897,1494.368463888892,1200.0,83011.811505,57566.6615031909,18.83966666666663,1,99.5299589999998,57666.1914621909,5227.208224086426
2025-11-25,True,0.7,0.3,rule,219.4883625275705,0.013468013468013467,1494.368463888892,1628.079647777782,1200.0,82690.07374200001,56877.2938934362,0.0,0,0.0,56877.2938934362,2215.3317914321096
2025-11-26,True,0.7,0.3,rule,206.51609523736641,0.0,1628.079647777782,1990.1445407777785,1200.0,83234.921409,58218.13658099528,31.255815466666604,1,168.375077918933,58386.51165891421,2008.2165180551585
2025-11-27,True,0.7,0.3,rule,209.56313977420893,0.0033444816053511705,1990.1445407777785,1816.2982407777827,1200.0,83253.834874,58620.030912716495,0.0,0,0.0,58620.030912716495,3517.987302168734
2025-11-28,True,0.7,0.3,rule,208.02853408877814,0.0033333333333333335,1816.2982407777827,2010.6421894814857,1200.0,37690.286888,15956.182219253802,0.0,0,0.0,15956.182219253802,2933.4543850864216
2025-11-29,True,0.7,0.3,rule,208.06266023047723,0.006644518272425249,2010.6421894814857,1318.1391614074073,1200.0,37692.587232,16102.455630972998,133.20969078333133,1,652.2612509205818,16754.71688189358,121.80225000000041
2025-11-30,True,0.7,0.3,rule,248.51430432312452,0.0728476821192053,1318.1391614074073,1349.3853549259265,1200.0,85131.9157785,60015.9016354187,52.2461815333329,1,345.11215211843046,60361.01378753713,645.5021508642026
2025-12-01,True,0.7,0.3,rule,245.52590203960048,0.06930693069306931,1349.3853549259265,1306.379369925927,1200.0,86188.5667737,64294.64841103855,4724.419866766665,17,31522.50169854101,95817.15010957955,337.9821900000011
2025-12-02,True,0.7,0.3,rule,277.1519427018696,0.17434210526315788,1306.379369925927,1389.6509760000008,1200.0,92324.3042156,69657.47416439587,1269.1100508333252,11,9244.292048100404,78901.76621249627,489.069678271611
2025-12-03,True,0.7,0.3,rule,290.20413113168496,0.23934426229508196,1389.6509760000008,2016.351312370371,1200.0,93613.0499,70675.32814061899,0.0,0,0.0,70675.32814061899,1338.7909905761405
2025-12-04,True,0.7,0.3,rule,295.85115833418246,0.2647058823529412,2016.351312370371,1651.8908948148173,1200.0,94232.62284000001,70781.63198472501,67.44808,2,479.4886915733334,71261.12067629835,3239.8584623868346
2025-12-05,True,0.7,0.3,rule,298.5515094877127,0.28338762214983715,1651.8908948148173,1889.076204037041,1200.0,45915.982046,20667.9508620844,817.4558451666617,7,4035.3558304599746,24703.306692544375,1075.2007846502042
2025-12-06,True,0.7,0.3,rule,298.68507177028204,0.2857142857142857,1889.076204037041,1607.7571657777785,1200.0,47813.85615,21918.209934407,67.71357503332601,2,334.5204530354647,22252.730387442465,436.0262302469144
2025-12-07,True,0.7,0.3,rule,280.9711423872162,0.18770226537216828,1607.7571657777785,1427.3158426666662,1200.0,94698.63167100001,71276.01261244502,56.04160233333346,2,397.92160186500087,71673.93421431002,2754.701654238693
2025-12-08,True,0.7,0.3,rule,275.5712454367777,0.16774193548387098,1427.3158426666662,2095.477458111114,1200.0,99216.733011,75077.172356068,0.0,0,0.0,75077.172356068,6325.281391316885
2025-12-09,True,0.7,0.3,rule,252.7029622915601,0.08360128617363344,2095.477458111114,1625.4326385555564,1200.0,96365.21121400001,72327.2594505839,94.05367433333356,2,695.3963078055017,73022.65575838939,5089.176626666673
2025-12-10,True,0.7,0.3,rule,238.3902473394629,0.060897435897435896,1625.4326385555564,1511.2927204814816,1200.0,95811.64968589999,72795.91143243501,0.0,0,0.0,72795.91143243501,3139.5402911934184
2025-12-11,True,0.7,0.3,rule,230.17535146712638,0.038338658146964855,1511.2927204814816,1673.4265650370407,1200.0,96363.545962,71698.9973868714,0.0,0,0.0,71698.9973868714,5705.810862962966
2025-12-12,True,0.7,0.3,rule,230.13079431223477,0.03821656050955414,1673.4265650370407,2059.703700740742,1200.0,52057.5297039,24301.58201044678,0.0,0,0.0,24301.58201044678,4136.661495679024
2025-12-13,True,0.7,0.3,rule,240.6494105116153,0.07301587301587302,2059.703700740742,2011.6509690740731,1200.0,50478.69122,23495.336556274997,0.0,0,0.0,23495.336556274997,2857.439693374489
2025-12-14,True,0.7,0.3,rule,228.11081320790313,0.0379746835443038,2011.6509690740731,1512.7728976296298,1200.0,96392.5961023,73612.36851329906,0.0,0,0.0,73612.36851329906,3675.680417901238
2025-12-15,True,0.7,0.3,rule,227.0679006030567,0.031545741324921134,1512.7728976296298,1610.673751925928,1200.0,97240.549493,74325.589418541,0.0,0,0.0,74325.589418541,3085.2565605761365
2025-12-16,True,0.7,0.3,rule,228.3754201492369,0.0440251572327044,1610.673751925928,1541.0756870370406,1200.0,97200.45431500001,73711.14466092241,0.0,0,0.0,73711.14466092241,3392.301865679019
2025-12-17,True,0.7,0.3,rule,223.30164638235595,0.03134796238244514,1541.0756870370406,1451.7266441851866,1200.0,96813.8916946,73628.15369101832,0.0,0,0.0,73628.15369101832,4301.664719917704
2025-12-18,True,0.7,0.3,rule,215.9526542898484,0.01875,1451.7266441851866,1649.9763914814846,1200.0,97577.760293,73541.2813672341,0.0,0,0.0,73541.2813672341,5360.082885555558
2025-12-19,True,0.7,0.3,rule,222.52110054962364,0.03426791277258567,1649.9763914814846,1683.6657795925942,1200.0,51481.10860000001,23829.689843742002,0.0,0,0.0,23829.689843742002,4780.074834897128
2025-12-20,True,0.7,0.3,rule,203.45410649009472,0.0,1683.6657795925942,1778.439798148149,1200.0,51270.57107,23693.138467591998,0.0,0,0.0,23693.138467591998,4456.017893539097
2025-12-21,True,0.7,0.3,rule,199.21411234360045,0.0,1778.439798148149,1735.256027333335,1200.0,97425.9427081,73852.07856733502,0.0,0,0.0,73852.07856733502,4003.690257325108
2025-12-22,True,0.7,0.3,rule,205.27532927412273,0.006172839506172839,1735.256027333335,1499.675682407407,1200.0,97518.61911940001,74760.14302407921,0.0,0,0.0,74760.14302407921,4355.3233569135955
2025-12-23,True,0.7,0.3,rule,196.65085687631517,0.0,1499.675682407407,1691.3320850000014,1200.0,97582.827234,73965.02503289082,0.0,0,0.0,73965.02503289082,5737.820341604944
2025-12-24,True,0.7,0.3,rule,193.89104554735533,0.0,1691.3320850000014,1417.5265785925933,1200.0,96077.8398755,72239.08413715698,19.444307999998614,1,127.19494078199094,72366.27907793898,4026.2985193827208
2025-12-25,True,0.7,0.3,rule,198.82039762042461,0.0061162079510703364,1417.5265785925933,1578.5122415925937,1200.0,96905.5462503,73653.66330674531,0.0,0,0.0,73653.66330674531,4353.689943580249
2025-12-26,True,0.7,0.3,rule,189.6827469991946,0.0,1578.5122415925937,2193.7944885555576,1200.0,50617.25717900001,23276.631977819896,0.0,0,0.0,23276.631977819896,3009.1701040740745
2025-12-27,True,0.7,0.3,rule,191.10025011113763,0.00303951367781155,2193.7944885555576,1807.8508082222231,1200.0,49909.346325,22561.7363977055,0.0,0,0.0,22561.7363977055,3281.0739730864275
2025-12-28,True,0.7,0.3,rule,190.8151462695732,0.0030303030303030303,1807.8508082222231,1845.3411992962951,1200.0,97141.1565638,73361.4824707576,11.6597996666668,1,87.99650808433434,73449.47897884194,6082.60494181071
2025-12-29,True,0.7,0.3,rule,193.61166016620223,0.00906344410876133,1845.3411992962951,1506.677110962965,1200.0,96780.110628,72939.27294917319,0.0,0,0.0,72939.27294917319,5415.876767283955
2025-12-30,True,0.7,0.3,rule,195.85553894493682,0.015060240963855422,1506.677110962965,1667.2769553703718,1200.0,96558.24716999999,72061.04448138441,0.0,0,0.0,72061.04448138441,5771.0721140740825
2025-12-31,True,0.7,0.3,rule,206.73279288297945,0.036036036036036036,1667.2769553703718,1345.059326111112,1200.0,95222.28219309999,71486.99030216307,167.91291326666652,7,990.8521517698673,72477.84245393294,2557.7671299177036
