date,alpha,rho,terminal,soc0_actual,soc24_actual,soc24_plan,soc_min_actual,soc_max_actual,purchase_kwh,plan_cost,emergency_kwh,emergency_cost,total_cost,curtail_kwh,emergency_slots,n_simultaneous_plan,max_unserved_kwh,dispatch
2025-02-01,0.825,0.625,2400.0,6000.0,3675.6008825185186,2400.0,2063.9097592592593,10800.0,43723.271483200006,23261.34715229928,0.0,0.0,23261.34715229928,8638.344739619755,0,0,0.0,rho
2025-02-02,0.825,0.625,2400.0,3675.6008825185186,3038.5477858148142,2400.0,1429.8985999999986,10800.0,89879.03457779999,57116.88324638528,0.0,0.0,57116.88324638528,8008.963632716055,0,0,0.0,rho
2025-02-03,0.825,0.625,2400.0,3038.5477858148142,2555.3698930370374,2400.0,1200.0,10800.0,84519.889037,52596.1731361499,712.4096542666637,4735.671014880198,57331.84415103009,979.584498683133,7,0,0.0,rho
2025-02-04,0.825,0.625,2400.0,2555.3698930370374,2351.718960037038,2400.0,1200.0,10800.0,83830.22333899999,52369.332988497496,2337.389259099993,14710.745206218402,67080.0781947159,655.9904756790177,16,0,0.0,rho
2025-02-05,0.825,0.625,2400.0,2351.718960037038,2598.9613678518526,2400.0,1200.0,10651.013973000005,84085.866537,52347.6076211195,1693.7133083866547,9596.864441916676,61944.47206303618,282.24310000000105,15,0,0.0,rho
2025-02-06,0.825,0.625,2400.0,2598.9613678518526,2959.935469074076,2400.0,1694.8319592592609,10800.0,88981.7663586,56407.05132340528,14.119395066666812,82.47844628193418,56489.529769687215,3893.847791485602,1,0,0.0,rho
2025-02-07,0.825,0.625,2400.0,2959.935469074076,3628.0674742962956,2400.0,2049.3775962962945,10800.0,46891.038292,24937.020320717802,0.0,0.0,24937.020320717802,10862.291862905366,0,0,0.0,rho
2025-02-08,0.825,0.625,2400.0,3628.0674742962956,3170.9443415925907,2400.0,1636.5118111111092,10800.0,39298.6349702,20753.65838421452,0.0,0.0,20753.65838421452,4820.488803656791,0,0,0.0,rho
2025-02-09,0.825,0.625,2400.0,3170.9443415925907,2693.391073074074,2400.0,1408.2257333333332,10800.0,86489.31338159999,54636.356783277224,0.0,0.0,54636.356783277224,3076.8731234979527,0,0,0.0,rho
2025-02-10,0.825,0.625,2400.0,2693.391073074074,2803.202071592593,2400.0,1468.9787678148152,10800.0,87115.498576,54851.7180138222,0.0,0.0,54851.7180138222,8763.830102526746,0,0,0.0,rho
2025-02-11,0.825,0.625,2400.0,2803.202071592593,2442.7768638518532,2400.0,1200.0,10800.0,82468.27045509999,51220.63691171078,517.1109962666673,3274.893892681129,54495.530804391914,3720.6243967901305,10,0,0.0,rho
2025-02-12,0.825,0.625,2400.0,2442.7768638518532,2699.722097259265,2400.0,1270.0478680740791,10800.0,83763.583241,52198.267581145206,0.0,0.0,52198.267581145206,3928.861485358032,0,0,0.0,rho
2025-02-13,0.825,0.625,2400.0,2699.722097259265,3013.6953881851864,2400.0,1458.6790592592595,10800.0,84219.94101099999,52861.8245539434,0.0,0.0,52861.8245539434,8664.26832231689,0,0,0.0,rho
2025-02-14,0.825,0.625,2400.0,3013.6953881851864,3439.512033592592,2400.0,1851.838542592592,10800.0,38002.545286,20218.263599867,0.0,0.0,20218.263599867,4346.8955819464945,0,0,0.0,rho
2025-02-15,0.825,0.625,2400.0,3439.512033592592,3026.9445666481492,2400.0,1683.2548746111108,10800.0,36878.82959235,19597.56562719671,0.0,0.0,19597.56562719671,4805.0419872345665,0,0,0.0,rho
2025-02-16,0.825,0.625,2400.0,3026.9445666481492,2818.734431518521,2400.0,1341.2937333333343,10800.0,81048.344138,50420.70519082309,69.7269631999964,337.2772317023823,50757.98242252548,1580.2548793251076,2,0,0.0,rho
2025-02-17,0.825,0.625,2400.0,2818.734431518521,2713.3913688518546,2400.0,1287.0004777777795,10800.0,80346.83396399999,49673.8404977794,0.0,0.0,49673.8404977794,5277.764443337445,0,0,0.0,rho
2025-02-18,0.825,0.625,2400.0,2713.3913688518546,2518.8567064074077,2400.0,1200.0,10800.0,77197.03279971,47407.266379231325,360.4932230566647,2394.6670916549583,49801.93347088628,1331.451726246919,5,0,0.0,rho
2025-02-19,0.825,0.625,2400.0,2518.8567064074077,2363.154703088892,2400.0,1245.1472636814835,10800.0,78683.349759,48360.287333662505,746.7647377499993,3606.8362113226626,51967.12354498517,2199.9403013168803,10,0,0.0,rho
2025-02-20,0.825,0.625,2400.0,2363.154703088892,3252.607797407408,2400.0,1675.9942770740734,10800.0,82074.100871,50903.0138277989,0.0,0.0,50903.0138277989,5968.671654901243,0,0,0.0,rho
2025-02-21,0.825,0.625,2400.0,3252.607797407408,3564.044980777778,2400.0,2021.1385611111111,10800.0,37319.620511,19776.5039103964,0.0,0.0,19776.5039103964,8200.349174024692,0,0,0.0,rho
2025-02-22,0.825,0.625,2400.0,3564.044980777778,3338.4624316296286,2400.0,1710.02641111111,10800.0,35541.537873,18782.4978357128,0.0,0.0,18782.4978357128,4824.951196004117,0,0,0.0,rho
2025-02-23,0.825,0.625,2400.0,3338.4624316296286,2767.89354814815,2400.0,1401.6807037037056,10800.0,78985.49708700001,49183.8194395687,0.0,0.0,49183.8194395687,3951.9130981851877,0,0,0.0,rho
2025-02-24,0.825,0.625,2400.0,2767.89354814815,2821.0065810000006,2400.0,1398.3764333333338,10800.0,78415.25700399998,48328.4046875889,0.0,0.0,48328.4046875889,6230.933076485604,0,0,0.0,rho
2025-02-25,0.825,0.625,2400.0,2821.0065810000006,2391.9629523333333,2400.0,1200.0,10800.0,75506.03476499999,46236.879629049,302.8852365333338,1712.5711022365363,47949.450731285535,6482.579226502054,10,0,0.0,rho
2025-02-26,0.825,0.625,2400.0,2391.9629523333333,2793.847249259259,2400.0,1200.0,10800.0,75660.382055,46395.7575344005,154.07346559999826,1074.8164960255879,47470.57403042609,2445.935727901241,1,0,0.0,rho
2025-02-27,0.825,0.625,2400.0,2793.847249259259,2905.2944104074136,2400.0,1300.6347268518516,10800.0,76186.0123305,46879.884216290826,55.950201033332874,275.6712497116811,47155.55546600251,4657.97324329219,3,0,0.0,rho
2025-02-28,0.825,0.625,2400.0,2905.2944104074136,3398.512887222224,2400.0,1854.57428851852,10800.0,36047.733634,19096.921200118202,0.0,0.0,19096.921200118202,9093.320821411531,0,0,0.0,rho
2025-03-01,0.825,0.625,2400.0,3398.512887222224,3223.1221614444426,2400.0,1745.1020740740726,10800.0,34272.79275383,18086.410891361866,0.0,0.0,18086.410891361866,7891.791174694203,0,0,0.0,rho
2025-03-02,0.825,0.625,2400.0,3223.1221614444426,2404.1745974444443,2400.0,1200.0,10766.733395518519,73085.35913,45089.9110325896,2730.555964833331,18280.18817779098,63370.099210380584,309.2622700000006,16,0,0.0,rho
2025-03-03,0.825,0.625,2400.0,2404.1745974444443,2507.277549814815,2400.0,1200.0,10800.0,74103.02672000001,45401.453739451,2823.3882060666647,16010.919054001464,61412.372793452465,551.8286837860146,19,0,0.0,rho
2025-03-04,0.825,0.625,2400.0,2507.277549814815,2454.6223649259255,2400.0,1268.4587303703697,10800.0,74453.854361,45641.2116595884,399.7981148833312,1952.3222866439141,47593.53394623232,1337.3388157037052,6,0,0.0,rho
2025-03-05,0.825,0.625,2400.0,2454.6223649259255,2811.038024851853,2400.0,1200.0,10800.0,77269.484668,47142.2590425698,79.03324666666629,533.4739611933302,47675.73300376313,6826.809231012348,4,0,0.0,rho
2025-03-06,0.825,0.625,2400.0,2811.038024851853,3067.6101651111117,2400.0,1612.4383444444454,10800.0,78802.50267100001,48822.5196381874,0.0,0.0,48822.5196381874,8741.085250983546,0,0,0.0,rho
2025-03-07,0.825,0.625,2400.0,3067.6101651111117,3687.4584536296284,2400.0,2081.226114814813,10800.0,35564.99463,18921.603593702,0.0,0.0,18921.603593702,11113.901381028809,0,0,0.0,rho
2025-03-08,0.825,0.625,2400.0,3687.4584536296284,3563.173812296299,2400.0,1464.8447980370406,10800.0,31602.979543,17010.2821456512,0.0,0.0,17010.2821456512,9878.647811086425,0,0,0.0,rho
2025-03-09,0.825,0.625,2400.0,3563.173812296299,2945.4309330740757,2400.0,1439.0973481481487,10800.0,76552.266423,47273.8569969868,0.0,0.0,47273.8569969868,10043.296294456797,0,0,0.0,rho
2025-03-10,0.825,0.625,2400.0,2945.4309330740757,2793.964997259262,2400.0,1326.57404814815,10800.0,74935.8997772,45838.41551843796,0.0,0.0,45838.41551843796,2922.45176925926,0,0,0.0,rho
2025-03-11,0.825,0.625,2400.0,2793.964997259262,2655.68704725926,2400.0,1200.0,10800.0,69134.32777,41555.036092248,1542.0699595666638,10271.06284834545,51826.09894059345,2933.746034115233,8,0,0.0,rho
2025-03-12,0.825,0.625,2400.0,2655.68704725926,2506.3637083333333,2400.0,1200.0,10800.0,69590.1417,42079.408037598994,39.820763266667655,277.78964454827354,42357.19768214727,3244.823685020574,1,0,0.0,rho
2025-03-13,0.825,0.625,2400.0,2506.3637083333333,2738.223480518518,2400.0,1200.0,10800.0,71967.16508,43865.718947697,877.0442767333346,5339.302631642933,49205.02157933993,786.5332867901276,7,0,0.0,rho
2025-03-14,0.825,0.625,2400.0,2738.223480518518,3686.0523391851852,2400.0,1876.2976755555558,10800.0,33434.060007,17783.5281039925,0.0,0.0,17783.5281039925,13560.684681798353,0,0,0.0,rho
2025-03-15,0.825,0.625,2400.0,3686.0523391851852,2712.032122000001,2400.0,1436.40245362963,10800.0,31139.740648799998,16447.84814100284,0.0,0.0,16447.84814100284,8551.565006166256,0,0,0.0,rho
2025-03-16,0.825,0.625,2400.0,2712.032122000001,3105.1791406296334,2400.0,1666.401988888891,10800.0,72829.31029200001,44284.417459043,1.6400000000001,7.461180000000455,44291.878639042996,5215.532600600832,1,0,0.0,rho
2025-03-17,0.825,0.625,2400.0,3105.1791406296334,2929.3259235555574,2400.0,1304.4808555555574,10800.0,73249.2742073,44449.07628804627,0.0,0.0,44449.07628804627,12026.911887983546,0,0,0.0,rho
2025-03-18,0.825,0.625,2400.0,2929.3259235555574,2319.2380041481492,2400.0,1200.0,10800.0,67431.72507,40496.733383886996,648.6562141166651,3316.622153776075,43813.35553766307,3466.9346498148225,8,0,0.0,rho
2025-03-19,0.825,0.625,2400.0,2319.2380041481492,3086.97639703704,2400.0,1476.547781481484,10800.0,70520.19568599999,42460.989549957405,157.8154935666651,771.9123249988089,43232.90187495622,6317.60205740741,3,0,0.0,rho
2025-03-20,0.825,0.625,2400.0,3086.97639703704,2689.0179403703714,2400.0,1200.0,10800.0,70296.581579,42725.7073712141,189.70181503333163,1323.3598616725214,44049.06723288662,4677.866818189304,1,0,0.0,rho
2025-03-21,0.825,0.625,2400.0,2689.0179403703714,3052.049369148149,2400.0,1605.7924814814821,10800.0,31366.059208,16389.6559211598,0.0,0.0,16389.6559211598,16139.906546353912,0,0,0.0,rho
2025-03-22,0.825,0.625,2400.0,3052.049369148149,3458.3338597777774,2400.0,1849.0149629629618,10800.0,30838.532014999997,16089.8489206235,0.0,0.0,16089.8489206235,11973.672179382718,0,0,0.0,rho
2025-03-23,0.825,0.625,2400.0,3458.3338597777774,2605.947177370371,2400.0,1200.0,10800.0,65884.95858939999,40034.00143138114,117.0441392666664,741.9517077242651,40775.953139105404,4300.751166460909,3,0,0.0,rho
2025-03-24,0.825,0.625,2400.0,2605.947177370371,2952.6363414444486,2400.0,1641.0107003703745,10800.0,66127.01164000001,40192.550964859,0.0,0.0,40192.550964859,3944.0344044444464,0,0,0.0,rho
2025-03-25,0.825,0.625,2400.0,2952.6363414444486,2390.033806703705,2400.0,1200.0,10656.51763566667,62086.024670000006,37406.068244972,2131.4585715999947,14153.871441937848,51559.93968690984,44.99337333333381,13,0,0.0,rho
2025-03-26,0.825,0.625,2400.0,2390.033806703705,2837.1028909629645,2400.0,1330.3433740740747,10800.0,66867.16288799999,40306.0165846044,0.0,0.0,40306.0165846044,7028.804237679022,0,0,0.0,rho
2025-03-27,0.825,0.625,2400.0,2837.1028909629645,2883.92240566667,2400.0,1514.2602176296325,10800.0,66306.147611,40116.8462163184,0.0,0.0,40116.8462163184,3526.360977901244,0,0,0.0,rho
2025-03-28,0.825,0.625,2400.0,2883.92240566667,3352.765832925925,2400.0,1828.2365949999987,10800.0,30465.4010112,15758.723770210401,0.0,0.0,15758.723770210401,16436.614040706172,0,0,0.0,rho
2025-03-29,0.825,0.625,2400.0,3352.765832925925,3278.277439333337,2400.0,1691.5684962962996,10800.0,29871.872300999996,15458.638519382901,0.0,0.0,15458.638519382901,19747.169880209876,0,0,0.0,rho
2025-03-30,0.825,0.625,2400.0,3278.277439333337,3160.945547333333,2400.0,1594.6873625185176,10800.0,63528.073710000004,38463.333540092994,0.0,0.0,38463.333540092994,4464.900539917699,0,0,0.0,rho
2025-03-31,0.825,0.625,2400.0,3160.945547333333,3083.5933714814823,2400.0,1474.6575855925928,10800.0,62924.235585,38008.7565811045,0.0,0.0,38008.7565811045,2328.412943353921,0,0,0.0,rho
2025-04-01,0.825,0.625,2400.0,3083.5933714814823,2476.566144333334,2400.0,1200.0,10356.426542185192,59467.498232,35420.8982947448,3504.9387031466576,23446.482684056085,58867.38097880089,33.854050000000484,17,0,0.0,rho
2025-04-02,0.825,0.625,2400.0,2476.566144333334,2699.9030570000004,2400.0,1200.0,10800.0,63586.3344,37885.041706687,1990.139050066665,10135.724439586931,48020.766146273934,887.0677941563845,14,0,0.0,rho
2025-04-03,0.825,0.625,2400.0,2699.9030570000004,2852.5745362962975,2400.0,1450.4493555555564,10800.0,67840.80089,40534.077921965,0.0,0.0,40534.077921965,7666.449822880655,0,0,0.0,rho
2025-04-04,0.825,0.625,2400.0,2852.5745362962975,3514.995309888889,2400.0,1975.416068518519,10800.0,30382.993766,15756.0968121831,0.0,0.0,15756.0968121831,20715.106827008232,0,0,0.0,rho
2025-04-05,0.825,0.625,2400.0,3514.995309888889,2874.88456637037,2400.0,1596.1828086666665,10800.0,28204.117218000003,14520.6554721398,0.0,0.0,14520.6554721398,14416.804435407406,0,0,0.0,rho
2025-04-06,0.825,0.625,2400.0,2874.88456637037,2758.50993948148,2400.0,1352.64124074074,10800.0,67072.58234,39919.212101522,0.0,0.0,39919.212101522,8944.297541316873,0,0,0.0,rho
2025-04-07,0.825,0.625,2400.0,2758.50993948148,3023.882315888891,2400.0,1621.0379407407431,10800.0,66720.34844,39645.332947550996,0.0,0.0,39645.332947550996,9573.969665308652,0,0,0.0,rho
2025-04-08,0.825,0.625,2400.0,3023.882315888891,2446.278105629631,2400.0,1200.0,10800.0,61909.70126100001,36465.3017202414,1387.9882110166654,8744.531354889768,45209.833075131166,5575.956971884778,11,0,0.0,rho
2025-04-09,0.825,0.625,2400.0,2446.278105629631,2542.0727031481492,2400.0,1200.0,10800.0,62004.64296,36697.400522862,1516.1226858000036,10224.885794799604,46922.28631766161,525.9660741152309,9,0,0.0,rho
2025-04-10,0.825,0.625,2400.0,2542.0727031481492,2894.273272185187,2400.0,1305.41896151852,10800.0,63450.77151,37934.454714670996,0.0,0.0,37934.454714670996,4453.928669300417,0,0,0.0,rho
2025-04-11,0.825,0.625,2400.0,2894.273272185187,3202.50027811111,2400.0,1739.2979592592583,10800.0,28550.424183,14579.798772044902,0.0,0.0,14579.798772044902,20386.03836048971,0,0,0.0,rho
2025-04-12,0.825,0.625,2400.0,3202.50027811111,3441.770275740741,2400.0,1781.8458518518523,10800.0,28336.5942198,14507.3230861249,0.0,0.0,14507.3230861249,16799.807859100405,0,0,0.0,rho
2025-04-13,0.825,0.625,2400.0,3441.770275740741,3013.1230288888914,2400.0,1486.8968629629637,10800.0,61455.50559,36829.500257199004,0.0,0.0,36829.500257199004,3755.4635417284007,0,0,0.0,rho
2025-04-14,0.825,0.625,2400.0,3013.1230288888914,2851.6819379259264,2400.0,1284.9172074074072,10800.0,62154.484706999996,37095.8438165679,0.0,0.0,37095.8438165679,5995.424974283956,0,0,0.0,rho
2025-04-15,0.825,0.625,2400.0,2851.6819379259264,2625.2215215925935,2400.0,1200.0,10800.0,59671.2260003,35512.48613912522,65.99049256666535,460.3496761450575,35972.83581527028,6169.192318641983,1,0,0.0,rho
2025-04-16,0.825,0.625,2400.0,2625.2215215925935,2515.1827198888914,2400.0,1231.082934222225,10800.0,61315.199336,36381.938040195004,0.0,0.0,36381.938040195004,1862.4638866543255,0,0,0.0,rho
2025-04-17,0.825,0.625,2400.0,2515.1827198888914,3048.517758814814,2400.0,1387.9762296296287,10800.0,61257.033776,36591.102678654395,0.0,0.0,36591.102678654395,3897.2073855061794,0,0,0.0,rho
2025-04-18,0.825,0.625,2400.0,3048.517758814814,3581.8179065555537,2400.0,1836.6334481481465,10800.0,28042.765222,14249.4504639335,0.0,0.0,14249.4504639335,18700.537472493826,0,0,0.0,rho
2025-04-19,0.825,0.625,2400.0,3581.8179065555537,3228.7284203703675,2400.0,1766.5362959259228,10800.0,26528.263798,13481.5504258113,0.0,0.0,13481.5504258113,17885.794318168722,0,0,0.0,rho
2025-04-20,0.825,0.625,2400.0,3228.7284203703675,3101.310547555558,2400.0,1607.8576037037055,10800.0,59715.360002999994,35577.9938121662,0.0,0.0,35577.9938121662,4151.902817732513,0,0,0.0,rho
2025-04-21,0.825,0.625,2400.0,3101.310547555558,2557.1105126666675,2400.0,1345.0194359259262,10800.0,59268.50949,35206.8751505,0.0,0.0,35206.8751505,7751.687621193429,0,0,0.0,rho
2025-04-22,0.825,0.625,2400.0,2557.1105126666675,2390.27887788889,2400.0,1200.0,10800.0,56375.8907532,33264.39976682508,279.64595249999996,1858.4718301424668,35122.87159696755,953.1579381069985,4,0,0.0,rho
2025-04-23,0.825,0.625,2400.0,2390.27887788889,2648.6574150000006,2400.0,1200.0,10800.0,58815.974497,34512.4464075,41.86955073333165,210.6554833355891,34723.10189083559,3557.289544078193,3,0,0.0,rho
2025-04-24,0.825,0.625,2400.0,2648.6574150000006,2835.7484641851865,2400.0,1315.809674074075,10800.0,59698.538251,35351.7270364264,0.0,0.0,35351.7270364264,8747.237184086429,0,0,0.0,rho
2025-04-25,0.825,0.625,2400.0,2835.7484641851865,3014.142124444447,2400.0,1663.1767777777793,10800.0,26819.738617,13256.516703141,0.0,0.0,13256.516703141,22233.91788790535,0,0,0.0,rho
2025-04-26,0.825,0.625,2400.0,3014.142124444447,2902.1887832296316,2400.0,1586.5405623037054,10800.0,26199.296201999998,12982.097691651401,0.0,0.0,12982.097691651401,24068.35462938272,0,0,0.0,rho
2025-04-27,0.825,0.625,2400.0,2902.1887832296316,2700.8863688518522,2400.0,1200.0,10800.0,55446.005828,33024.3520312037,348.09174549999784,2406.3107527611937,35430.66278396489,3648.5179668107025,2,0,0.0,rho
2025-04-28,0.825,0.625,2400.0,2700.8863688518522,2756.964698037037,2400.0,1200.0,10800.0,55602.702468999996,33355.0648223406,4473.820441633332,28052.870547813727,61407.93537015433,432.8683836214075,30,0,0.0,rho
2025-04-29,0.825,0.625,2400.0,2756.964698037037,2707.9339063703715,2400.0,1200.0,10800.0,55319.0045918,32768.23678925742,1017.9779321333292,6919.074902475504,39687.311691732924,5479.276995629635,4,0,0.0,rho
2025-04-30,0.825,0.625,2400.0,2707.9339063703715,2539.0957404814817,2400.0,1200.0,10800.0,55664.421109999996,33213.133965185,68.57122666666547,314.6570213016611,33527.79098648666,4224.0010081893,3,0,0.0,rho
2025-05-01,0.825,0.625,2400.0,2539.0957404814817,1972.32771,2400.0,1200.0,10800.0,57290.72079000001,34376.682562035996,1817.1670996666642,10375.47560381636,44752.15816585236,4626.239643744868,16,0,0.0,rho
2025-05-02,0.825,0.625,2400.0,1972.32771,2531.1200441851847,2400.0,1200.0,10800.0,29387.807176,15402.4642902696,195.71496136666622,1200.2718986988634,16602.73618896846,12108.98711205761,4,0,0.0,rho
2025-05-03,0.825,0.625,2400.0,2531.1200441851847,2522.9655140000004,2400.0,1200.0,10800.0,28929.175756999997,15277.2198720093,99.15045643333141,448.8990044500411,15726.11887645934,17830.2251833786,4,0,0.0,rho
2025-05-04,0.825,0.625,2400.0,2522.9655140000004,2393.5510741481485,2400.0,1200.0,10800.0,64946.39873,39159.347453284005,197.1429388333318,1310.0157261747393,40469.36317945874,10217.915667160496,3,0,0.0,rho
2025-05-05,0.825,0.625,2400.0,2393.5510741481485,4014.5045681481492,2400.0,1955.946977296296,10800.0,68437.7331629,41864.66275721427,0.0,0.0,41864.66275721427,7857.507775267495,0,0,0.0,rho
2025-05-06,0.825,0.625,2400.0,4014.5045681481492,3600.0617251481485,2400.0,1919.2655153703695,10800.0,62583.2208085,38899.3644328499,0.0,0.0,38899.3644328499,6535.352186724284,0,0,0.0,rho
2025-05-07,0.825,0.625,2400.0,3600.0617251481485,3609.843078925927,2400.0,1635.6822801851858,10800.0,63775.211936499996,39188.516127807554,0.0,0.0,39188.516127807554,5073.742977901236,0,0,0.0,rho
2025-05-08,0.825,0.625,2400.0,3609.843078925927,4041.5313431481495,2400.0,1891.0889522222228,10800.0,66127.736882,41170.3563945951,7.752124000000094,52.37722580600064,41222.7336204011,6209.135961633755,1,0,0.0,rho
2025-05-09,0.825,0.625,2400.0,4041.5313431481495,5244.925570851853,2400.0,2603.748313851852,10800.0,31231.7695483,17737.989345211972,0.0,0.0,17737.989345211972,19145.2945191642,0,0,0.0,rho
2025-05-10,0.825,0.625,2400.0,5244.925570851853,4147.228114111112,2400.0,2427.8102471111115,10800.0,28509.395243,16147.8960117964,0.0,0.0,16147.8960117964,15296.628237119343,0,0,0.0,rho
2025-05-11,0.825,0.625,2400.0,4147.228114111112,3029.0441062222258,2400.0,1373.5926935925959,10800.0,63275.1425909,38671.98407990577,41.18071666666674,277.36103945833383,38949.34511936411,5567.459311440342,2,0,0.0,rho
2025-05-12,0.825,0.625,2400.0,3029.0441062222258,3211.6499564814844,2400.0,1466.4595754814834,10800.0,64737.69802,39108.000355133,0.0,0.0,39108.000355133,9443.64476234569,0,0,0.0,rho
2025-05-13,0.825,0.625,2400.0,3211.6499564814844,2590.087857925926,2400.0,1200.0,10800.0,60508.062159,36130.9853993926,571.8641166666655,3520.388755578326,39651.37415497092,5107.76542731277,8,0,0.0,rho
2025-05-14,0.825,0.625,2400.0,2590.087857925926,2660.286669740743,2400.0,1420.287291000001,10800.0,62004.484039300005,37481.105498653764,0.0,0.0,37481.105498653764,5476.912560452676,0,0,0.0,rho
2025-05-15,0.825,0.625,2400.0,2660.286669740743,3247.9326580370375,2400.0,1708.910183740741,10800.0,62802.546911,37868.044722583996,0.0,0.0,37868.044722583996,5725.254556255141,0,0,0.0,rho
2025-05-16,0.825,0.625,2400.0,3247.9326580370375,3085.9756066296272,2400.0,1790.347516296294,10800.0,27844.402197999996,14903.604077388201,0.0,0.0,14903.604077388201,23028.49447757202,0,0,0.0,rho
2025-05-17,0.825,0.625,2400.0,3085.9756066296272,3031.4871094074133,2400.0,1261.3930714444498,10800.0,28014.460685000002,14897.2723421729,0.0,0.0,14897.2723421729,15462.739231506173,0,0,0.0,rho
2025-05-18,0.825,0.625,2400.0,3031.4871094074133,3448.970435085185,2400.0,1828.961734381481,10800.0,60205.74601161,36751.11028922413,5.236666666666679,35.318698333333415,36786.42898755747,2504.1096579094738,1,0,0.0,rho
2025-05-19,0.825,0.625,2400.0,3448.970435085185,3077.3848694444446,2400.0,1384.3832851851853,10800.0,59779.262101,36206.16070724389,51.19984033333344,345.3173231281674,36551.47803037206,9339.294911962972,1,0,0.0,rho
2025-05-20,0.825,0.625,2400.0,3077.3848694444446,2582.0991890370383,2400.0,1200.0,10800.0,56885.954801,34485.1211573924,965.0393732333359,6538.595370106117,41023.71652749852,399.7952839917716,6,0,0.0,rho
2025-05-21,0.825,0.625,2400.0,2582.0991890370383,2604.279582296296,2400.0,1200.0,10800.0,60044.250477,36157.6178615783,350.8610470333367,2275.5775159378904,38433.19537751619,5645.492801193425,4,0,0.0,rho
2025-05-22,0.825,0.625,2400.0,2604.279582296296,3595.2574571777786,2400.0,1517.0998728074087,10800.0,61213.12242766,37088.48047766884,0.0,0.0,37088.48047766884,5743.997687860087,0,0,0.0,rho
2025-05-23,0.825,0.625,2400.0,3595.2574571777786,3908.547483407411,2400.0,1857.8875703703739,10800.0,27521.842764,14756.5909009026,0.0,0.0,14756.5909009026,18411.291387773665,0,0,0.0,rho
2025-05-24,0.825,0.625,2400.0,3908.547483407411,3661.733369629632,2400.0,1864.9540111851902,10800.0,27082.27209638,14647.703862833223,0.0,0.0,14647.703862833223,21374.140838252435,0,0,0.0,rho
2025-05-25,0.825,0.625,2400.0,3661.733369629632,3121.470546000001,2400.0,1457.6753718518523,10800.0,58802.951998000004,35863.9699705922,0.0,0.0,35863.9699705922,7543.525838600821,0,0,0.0,rho
2025-05-26,0.825,0.625,2400.0,3121.470546000001,2926.733489481483,2400.0,1200.0,10800.0,57526.391395,35459.5951488695,775.535730333328,5289.943608156922,40749.53875702642,547.1558918107015,4,0,0.0,rho
2025-05-27,0.825,0.625,2400.0,2926.733489481483,2525.5689673703705,2400.0,1200.0,10800.0,56934.971095,34583.061143234,130.4054983333317,909.708756373322,35492.76989960732,4681.964262798359,1,0,0.0,rho
2025-05-28,0.825,0.625,2400.0,2525.5689673703705,2730.674387444445,2400.0,1200.0,10800.0,57137.886348,34516.46901318,202.69185749999644,1413.9783979199751,35930.44741109998,1232.775340864203,1,0,0.0,rho
2025-05-29,0.825,0.625,2400.0,2730.674387444445,2845.8359913703707,2400.0,1200.0,10800.0,59463.374345000004,35901.559951636795,31.90279206666844,218.037158107079,36119.597109743874,1382.4446167695469,2,0,0.0,rho
2025-05-30,0.825,0.625,2400.0,2845.8359913703707,3667.6096290000014,2400.0,1999.0874700740762,10800.0,28707.803906,15361.3571710698,0.0,0.0,15361.3571710698,18970.320370082307,0,0,0.0,rho
2025-05-31,0.825,0.625,2400.0,3667.6096290000014,3553.8449768148125,2400.0,1734.8936881481445,10800.0,27697.9947155,14840.36509321605,0.0,0.0,14840.36509321605,17320.312278536217,0,0,0.0,rho
2025-06-01,0.825,0.625,2400.0,3553.8449768148125,1950.0,2400.0,1200.0,9694.20225037037,61982.2453558,37585.5781123636,10465.066151599998,56149.391649941696,93734.96976230529,0.0,72,0,0.0,rho
2025-06-02,0.825,0.625,2400.0,1950.0,2200.0146738888893,2400.0,1200.0,10800.0,74028.78126759999,45011.22704213904,2603.544859033331,17406.358121422483,62417.585163561525,3626.326385637859,12,0,0.0,rho
2025-06-03,0.825,0.625,2400.0,2200.0146738888893,2687.676084777778,2400.0,1200.0,10800.0,76175.9037778,46598.53206741349,823.370320949998,4678.396784199167,51276.92885161266,4162.862948456795,18,0,0.0,rho
2025-06-04,0.825,0.625,2400.0,2687.676084777778,3768.435235740741,2400.0,1902.6005133333329,10800.0,81434.1916273,51122.210750058264,0.0,0.0,51122.210750058264,7038.158343654327,0,0,0.0,rho
2025-06-05,0.825,0.625,2400.0,3768.435235740741,3958.414275962966,2400.0,1852.4534888888898,10800.0,83146.212529,52790.089698861,0.0,0.0,52790.089698861,7858.337628917708,0,0,0.0,rho
2025-06-06,0.825,0.625,2400.0,3958.414275962966,2551.3899117777783,2400.0,1200.0,10800.0,34215.360101800004,19816.17362668526,879.1393943333321,5965.047152066283,25781.220778751544,3110.4549523045284,4,0,0.0,rho
2025-06-07,0.825,0.625,2400.0,2551.3899117777783,4216.531464259259,2400.0,2008.7844542592597,10800.0,41277.770925000004,24208.998450766,0.0,0.0,24208.998450766,6155.468191296295,0,0,0.0,rho
2025-06-08,0.825,0.625,2400.0,4216.531464259259,4842.858726222224,2400.0,2422.0175222222238,10800.0,91488.678145,59142.1126897092,0.0,0.0,59142.1126897092,22901.506746304534,0,0,0.0,rho
2025-06-09,0.825,0.625,2400.0,4842.858726222224,3717.033194185187,2400.0,1596.0894659259272,10800.0,86673.012467,55483.325477546605,17.555929666666657,118.40596763683327,55601.73144518344,13407.885168144048,1,0,0.0,rho
2025-06-10,0.825,0.625,2400.0,3717.033194185187,3139.228803222223,2400.0,1526.3288352222226,10800.0,84757.402001,53526.1545494745,0.0,0.0,53526.1545494745,9962.701334082307,0,0,0.0,rho
2025-06-11,0.825,0.625,2400.0,3139.228803222223,3164.8807580000002,2400.0,1467.9389829629627,10800.0,83446.0776056,51862.05470744868,1386.8633717333332,6822.464165638724,58684.51887308741,4301.654796074081,12,0,0.0,rho
2025-06-12,0.825,0.625,2400.0,3164.8807580000002,3695.6514684814833,2400.0,1848.0353477777785,10800.0,87294.400552,55324.2765667083,0.0,0.0,55324.2765667083,10278.605791921815,0,0,0.0,rho
2025-06-13,0.825,0.625,2400.0,3695.6514684814833,5216.284591703703,2400.0,2568.927703703703,10800.0,42455.886667,25319.907560513,0.0,0.0,25319.907560513,10167.062937781897,0,0,0.0,rho
2025-06-14,0.825,0.625,2400.0,5216.284591703703,3587.984527185187,2400.0,1874.0910223333335,10800.0,35807.919564,21452.2535619178,0.0,0.0,21452.2535619178,9098.825017209874,0,0,0.0,rho
2025-06-15,0.825,0.625,2400.0,3587.984527185187,3368.0308336666662,2400.0,1699.4454007407394,10800.0,81506.53612499998,51435.7280359568,0.0,0.0,51435.7280359568,7323.995400432105,0,0,0.0,rho
2025-06-16,0.825,0.625,2400.0,3368.0308336666662,3074.0212799259257,2400.0,1473.69133874074,10800.0,82012.37594299999,51672.6881169542,105.73704933333352,713.1412609988346,52385.829377953036,5643.424132683127,4,0,0.0,rho
2025-06-17,0.825,0.625,2400.0,3074.0212799259257,2247.7524333703705,2400.0,1200.0,10800.0,80343.401333,50151.577431076905,1113.4255885000002,7584.300582936668,57735.87801401357,3628.0526201234593,8,0,0.0,rho
2025-06-18,0.825,0.625,2400.0,2247.7524333703705,2855.5861112222233,2400.0,1366.3744398888894,10800.0,82163.570735,51276.2864044347,0.0,0.0,51276.2864044347,6907.689367160501,0,0,0.0,rho
2025-06-19,0.825,0.625,2400.0,2855.5861112222233,2970.485743592596,2400.0,1295.9310082592615,10800.0,80477.20556500001,50059.7365708555,150.42426233333356,1013.3570106681682,51073.093581523666,8246.068987078195,3,0,0.0,rho
2025-06-20,0.825,0.625,2400.0,2970.485743592596,3156.238222222223,2400.0,1881.8326037777779,10800.0,34681.5196629,20177.856424275516,0.0,0.0,20177.856424275516,9721.434622776549,0,0,0.0,rho
2025-06-21,0.825,0.625,2400.0,3156.238222222223,3630.672938592591,2400.0,1629.682270185183,10800.0,34614.9486412,19902.85189298178,0.0,0.0,19902.85189298178,12402.053802064198,0,0,0.0,rho
2025-06-22,0.825,0.625,2400.0,3630.672938592591,3162.592055222225,2400.0,1586.6441970370397,10800.0,77486.2634043,48404.04585680888,11.665150033333362,78.54145517443352,48482.58731198331,6839.3390275637885,1,0,0.0,rho
2025-06-23,0.825,0.625,2400.0,3162.592055222225,2825.8658275185207,2400.0,1493.5836644444453,10800.0,76808.125862,47551.4561442633,9.60811433333322,64.76132548949924,47616.217469752795,6007.082581909482,2,0,0.0,rho
2025-06-24,0.825,0.625,2400.0,2825.8658275185207,2703.690217185185,2400.0,1200.0,10800.0,74067.22876,45709.6316746028,6357.105164400002,36637.32178708249,82346.95346168529,534.0361958436263,29,0,0.0,rho
2025-06-25,0.825,0.625,2400.0,2703.690217185185,2866.868136696301,2400.0,1348.382144103708,10800.0,75813.625967,46800.210074462404,449.8202653333335,2131.020781532501,48931.2308559949,1329.174694609057,7,0,0.0,rho
2025-06-26,0.825,0.625,2400.0,2866.868136696301,2792.1720799629643,2400.0,1395.4954314814825,10800.0,78667.74327258,48867.533783043895,110.89781733333359,747.8506790401684,49615.38446208406,7192.853481806592,4,0,0.0,rho
2025-06-27,0.825,0.625,2400.0,2792.1720799629643,3353.150979333337,2400.0,1479.9873400000029,10800.0,33777.7805027,19132.74254408117,0.0,0.0,19132.74254408117,10932.524757283954,0,0,0.0,rho
2025-06-28,0.825,0.625,2400.0,3353.150979333337,3215.3835065925937,2400.0,1633.0522543333332,10800.0,33061.915011,18719.3289281621,0.0,0.0,18719.3289281621,9203.262985526753,0,0,0.0,rho
2025-06-29,0.825,0.625,2400.0,3215.3835065925937,3453.4205774814814,2400.0,1581.119105518518,10800.0,79590.128937,49693.438338394495,0.0,0.0,49693.438338394495,6310.020719061729,0,0,0.0,rho
2025-06-30,0.825,0.625,2400.0,3453.4205774814814,3167.1911041481508,2400.0,1646.9211403703719,10800.0,79915.40848000001,49899.9024641071,78.5316886666667,529.3249447095002,50429.2274088166,6764.008008753095,3,0,0.0,rho
2025-07-01,0.825,0.625,2400.0,3167.1911041481508,1950.0,2400.0,1200.0,10800.0,78524.62274279,48439.430256055566,5477.357241516661,29561.38583223502,78000.8160882906,2374.4679106830063,43,0,0.0,rho
2025-07-02,0.825,0.625,2400.0,1950.0,3055.4064458888893,2400.0,1475.116403703704,10800.0,88709.067826,55676.518938793204,111.2349466666667,749.9092775450004,56426.4282163382,11239.556154641978,5,0,0.0,rho
2025-07-03,0.825,0.625,2400.0,3055.4064458888893,3652.101961259262,2400.0,1776.7756851851866,10800.0,92077.228259,58474.9240763678,22.630390000000034,157.70255950000023,58632.626635867804,7640.333080851849,2,0,0.0,rho
2025-07-04,0.825,0.625,2400.0,3652.101961259262,1950.0,2400.0,1200.0,10800.0,38547.0788236,22922.186968364178,1641.4133994166632,6983.881857407445,29906.068825771625,10495.311529299586,29,0,0.0,rho
2025-07-05,0.825,0.625,2400.0,1950.0,3745.6070325925925,2400.0,1591.5276975925917,10800.0,46620.438255500005,27371.03118719865,0.0,0.0,27371.03118719865,13465.663252907409,0,0,0.0,rho
2025-07-06,0.825,0.625,2400.0,3745.6070325925925,3829.942551,2400.0,1200.0,10800.0,87967.6211,56044.159836123,660.2320022333304,4504.265776780746,60548.425612903746,4610.307403703704,4,0,0.0,rho
2025-07-07,0.825,0.625,2400.0,3829.942551,4772.711581962965,2400.0,2168.3177629629645,10800.0,91152.5651278,58287.145001686586,0.0,0.0,58287.145001686586,13425.930675907,0,0,0.0,rho
2025-07-08,0.825,0.625,2400.0,4772.711581962965,5240.17250840741,2400.0,1481.1040906296307,10800.0,87127.321183,55901.5903000812,0.0,0.0,55901.5903000812,7009.9603949794255,0,0,0.0,rho
2025-07-09,0.825,0.625,2400.0,5240.17250840741,3973.000721629632,2400.0,1901.8019481481497,10800.0,81462.46714,52397.197735901005,25.836643333333313,174.17773103166655,52571.37546693267,4877.150150658446,1,0,0.0,rho
2025-07-10,0.825,0.625,2400.0,3973.000721629632,3411.704310370372,2400.0,1529.3719681481502,10800.0,83265.9315705,53046.8706292494,92.34611666666672,622.695517426667,53669.56614667607,6994.747305561732,3,0,0.0,rho
2025-07-11,0.825,0.625,2400.0,3411.704310370372,3947.2170893333364,2400.0,1305.882443333336,10800.0,49660.362429,29244.144502384897,0.0,0.0,29244.144502384897,14027.301020205763,0,0,0.0,rho
2025-07-12,0.825,0.625,2400.0,3947.2170893333364,3056.3179919629642,2400.0,1347.7182405925932,10800.0,43376.5835877,26343.08786505327,0.0,0.0,26343.08786505327,10806.413003823049,0,0,0.0,rho
2025-07-13,0.825,0.625,2400.0,3056.3179919629642,3459.501330000001,2400.0,1660.5610555555559,10800.0,84145.10044,53277.391802796,46.50318000000027,312.7686360200018,53590.160438816005,10812.91525296297,2,0,0.0,rho
2025-07-14,0.825,0.625,2400.0,3459.501330000001,3098.5784903703707,2400.0,1406.9675184074072,10800.0,81159.99125,51318.158679731,47.19137000000012,318.0709249783341,51636.22960470933,6143.867924238688,3,0,0.0,rho
2025-07-15,0.825,0.625,2400.0,3098.5784903703707,3511.558314555557,2400.0,1707.418685185187,10800.0,80650.01411,51025.943076391006,9.334713333333411,62.96264143333386,51088.90571782434,3745.9485730041188,1,0,0.0,rho
2025-07-16,0.825,0.625,2400.0,3511.558314555557,2622.0059942962976,2400.0,1200.0,10800.0,79403.143079,49919.4611767068,333.87112113333365,2316.012101969469,52235.47327867627,4671.520543444445,2,0,0.0,rho
2025-07-17,0.825,0.625,2400.0,2622.0059942962976,2605.3126601481504,2400.0,1221.8145532222238,10800.0,81644.04573,51139.421645926996,64.25749666666695,445.54555088166865,51584.96719680866,4686.297955267497,2,0,0.0,rho
2025-07-18,0.825,0.625,2400.0,2605.3126601481504,3204.692786518517,2400.0,1652.5069125925918,10800.0,43463.2683312,25877.649905037448,0.0,0.0,25877.649905037448,9075.658895891767,0,0,0.0,rho
2025-07-19,0.825,0.625,2400.0,3204.692786518517,3024.9892590000004,2400.0,1318.1038592592588,10800.0,42196.569927000004,25112.3095291255,0.0,0.0,25112.3095291255,13001.648779181067,0,0,0.0,rho
2025-07-20,0.825,0.625,2400.0,3024.9892590000004,3292.797578333337,2400.0,1724.3664074074097,10800.0,80608.70713,51042.359206874,17.071060000000102,119.08771456000072,51161.446921434006,4407.700331604945,1,0,0.0,rho
2025-07-21,0.825,0.625,2400.0,3292.797578333337,3442.6658837037053,2400.0,1690.7886518518533,10800.0,82064.0214,51798.844237080004,3.6690200000001596,25.450817970001097,51824.29505505,4049.219872181073,2,0,0.0,rho
2025-07-22,0.825,0.625,2400.0,3442.6658837037053,2585.4929572222236,2400.0,1209.9741386296307,10800.0,79816.20352000001,49954.538381796,144.6856499999999,975.6027419716661,50930.141123767666,3035.796493539101,5,0,0.0,rho
2025-07-23,0.825,0.625,2400.0,2585.4929572222236,3204.9096726296325,2400.0,1490.3277111111138,10800.0,83425.60446,52337.014921965994,42.32707333333349,285.7563021233344,52622.77122408933,4512.21671386832,2,0,0.0,rho
2025-07-24,0.825,0.625,2400.0,3204.9096726296325,3417.3982755555585,2400.0,1638.0507888888915,10800.0,83891.18431,52970.725546146,11.792946666666694,79.49625348000019,53050.221799626,6172.917170370384,1,0,0.0,rho
2025-07-25,0.825,0.625,2400.0,3417.3982755555585,3097.524586,2400.0,1425.3701892592594,10800.0,41901.9280731,24877.13166256844,0.0,0.0,24877.13166256844,13303.56773289424,0,0,0.0,rho
2025-07-26,0.825,0.625,2400.0,3097.524586,2998.194842222226,2400.0,1442.028074074076,10800.0,42143.783481499995,25202.6942468826,0.0,0.0,25202.6942468826,11373.550028248968,0,0,0.0,rho
2025-07-27,0.825,0.625,2400.0,2998.194842222226,3223.639507370371,2400.0,1554.6554930555556,10800.0,83322.94494,52484.2331439852,633.9786037499999,3249.659680960416,55733.892824945615,5899.311254341567,5,0,0.0,rho
2025-07-28,0.825,0.625,2400.0,3223.639507370371,2641.1244575925953,2400.0,1336.6324938148168,10800.0,83218.659538,52351.787293094196,147.7331579499993,748.3094601701051,53100.096753264304,1726.8155282263438,6,0,0.0,rho
2025-07-29,0.825,0.625,2400.0,2641.1244575925953,3138.346281814819,2400.0,1318.1701148148175,10800.0,84368.166516,52943.8679745806,124.08677666666688,839.1166496133349,53782.98462419394,3913.2334762016517,5,0,0.0,rho
2025-07-30,0.825,0.625,2400.0,3138.346281814819,3077.854408296295,2400.0,1410.3134405555538,10800.0,83872.31272,52650.370878999,4.995106666666743,33.71281672666718,52684.08369572566,5872.62979209877,2,0,0.0,rho
2025-07-31,0.825,0.625,2400.0,3077.854408296295,2713.617502925926,2400.0,1247.6626148148146,10800.0,84906.04959,53374.639096633,108.44737666666674,734.2853763650005,54108.924472998,6586.755115884774,5,0,0.0,rho
2025-08-01,0.825,0.625,2400.0,2713.617502925926,3100.5307710740753,2400.0,1421.3649242222227,10800.0,42205.753941999996,24836.058817145,0.0,0.0,24836.058817145,18080.09645981893,0,0,0.0,rho
2025-08-02,0.825,0.625,2400.0,3100.5307710740753,3216.7374880740767,2400.0,1490.2106875925942,10800.0,41747.904675,24836.7145592835,0.0,0.0,24836.7145592835,18502.911580925924,0,0,0.0,rho
2025-08-03,0.825,0.625,2400.0,3216.7374880740767,2546.4261037407414,2400.0,1200.0,10800.0,81420.76850199999,51196.9779364094,274.15633493333297,1692.764936112866,52889.74287252226,16154.621342674905,8,0,0.0,rho
2025-08-04,0.825,0.625,2400.0,2546.4261037407414,3382.0607490370394,2400.0,1834.5962444444463,10800.0,80570.14767,50627.606534797,0.0,0.0,50627.606534797,10901.88824218107,0,0,0.0,rho
2025-08-05,0.825,0.625,2400.0,3382.0607490370394,3079.573718444447,2400.0,1655.594925925928,10800.0,74458.95603,47273.737179266,0.7787133333333713,5.245802370000256,47278.982981636,6032.83498522634,1,0,0.0,rho
2025-08-06,0.825,0.625,2400.0,3079.573718444447,2621.7871586666674,2400.0,1200.0,10800.0,70411.54849,44919.347163178,1637.7810919666683,10923.482593148421,55842.82975632642,879.7986094650307,12,0,0.0,rho
2025-08-07,0.825,0.625,2400.0,2621.7871586666674,3048.4501604814814,2400.0,1389.611744444444,10800.0,70826.731979,45219.9070340837,80.9809976666669,546.5222561298349,45766.429290213535,2973.987598806595,3,0,0.0,rho
2025-08-08,0.825,0.625,2400.0,3048.4501604814814,3377.0229723333373,2400.0,1738.792772555559,10800.0,40860.696316,24026.3706969346,0.0,0.0,24026.3706969346,22192.60530645268,0,0,0.0,rho
2025-08-09,0.825,0.625,2400.0,3377.0229723333373,3206.9744816296306,2400.0,1686.9312146296302,10800.0,39263.605075,23249.355513361697,0.0,0.0,23249.355513361697,18210.943867592596,0,0,0.0,rho
2025-08-10,0.825,0.625,2400.0,3206.9744816296306,3431.611844777779,2400.0,1578.3920888888883,10800.0,70080.756981,45041.428050451104,59.336200000000076,407.76331249500055,45449.191362946105,998.1531395596678,2,0,0.0,rho
2025-08-11,0.825,0.625,2400.0,3431.611844777779,2884.255323703706,2400.0,1274.2838037037052,10800.0,71313.843757,45279.976702755106,156.20695633333366,1053.1003075295023,46333.07701028461,3645.101793333333,6,0,0.0,rho
2025-08-12,0.825,0.625,2400.0,2884.255323703706,2872.0052986666665,2400.0,1200.0,10800.0,71410.37722,45162.612116589,1328.1787883000006,9010.91294253218,54173.52505912118,1322.402552551453,12,0,0.0,rho
2025-08-13,0.825,0.625,2400.0,2872.0052986666665,3248.5177547777807,2400.0,1565.988644814818,10800.0,73483.147948,46706.728420774205,41.279582000000005,286.06229536066667,46992.79071613487,3510.742570288064,2,0,0.0,rho
2025-08-14,0.825,0.625,2400.0,3248.5177547777807,2732.393202370372,2400.0,1295.1342037037052,10800.0,73755.274255,46683.564514965,200.00117166666848,1114.500404336468,47798.06491930147,4518.430152160498,8,0,0.0,rho
2025-08-15,0.825,0.625,2400.0,2732.393202370372,3123.8530251481498,2400.0,1573.641951074076,10800.0,40424.21641170001,24020.24469254335,0.0,0.0,24020.24469254335,20257.458005239092,0,0,0.0,rho
2025-08-16,0.825,0.625,2400.0,3123.8530251481498,2961.76951362963,2400.0,1271.9877011111107,10800.0,40263.171191,23793.1553519071,0.0,0.0,23793.1553519071,21070.544616769548,0,0,0.0,rho
2025-08-17,0.825,0.625,2400.0,2961.76951362963,3225.5206099259262,2400.0,1495.5609151111105,10800.0,74540.77999,47397.574729927,78.24803333333341,526.9154741183338,47924.49020404533,7635.221367736627,4,0,0.0,rho
2025-08-18,0.825,0.625,2400.0,3225.5206099259262,3233.451305962963,2400.0,1635.9523444444433,10800.0,73591.67043,46960.604975481,82.77482666666697,560.4525461216688,47521.05752160267,5530.956263251042,3,0,0.0,rho
2025-08-19,0.825,0.625,2400.0,3233.451305962963,3000.3261577037056,2400.0,1670.118421407408,10800.0,72219.121248,46165.5690523014,150.94226200000026,1018.6615918663351,47184.230644167736,4787.473237283952,4,0,0.0,rho
2025-08-20,0.825,0.625,2400.0,3000.3261577037056,2702.910778481482,2400.0,1200.0,10800.0,70982.53161,45304.750583848,3898.8925878333293,24142.633392476506,69447.3839763245,1088.732311687244,20,0,0.0,rho
2025-08-21,0.825,0.625,2400.0,2702.910778481482,3236.550091814813,2400.0,1623.7995523703682,10800.0,74359.22086100001,47352.2464067415,0.0,0.0,47352.2464067415,4257.981631329223,0,0,0.0,rho
2025-08-22,0.825,0.625,2400.0,3236.550091814813,2752.2861368518547,2400.0,1429.2767882222242,10800.0,40895.826028999996,24194.1982564469,0.0,0.0,24194.1982564469,17527.737360864197,0,0,0.0,rho
2025-08-23,0.825,0.625,2400.0,2752.2861368518547,3081.1242592592607,2400.0,1796.3938703703707,10800.0,41691.378702,24751.3609285384,0.0,0.0,24751.3609285384,16541.75694889712,0,0,0.0,rho
2025-08-24,0.825,0.625,2400.0,3081.1242592592607,3236.4883203703707,2400.0,1805.3145509629624,10800.0,76946.22391,48785.29873788,0.0,0.0,48785.29873788,9340.984279917699,0,0,0.0,rho
2025-08-25,0.825,0.625,2400.0,3236.4883203703707,3034.807598481486,2400.0,1382.2955312592635,10800.0,77384.18869099999,49054.8961861445,17.556503333333353,118.3571672216668,49173.25335336616,2885.796801411535,1,0,0.0,rho
2025-08-26,0.825,0.625,2400.0,3034.807598481486,3268.2183132962973,2400.0,1481.81837125926,10800.0,77312.446279,48763.8451552007,42.80269766666697,288.78357779483537,49052.62873299554,7729.135935967088,3,0,0.0,rho
2025-08-27,0.825,0.625,2400.0,3268.2183132962973,2762.1881430000044,2400.0,1305.048772814819,10800.0,76576.873591,48388.4904090456,59.01240033333352,397.47755379766795,48785.967962843264,5246.433306732517,2,0,0.0,rho
2025-08-28,0.825,0.625,2400.0,2762.1881430000044,2833.137584851853,2400.0,1402.7952229629634,10800.0,76853.28267399999,48810.4946070662,294.709248333332,1424.6121564641599,50235.106763530355,2066.6760434156504,9,0,0.0,rho
2025-08-29,0.825,0.625,2400.0,2833.137584851853,3415.6963284814847,2400.0,1704.6482372962982,10800.0,42556.13748,25458.9473840859,0.0,0.0,25458.9473840859,16681.14613740741,0,0,0.0,rho
2025-08-30,0.825,0.625,2400.0,3415.6963284814847,2719.1337924074105,2400.0,1279.46845114815,10800.0,41007.31855499999,24433.836190232498,0.0,0.0,24433.836190232498,20884.850542037042,0,0,0.0,rho
2025-08-31,0.825,0.625,2400.0,2719.1337924074105,3329.376582925929,2400.0,1389.7053777777799,10800.0,77879.423832,49581.489608743796,54.24400133333347,372.61914586933426,49954.10875461313,6729.189744567913,4,0,0.0,rho
2025-09-01,0.825,0.625,2400.0,3329.376582925929,6561.55926111111,2400.0,3014.063131111111,10800.0,77504.468195,49336.911684037,0.0,0.0,49336.911684037,17285.1830169959,0,0,0.0,rho
2025-09-02,0.825,0.625,2400.0,6561.55926111111,3606.0781484566683,2400.0,1594.2645404566674,10800.0,59707.70082291101,38001.641420500135,9.12644350000005,61.58636215108367,38063.22778265122,5085.886989670784,2,0,0.0,rho
2025-09-03,0.825,0.625,2400.0,3606.0781484566683,2445.7221557037046,2400.0,1200.0,10800.0,61366.63127184,38229.83151914322,467.4930104266673,3037.314717429608,41267.14623657283,4054.2008172563847,8,0,0.0,rho
2025-09-04,0.825,0.625,2400.0,2445.7221557037046,2854.774406074075,2400.0,1200.0,10800.0,62151.16506898,38375.61469466948,771.91078038666,5249.637976665177,43625.25267133466,4642.501132757207,7,0,0.0,rho
2025-09-05,0.825,0.625,2400.0,2854.774406074075,6045.496281666666,2400.0,2870.741780074075,10800.0,39451.009770000004,23434.761347394997,0.0,0.0,23434.761347394997,26806.843569958844,0,0,0.0,rho
2025-09-06,0.825,0.625,2400.0,6045.496281666666,4158.281092629632,2400.0,2105.5030322962984,10800.0,30967.883586,18017.2591884368,0.0,0.0,18017.2591884368,22619.591896781887,0,0,0.0,rho
2025-09-07,0.825,0.625,2400.0,4158.281092629632,2665.957008522224,2400.0,1307.5732318555565,10800.0,59310.25773267,37390.14021795187,0.0,0.0,37390.14021795187,2062.2911510370504,0,0,0.0,rho
2025-09-08,0.825,0.625,2400.0,2665.957008522224,1950.0,2400.0,1200.0,10402.92970322593,57577.771046,35417.4187501707,4590.723722719992,28715.533283097007,64132.952033267706,65.0516666666673,30,0,0.0,rho
2025-09-09,0.825,0.625,2400.0,1950.0,2664.026727000001,2400.0,1200.0,10800.0,62733.49941800001,38645.4204763568,424.42830279999765,2745.1850595662268,41390.60553592302,5397.798927818936,5,0,0.0,rho
2025-09-10,0.825,0.625,2400.0,2664.026727000001,2628.546615962963,2400.0,1200.0,10800.0,62335.44739,38682.129272179,3266.701932799995,19791.677184466625,58473.80645664563,581.2743568312825,21,0,0.0,rho
2025-09-11,0.825,0.625,2400.0,2628.546615962963,3234.680480814818,2400.0,1533.9117620740758,10800.0,69038.71351919998,42988.35476369721,6.071666666666715,40.929105000000334,43029.28386869721,11058.041143497952,1,0,0.0,rho
2025-09-12,0.825,0.625,2400.0,3234.680480814818,3337.123544666667,2400.0,1840.657907407407,10800.0,33263.155973,18596.5930350573,0.0,0.0,18596.5930350573,18915.93588061317,0,0,0.0,rho
2025-09-13,0.825,0.625,2400.0,3337.123544666667,3524.916746740743,2400.0,1830.4927447037055,10800.0,32426.495431,18258.5043431491,0.0,0.0,18258.5043431491,21737.246249135802,0,0,0.0,rho
2025-09-14,0.825,0.625,2400.0,3524.916746740743,2928.39859277778,2400.0,1599.217647259261,10800.0,67608.6640692,42387.71243702345,0.0,0.0,42387.71243702345,4289.8155202469225,0,0,0.0,rho
2025-09-15,0.825,0.625,2400.0,2928.39859277778,3547.2430618518515,2400.0,1508.1472318518508,10800.0,70872.92882199999,44315.82215508152,1.1717666666667128,7.89360615000031,44323.71576123152,11294.186496255148,1,0,0.0,rho
2025-09-16,0.825,0.625,2400.0,3547.2430618518515,2749.214063148149,2400.0,1331.1961788888887,10800.0,65356.494141,40963.270701263,8.238266666666732,55.38174766666711,41018.652448929664,2971.479298930044,1,0,0.0,rho
2025-09-17,0.825,0.625,2400.0,2749.214063148149,2744.1204550000016,2400.0,1361.9234518518538,10800.0,67053.57905,41407.141841556004,7.62916666666672,34.70889375000024,41441.850735306005,3077.7882544032977,1,0,0.0,rho
2025-09-18,0.825,0.625,2400.0,2744.1204550000016,2989.3864521481496,2400.0,1305.4947177777779,10800.0,68020.31484400001,42380.9863469094,0.0,0.0,42380.9863469094,4666.357167325114,0,0,0.0,rho
2025-09-19,0.825,0.625,2400.0,2989.3864521481496,3986.5971303333354,2400.0,1952.167137037038,10800.0,34597.327669,19564.4766800891,0.0,0.0,19564.4766800891,14703.020483004117,0,0,0.0,rho
2025-09-20,0.825,0.625,2400.0,3986.5971303333354,3562.420507666669,2400.0,1448.651983481484,10800.0,32088.702348,18116.622050067603,0.0,0.0,18116.622050067603,14232.30553530865,0,0,0.0,rho
2025-09-21,0.825,0.625,2400.0,3562.420507666669,3370.8227788888894,2400.0,1536.8467701111122,10800.0,70735.0841059,44263.67158897854,0.0,0.0,44263.67158897854,9203.343579465029,0,0,0.0,rho
2025-09-22,0.825,0.625,2400.0,3370.8227788888894,2903.413713703705,2400.0,1511.8169073333336,10800.0,69557.40129159999,43560.15779292844,10.906666666666638,73.52183999999981,43633.67963292844,5709.810204399175,1,0,0.0,rho
2025-09-23,0.825,0.625,2400.0,2903.413713703705,2962.825928703705,2400.0,1200.0,10800.0,70064.578377,43573.526301775506,232.75058960000018,1512.9261490936015,45086.45245086911,4118.642873255148,3,0,0.0,rho
2025-09-24,0.825,0.625,2400.0,2962.825928703705,3296.9247016296313,2400.0,1375.0569448888893,10800.0,68697.4617791,42777.72674750511,0.0,0.0,42777.72674750511,3330.0295048024736,0,0,0.0,rho
2025-09-25,0.825,0.625,2400.0,3296.9247016296313,2856.043285851856,2400.0,1602.3043983703737,10800.0,70061.7127852,44006.392789542064,15.37166666666667,103.4974316666667,44109.890221208734,6326.930866707826,1,0,0.0,rho
2025-09-26,0.825,0.625,2400.0,2856.043285851856,3659.427031629632,2400.0,1986.9148074074103,10800.0,35291.789239000005,19880.1719614917,0.0,0.0,19880.1719614917,13987.348040481482,0,0,0.0,rho
2025-09-27,0.825,0.625,2400.0,3659.427031629632,2745.131002592593,2400.0,1344.6555413703704,10800.0,32952.613728,18501.2231757676,0.0,0.0,18501.2231757676,13361.726715460904,0,0,0.0,rho
2025-09-28,0.825,0.625,2400.0,2745.131002592593,3299.4763742222235,2400.0,1360.8959360740776,10800.0,71457.397954,44755.92771067341,5.868333333333339,39.56136916666671,44795.489079840074,3342.8138779012493,1,0,0.0,rho
2025-09-29,0.825,0.625,2400.0,3299.4763742222235,3047.736809444444,2400.0,1309.5987241481473,10800.0,71874.30040840001,44999.08113607002,26.015016666666725,134.7362566666671,45133.81739273669,5508.00022925927,2,0,0.0,rho
2025-09-30,0.825,0.625,2400.0,3047.736809444444,2987.5600826296304,2400.0,1367.806640777778,10800.0,71314.5478842,44691.69221052618,31.411150000000134,212.2294349750009,44903.92164550118,1706.6710216049441,1,0,0.0,rho
2025-10-01,0.825,0.625,2400.0,2987.5600826296304,4473.793414592593,2400.0,2141.779732592593,10800.0,70381.22475640001,43700.888862562686,0.0,0.0,43700.888862562686,15801.512946337454,0,0,0.0,rho
2025-10-02,0.825,0.625,2400.0,4473.793414592593,3239.191067259262,2400.0,1543.059266666669,10800.0,65996.02554999999,40557.347335921004,0.0,0.0,40557.347335921004,11762.534809218112,0,0,0.0,rho
2025-10-03,0.825,0.625,2400.0,3239.191067259262,4752.739735296297,2400.0,2591.1817962962973,10800.0,32842.727122,17995.885500800003,0.0,0.0,17995.885500800003,20801.26728241152,0,0,0.0,rho
2025-10-04,0.825,0.625,2400.0,4752.739735296297,3254.7412556666677,2400.0,1534.969445037042,10800.0,29249.129786999998,15683.9211186784,0.0,0.0,15683.9211186784,15112.233331539102,0,0,0.0,rho
2025-10-05,0.825,0.625,2400.0,3254.7412556666677,2936.383922814814,2400.0,1383.0437608148143,10800.0,64238.43828,39220.8469324688,0.0,0.0,39220.8469324688,6104.109666913592,0,0,0.0,rho
2025-10-06,0.825,0.625,2400.0,2936.383922814814,2430.1915642222216,2400.0,1200.0,10800.0,62064.497624999996,37754.7029015648,400.6066140000013,2764.731029150092,40519.43393071489,1315.1128395884816,2,0,0.0,rho
2025-10-07,0.825,0.625,2400.0,2430.1915642222216,2492.150302925926,2400.0,1200.0,10800.0,61328.63704682,37140.12397054111,935.9533614266617,5313.3191965704955,42453.44316711161,386.48175580246505,16,0,0.0,rho
2025-10-08,0.825,0.625,2400.0,2492.150302925926,2429.865443814815,2400.0,1200.0,10800.0,58353.193266999995,34981.4114009775,2308.3165329366634,14568.838287530752,49550.24968850825,308.8220089711941,20,0,0.0,rho
2025-10-09,0.825,0.625,2400.0,2429.865443814815,2512.3775558148154,2400.0,1200.0,10800.0,63647.736081999996,38757.240076240596,15.022102666666271,71.84247590466418,38829.08255214526,3600.994101604948,2,0,0.0,rho
2025-10-10,0.825,0.625,2400.0,2512.3775558148154,3322.42535825926,2400.0,1763.9845264074074,10800.0,32047.587387,17020.5388364789,0.0,0.0,17020.5388364789,18978.255857119337,0,0,0.0,rho
2025-10-11,0.825,0.625,2400.0,3322.42535825926,3136.760791851855,2400.0,1548.6099859259293,10800.0,31859.524988,16858.2393366886,0.0,0.0,16858.2393366886,15117.765931037044,0,0,0.0,rho
2025-10-12,0.825,0.625,2400.0,3136.760791851855,2410.84143262963,2400.0,1200.0,10800.0,64928.716141,39824.696079376794,129.54175269999985,855.711859635199,40680.407939011995,3480.0553530329244,2,0,0.0,rho
2025-10-13,0.825,0.625,2400.0,2410.84143262963,3165.035682444446,2400.0,1532.5648925925934,10800.0,67637.3015921,41814.36158801118,0.0,0.0,41814.36158801118,5961.203035884776,0,0,0.0,rho
2025-10-14,0.825,0.625,2400.0,3165.035682444446,2982.583996703709,2400.0,1526.781763296298,10800.0,65739.18165760001,40810.05608015267,0.0,0.0,40810.05608015267,1168.580337942391,0,0,0.0,rho
2025-10-15,0.825,0.625,2400.0,2982.583996703709,2820.996810370371,2400.0,1200.0,10800.0,65277.679252,40412.311488443804,666.2767627333321,4536.272652889367,44948.58414133317,318.8772544032986,3,0,0.0,rho
2025-10-16,0.825,0.625,2400.0,2820.996810370371,2806.664988,2400.0,1200.0,10800.0,68430.79001,42279.027458977995,618.3804580999969,4225.361273917896,46504.38873289589,1882.03661670782,3,0,0.0,rho
2025-10-17,0.825,0.625,2400.0,2806.664988,3180.662586962964,2400.0,1834.6227048148153,10800.0,33153.226042,17762.4415470659,0.0,0.0,17762.4415470659,13792.049539600823,0,0,0.0,rho
2025-10-18,0.825,0.625,2400.0,3180.662586962964,3493.638128592593,2400.0,1998.8210518518515,10800.0,32496.1729911,17327.622898139532,0.0,0.0,17327.622898139532,13358.74057954733,0,0,0.0,rho
2025-10-19,0.825,0.625,2400.0,3493.638128592593,2695.6041270000005,2400.0,1200.0,10800.0,70438.31474999999,43404.189234009,27.80917133333137,131.83625061565743,43536.02548462465,3251.0603019341547,2,0,0.0,rho
2025-10-20,0.825,0.625,2400.0,2695.6041270000005,2757.6086038518524,2400.0,1200.0,10800.0,72736.38358,44983.512434577,499.8363901333331,2403.943195976465,47387.455630553464,4616.425800452676,6,0,0.0,rho
2025-10-21,0.825,0.625,2400.0,2757.6086038518524,2832.727339703704,2400.0,1215.1905625,10800.0,73101.26965,45114.371103405,24.458360816663024,121.3458152339235,45235.71691863892,2359.807297880658,2,0,0.0,rho
2025-10-22,0.825,0.625,2400.0,2832.727339703704,2601.674090148148,2400.0,1200.0,10800.0,73062.0773791,44917.20059244909,556.2317513666641,2760.0096046513618,47677.21019710045,4124.196142016463,8,0,0.0,rho
2025-10-23,0.825,0.625,2400.0,2601.674090148148,2930.183628740742,2400.0,1386.8256407407416,10800.0,75306.874247,46697.4737671723,0.0,0.0,46697.4737671723,7384.486774897134,0,0,0.0,rho
2025-10-24,0.825,0.625,2400.0,2930.183628740742,2949.5224554814813,2400.0,1568.4449407407399,10800.0,33501.258711,17907.4817988574,0.0,0.0,17907.4817988574,11899.72608577367,0,0,0.0,rho
2025-10-25,0.825,0.625,2400.0,2949.5224554814813,2745.616007740744,2400.0,1421.7166634444472,10800.0,33580.95701,17864.595715379997,0.0,0.0,17864.595715379997,11485.793151481479,0,0,0.0,rho
2025-10-26,0.825,0.625,2400.0,2745.616007740744,3044.8496963703737,2400.0,1553.0732555555574,10800.0,75226.782302,46830.6646209638,0.0,0.0,46830.6646209638,6606.510910864206,0,0,0.0,rho
2025-10-27,0.825,0.625,2400.0,3044.8496963703737,2618.1026585555564,2400.0,1200.0,10800.0,74255.52621000001,46164.05157789201,224.4399354333358,1520.4376023829502,47684.48918027496,7510.630178353918,2,0,0.0,rho
2025-10-28,0.825,0.625,2400.0,2618.1026585555564,2827.062923888889,2400.0,1362.7501888888892,10800.0,73626.503361,45592.2260870678,0.0,0.0,45592.2260870678,3350.9354779835503,0,0,0.0,rho
2025-10-29,0.825,0.625,2400.0,2827.062923888889,2583.234796111113,2400.0,1200.0,10800.0,71140.9677602,44093.20482883796,2484.2567367333286,16368.465049967397,60461.669878805355,618.1714392592622,15,0,0.0,rho
2025-10-30,0.825,0.625,2400.0,2583.234796111113,2765.366498111113,2400.0,1465.3387395555576,10800.0,74147.27975,46041.653943374,3.641833333333352,17.058347333333423,46058.712290707335,4927.979040329226,1,0,0.0,rho
2025-10-31,0.825,0.625,2400.0,2765.366498111113,3061.544963629631,2400.0,1563.3107962962981,10800.0,34689.709646999996,18575.5773306531,0.0,0.0,18575.5773306531,7285.43547000412,0,0,0.0,rho
2025-11-01,0.825,0.625,2400.0,3061.544963629631,3208.4437132592634,2400.0,1781.628788888892,10800.0,33999.870876,18175.0923042208,0.0,0.0,18175.0923042208,8330.151624847742,0,0,0.0,rho
2025-11-02,0.825,0.625,2400.0,3208.4437132592634,2603.705252222224,2400.0,1200.0,10800.0,75874.3293892,46989.077237105754,268.49208479999976,1873.0007835647982,48862.07802067055,3613.043250452684,1,0,0.0,rho
2025-11-03,0.825,0.625,2400.0,2603.705252222224,3074.058944962963,2400.0,1659.1613518518507,10800.0,78062.1185591,48665.052383906426,0.0,0.0,48665.052383906426,4080.0857441123567,0,0,0.0,rho
2025-11-04,0.825,0.625,2400.0,3074.058944962963,2579.800117,2400.0,1200.0,10800.0,77246.5645468,48042.00186474858,166.64295283333078,1068.012936128649,49110.01480087722,6356.664197199182,4,0,0.0,rho
2025-11-05,0.825,0.625,2400.0,2579.800117,2684.326813407412,2400.0,1323.900951703707,10800.0,76708.39780569999,47486.78861092044,0.0,0.0,47486.78861092044,2490.0685434946554,0,0,0.0,rho
2025-11-06,0.825,0.625,2400.0,2684.326813407412,2684.8752756296312,2400.0,1243.2855625,10800.0,77888.943584,48413.3958340282,761.6337658166635,3677.9588768050094,52091.354710833206,2811.3889028600925,9,0,0.0,rho
2025-11-07,0.825,0.625,2400.0,2684.8752756296312,3210.7876531851866,2400.0,1431.3510875185211,10800.0,35631.668963000004,19143.7651656354,0.0,0.0,19143.7651656354,8425.269905551446,0,0,0.0,rho
2025-11-08,0.825,0.625,2400.0,3210.7876531851866,3128.47863225926,2400.0,1636.2275259259268,10800.0,35002.815555,18633.523511026804,0.0,0.0,18633.523511026804,8229.470470555556,0,0,0.0,rho
2025-11-09,0.825,0.625,2400.0,3128.47863225926,2700.436551925927,2400.0,1200.0,10800.0,78202.322124,48990.393935683,220.46969380000132,1479.3254486240098,50469.71938430701,3468.002238074077,3,0,0.0,rho
2025-11-10,0.825,0.625,2400.0,2700.436551925927,2739.3873929259275,2400.0,1289.8436915555558,10800.0,79536.21704700001,49800.024713569,0.0,0.0,49800.024713569,1259.4336511975296,0,0,0.0,rho
2025-11-11,0.825,0.625,2400.0,2739.3873929259275,2940.2580623703707,2400.0,1467.1964148148145,10800.0,79529.8534661,49871.56050235108,2.0516666666667334,8.98527416666696,49880.54577651775,3609.008380613175,1,0,0.0,rho
2025-11-12,0.825,0.625,2400.0,2940.2580623703707,2877.611434555557,2400.0,1239.6917655555565,10800.0,79070.03765010001,49508.49979971469,10.49991423333347,45.984374384883935,49554.484174099576,3893.249661699597,1,0,0.0,rho
2025-11-13,0.825,0.625,2400.0,2877.611434555557,2829.2108118518536,2400.0,1242.8625259259275,10800.0,80374.5604797,50676.154086415816,2.010533333333342,9.417338133333374,50685.57142454915,3899.964064420171,1,0,0.0,rho
2025-11-14,0.825,0.625,2400.0,2829.2108118518536,3090.7976044444486,2400.0,1581.1263407407441,10800.0,36271.515131,19484.701042425702,0.0,0.0,19484.701042425702,5123.62295231688,0,0,0.0,rho
2025-11-15,0.825,0.625,2400.0,3090.7976044444486,2798.5196468518525,2400.0,1402.4277370370373,10800.0,35172.1272,18895.0964388508,0.0,0.0,18895.0964388508,4003.589814526756,0,0,0.0,rho
2025-11-16,0.825,0.625,2400.0,2798.5196468518525,2674.099402666667,2400.0,1374.041657407407,10800.0,82023.249105,51631.0149837898,0.0,0.0,51631.0149837898,3375.1594024814826,0,0,0.0,rho
2025-11-17,0.825,0.625,2400.0,2674.099402666667,2927.8178590740763,2400.0,1484.9592518518539,10800.0,83150.18418509999,52497.49232657999,0.0,0.0,52497.49232657999,5974.43560621112,0,0,0.0,rho
2025-11-18,0.825,0.625,2400.0,2927.8178590740763,2611.0847022222233,2400.0,1296.4841148148153,10800.0,80572.9813447,50637.023832676714,0.0,0.0,50637.023832676714,1743.1567344032992,0,0,0.0,rho
2025-11-19,0.825,0.625,2400.0,2611.0847022222233,2533.952542555557,2400.0,1200.0,10800.0,82356.98189600001,51723.2424950582,139.24716636666534,665.3012537426937,52388.54374880089,2752.6525042757225,6,0,0.0,rho
2025-11-20,0.825,0.625,2400.0,2533.952542555557,2778.810508222223,2400.0,1433.6989746296304,10800.0,83665.72833520001,52677.73330811358,0.0,0.0,52677.73330811358,4183.957239333332,0,0,0.0,rho
2025-11-21,0.825,0.625,2400.0,2778.810508222223,3149.2647923703717,2400.0,1668.2490448148174,10800.0,36956.437339,19825.698111341702,0.0,0.0,19825.698111341702,4269.281050234571,0,0,0.0,rho
2025-11-22,0.825,0.625,2400.0,3149.2647923703717,2808.2731495185194,2400.0,1383.0485459259262,10800.0,36081.445421,19257.1962427237,0.0,0.0,19257.1962427237,2905.90584877778,0,0,0.0,rho
2025-11-23,0.825,0.625,2400.0,2808.2731495185194,2863.1172137407443,2400.0,1398.546282555558,10800.0,83777.4145406,52857.31847682824,0.0,0.0,52857.31847682824,4087.183224283954,0,0,0.0,rho
2025-11-24,0.825,0.625,2400.0,2863.1172137407443,2493.653377259259,2400.0,1200.0,10800.0,83540.372269,52630.0507535981,77.05564266666363,494.35964724264556,53124.410400840745,5665.607149345687,2,0,0.0,rho
2025-11-25,0.825,0.625,2400.0,2493.653377259259,2774.4513594444484,2400.0,1372.634129629633,10800.0,83435.1645304,52466.42257839115,0.0,0.0,52466.42257839115,2562.8805622139953,0,0,0.0,rho
2025-11-26,0.825,0.625,2400.0,2774.4513594444484,3180.5092925925937,2400.0,1496.8097407407404,10800.0,83541.418695,52708.2028270254,32.99316666666664,154.53999266666654,52862.74281969207,1942.2935814650352,1,0,0.0,rho
2025-11-27,0.825,0.625,2400.0,3180.5092925925937,2943.7207278888927,2400.0,1341.173113814818,10800.0,83540.4991815,52789.60683632965,0.0,0.0,52789.60683632965,3506.800937849796,0,0,0.0,rho
2025-11-28,0.825,0.625,2400.0,2943.7207278888927,3206.066720592596,2400.0,1425.4974925925962,10800.0,37437.656065999996,20116.021731421002,0.0,0.0,20116.021731421002,2747.432884489719,0,0,0.0,rho
2025-11-29,0.825,0.625,2400.0,3206.066720592596,2507.819876851852,2400.0,1200.0,9935.29554411112,37260.35738,19989.3060787993,375.65655363332513,2462.3198564653776,22451.62593526468,145.43421666666734,3,0,0.0,rho
2025-11-30,0.825,0.625,2400.0,2507.819876851852,2647.168132851852,2400.0,1299.1854407407404,10800.0,85959.412189,54292.8433407114,0.0,0.0,54292.8433407114,861.4063134156462,0,0,0.0,rho
2025-12-01,0.825,0.625,2400.0,2647.168132851852,2478.58296925926,2400.0,1200.0,10526.834387740744,87174.204038,55141.702626856495,4346.675425199993,22533.794247233698,77675.4968740902,753.864183333335,20,0,0.0,rho
2025-12-02,0.825,0.625,2400.0,2478.58296925926,2653.12561077778,2400.0,1200.0,10800.0,94760.557955,60223.4840257175,886.7931516666656,4398.82043458437,64622.30446030187,1971.1595097119407,8,0,0.0,rho
2025-12-03,0.825,0.625,2400.0,2653.12561077778,3092.5722409259265,2400.0,1642.4169799259253,10800.0,96545.225743,61978.200323411795,0.0,0.0,61978.200323411795,4540.855888765445,0,0,0.0,rho
2025-12-04,0.825,0.625,2400.0,3092.5722409259265,2721.436908000001,2400.0,1200.0,10800.0,97498.535027,62695.42012335319,35.070177766664486,197.67443756595324,62893.09456091915,6386.142161028816,2,0,0.0,rho
2025-12-05,0.825,0.625,2400.0,2721.436908000001,3046.7883248888925,2400.0,1298.6362080740791,10800.0,48981.883536,25772.8571234416,0.0,0.0,25772.8571234416,3338.396447818938,0,0,0.0,rho
2025-12-06,0.825,0.625,2400.0,3046.7883248888925,2848.315450407408,2400.0,1409.7933638888887,10800.0,51442.520059999995,27118.770359773,0.0,0.0,27118.770359773,4301.901420658447,0,0,0.0,rho
2025-12-07,0.825,0.625,2400.0,2848.315450407408,2649.0942585555567,2400.0,1200.0,10800.0,98609.475103,63437.464990785,2.5168566333314395,11.743653051124497,63449.20864383613,6698.617411316879,1,0,0.0,rho
2025-12-08,0.825,0.625,2400.0,2649.0942585555567,3347.293784444447,2400.0,1529.5965444444455,10800.0,103021.78776199999,66511.7427981337,0.0,0.0,66511.7427981337,10116.499831440338,0,0,0.0,rho
2025-12-09,0.825,0.625,2400.0,3347.293784444447,2862.343747814815,2400.0,1400.2181345925924,10800.0,98408.71347720001,63435.57247928667,38.8660133333334,226.01385759666704,63661.58633688334,7001.931435102892,2,0,0.0,rho
2025-12-10,0.825,0.625,2400.0,2862.343747814815,2707.7570674074086,2400.0,1437.8688629629632,10800.0,96753.48320819999,62188.05684973176,0.0,0.0,62188.05684973176,4062.1642769135833,0,0,0.0,rho
2025-12-11,0.825,0.625,2400.0,2707.7570674074086,2915.263563740743,2400.0,1488.7569370370384,10800.0,97012.272336,62486.9049547664,0.0,0.0,62486.9049547664,6190.106404074077,0,0,0.0,rho
2025-12-12,0.825,0.625,2400.0,2915.263563740743,3301.915411518521,2400.0,1688.3512785185198,10800.0,52203.961314,27845.6067091234,0.0,0.0,27845.6067091234,4476.159713950622,0,0,0.0,rho
2025-12-13,0.825,0.625,2400.0,3301.915411518521,3194.106653222221,2400.0,1533.0634592592583,10800.0,50293.674606,26485.697629449598,0.0,0.0,26485.697629449598,2837.547162201655,0,0,0.0,rho
2025-12-14,0.825,0.625,2400.0,3194.106653222221,2685.362418518519,2400.0,1359.1502037037033,10800.0,96011.4101302,61670.94207315312,0.0,0.0,61670.94207315312,3094.0823204115263,0,0,0.0,rho
2025-12-15,0.825,0.625,2400.0,2685.362418518519,2682.7176600000007,2400.0,1295.7060296296295,10800.0,96527.16571500001,61908.349793824,0.0,0.0,61908.349793824,2215.47427263375,0,0,0.0,rho
2025-12-16,0.825,0.625,2400.0,2682.7176600000007,2707.1637041851895,2400.0,1381.6607171851883,10800.0,96969.76508530001,62233.633812819375,3.263695666666763,19.064878236833895,62252.69869105621,2867.484505925934,1,0,0.0,rho
2025-12-17,0.825,0.625,2400.0,2707.1637041851895,2574.9079031111146,2400.0,1226.164306444447,10800.0,96471.860221,61614.8680405091,3.227091666666638,17.9625044541665,61632.83054496327,3743.106555432113,2,0,0.0,rho
2025-12-18,0.825,0.625,2400.0,2574.9079031111146,2831.6584325185204,2400.0,1382.9984333333355,10800.0,96802.43154800001,61988.0353801038,0.0,0.0,61988.0353801038,4320.25104510289,0,0,0.0,rho
2025-12-19,0.825,0.625,2400.0,2831.6584325185204,2752.9451478148144,2400.0,1395.1941925925926,10800.0,50533.230104,26520.486923241602,0.0,0.0,26520.486923241602,3856.374511481494,0,0,0.0,rho
2025-12-20,0.825,0.625,2400.0,2752.9451478148144,2935.7526014074087,2400.0,1542.1524407407417,10800.0,50266.56666,26373.763183110997,0.0,0.0,26373.763183110997,3391.881105596706,0,0,0.0,rho
2025-12-21,0.825,0.625,2400.0,2935.7526014074087,2917.1271177037065,2400.0,1266.251903703705,10800.0,96301.46482200001,61765.9264823937,0.0,0.0,61765.9264823937,2647.537344814817,0,0,0.0,rho
2025-12-22,0.825,0.625,2400.0,2917.1271177037065,2719.0563690000004,2400.0,1200.0,10800.0,96513.49064500001,61798.273679136,48.35375416666659,258.14486485666663,62056.418543992666,3169.7239698354015,5,0,0.0,rho
2025-12-23,0.825,0.625,2400.0,2719.0563690000004,2847.314678222223,2400.0,1430.5116074074076,10800.0,96319.579235,61741.240788383,0.0,0.0,61741.240788383,4355.196315843625,0,0,0.0,rho
2025-12-24,0.825,0.625,2400.0,2847.314678222223,2624.7396415185194,2400.0,1200.0,10800.0,94194.3059111,60073.84405361556,68.48345800000016,465.24348842466753,60539.08754204023,1810.9428109876626,2,0,0.0,rho
2025-12-25,0.825,0.625,2400.0,2624.7396415185194,2769.8255299629623,2400.0,1339.379933333333,10800.0,95124.38469769999,60960.638502951726,0.0,0.0,60960.638502951726,2299.8020631275795,0,0,0.0,rho
2025-12-26,0.825,0.625,2400.0,2769.8255299629623,3425.4668102592614,2400.0,1446.2230333333346,10800.0,48863.286744,25787.9819685814,0.0,0.0,25787.9819685814,1233.6131779423922,0,0,0.0,rho
2025-12-27,0.825,0.625,2400.0,3425.4668102592614,2986.926673148149,2400.0,1503.2848112962965,10800.0,48486.626280000004,25459.636766066,0.0,0.0,25459.636766066,1866.6557934156472,0,0,0.0,rho
2025-12-28,0.825,0.625,2400.0,2986.926673148149,3018.1981990740765,2400.0,1550.2815814814817,10800.0,96119.84577000001,61757.106792041,73.35506433333364,427.1127031673351,62184.21949520834,4909.326717242811,3,0,0.0,rho
2025-12-29,0.825,0.625,2400.0,3018.1981990740765,2627.526943037037,2400.0,1344.7509851851855,10800.0,95481.19047,61237.836940259294,0.0,0.0,61237.836940259294,3910.55503139919,0,0,0.0,rho
2025-12-30,0.825,0.625,2400.0,2627.526943037037,2798.042042333335,2400.0,1217.6300717037063,10800.0,95191.54352499999,60892.18356892551,51.37001500000008,299.80136764250045,61191.98493656801,4165.619590823054,2,0,0.0,rho
2025-12-31,0.825,0.625,2400.0,2798.042042333335,2479.24844862963,2400.0,1200.0,10800.0,94061.066624,59979.0576949412,404.1052726999987,1934.6016606463786,61913.65935558758,1417.240215843625,9,0,0.0,rho
