date,official,q_load,q_pv,q_source,feature_value,feature_percentile,soc0_actual,soc24_actual,soc24_plan,purchase_kwh,plan_cost,emergency_kwh,emergency_slots,emergency_cost,total_cost,curtail_kwh,net_alpha,rho,terminal_soc
2025-02-01,True,0.8,0.2,netrho,,,6000.0,4088.4572555925947,2400.0,46861.250984,20542.2614215268,0.0,0,0.0,20542.2614215268,11326.099993012345,0.8,0.625,2400.0
2025-02-02,True,0.8,0.2,netrho,,,4088.4572555925947,3509.39173211111,2400.0,92284.65426000001,66142.474781089,0.0,0,0.0,66142.474781089,10599.408232633752,0.8,0.625,2400.0
2025-02-03,True,0.8,0.2,netrho,,,3509.39173211111,2771.5609362222226,2400.0,88593.8597893,63316.46445897763,4.677905566665004,1,31.166545837905588,63347.631004815536,4914.869496008234,0.8,0.625,2400.0
2025-02-04,True,0.8,0.2,netrho,,,2771.5609362222226,2591.7712959259266,2400.0,86795.5836971,61609.50582941927,140.21997666665902,1,918.4408471666167,62527.94667658589,1357.3018358847758,0.8,0.625,2400.0
2025-02-05,True,0.8,0.2,netrho,,,2591.7712959259266,2909.2048876666686,2400.0,87657.766452,62287.3472580108,311.7217246666651,5,1718.523357808575,64005.870615819375,2442.4119988477382,0.8,0.625,2400.0
2025-02-06,True,0.8,0.2,netrho,,,2909.2048876666686,3414.1909581111126,2400.0,91040.351647,65622.539470082,0.0,0,0.0,65622.539470082,5991.3885915226365,0.8,0.625,2400.0
2025-02-07,True,0.8,0.2,netrho,,,3414.1909581111126,3923.15222774074,2400.0,48573.450433,20907.0873815994,0.0,0,0.0,20907.0873815994,12757.657883876553,0.8,0.625,2400.0
2025-02-08,True,0.8,0.2,netrho,,,3923.15222774074,3410.140455481481,2400.0,41215.041465,17649.987175115202,0.0,0,0.0,17649.987175115202,6796.506051876547,0.8,0.625,2400.0
2025-02-09,True,0.8,0.2,netrho,,,3410.140455481481,3040.1741942962985,2400.0,87589.4503502,62435.42695935737,0.0,0,0.0,62435.42695935737,4421.641881028812,0.8,0.625,2400.0
2025-02-10,True,0.8,0.2,netrho,,,3040.1741942962985,3262.108581000001,2400.0,87464.16955400001,60494.87059273999,0.0,0,0.0,60494.87059273999,9222.088104526752,0.8,0.625,2400.0
2025-02-11,True,0.8,0.2,netrho,,,3262.108581000001,2537.0841247777785,2400.0,83102.088663,57585.758157906,151.18389376666792,6,850.3330355174418,58436.09119342344,4697.7147029094685,0.8,0.625,2400.0
2025-02-12,True,0.8,0.2,netrho,,,2537.0841247777785,3240.630241592592,2400.0,85600.683941,58615.2219287544,0.0,0,0.0,58615.2219287544,5631.115479707825,0.8,0.625,2400.0
2025-02-13,True,0.8,0.2,netrho,,,3240.630241592592,3398.9986866666686,2400.0,86485.8443078,59435.86601983957,0.0,0,0.0,59435.86601983957,11250.389169609061,0.8,0.625,2400.0
2025-02-14,True,0.8,0.2,netrho,,,3398.9986866666686,3676.9477719259253,2400.0,39642.925654299994,16962.14772146714,0.0,0,0.0,16962.14772146714,6177.2866887444425,0.8,0.625,2400.0
2025-02-15,True,0.8,0.2,netrho,,,3676.9477719259253,3203.840769259259,2400.0,38629.554259,16816.591432319598,0.0,0,0.0,16816.591432319598,6491.0085939382725,0.8,0.625,2400.0
2025-02-16,True,0.8,0.2,netrho,,,3203.840769259259,3169.5366708518513,2400.0,83561.192117,57708.144353134994,0.0,0,0.0,57708.144353134994,4081.7028512222314,0.8,0.625,2400.0
2025-02-17,True,0.8,0.2,netrho,,,3169.5366708518513,3026.963526370373,2400.0,82782.86837449999,56499.822915331555,0.0,0,0.0,56499.822915331555,7914.071802405364,0.8,0.625,2400.0
2025-02-18,True,0.8,0.2,netrho,,,3026.963526370373,2795.5748715185205,2400.0,79775.6013264,53420.29482758185,0.0,0,0.0,53420.29482758185,3671.596201637868,0.8,0.625,2400.0
2025-02-19,True,0.8,0.2,netrho,,,2795.5748715185205,2855.053015851853,2400.0,80617.658143,53826.46842678169,13.708442999999988,1,73.36073271449993,53899.82915949619,3427.694130065842,0.8,0.625,2400.0
2025-02-20,True,0.8,0.2,netrho,,,2855.053015851853,3481.240624185187,2400.0,83413.75797,56889.934499949995,0.0,0,0.0,56889.934499949995,7680.140705905358,0.8,0.625,2400.0
2025-02-21,True,0.8,0.2,netrho,,,3481.240624185187,3840.6346174074065,2400.0,38309.657608,16570.990881087502,0.0,0,0.0,16570.990881087502,9014.321936477372,0.8,0.625,2400.0
2025-02-22,True,0.8,0.2,netrho,,,3840.6346174074065,3577.8259859629625,2400.0,36390.3451378,15909.99231961754,0.0,0,0.0,15909.99231961754,5660.9396543432085,0.8,0.625,2400.0
2025-02-23,True,0.8,0.2,netrho,,,3577.8259859629625,3129.51485751852,2400.0,80524.24120381998,54494.54257249294,0.0,0,0.0,54494.54257249294,5493.113457889964,0.8,0.625,2400.0
2025-02-24,True,0.8,0.2,netrho,,,3129.51485751852,3159.4013917407406,2400.0,79900.402964,53425.734578181204,8.68404600000008,1,44.162715933000406,53469.897294114206,7833.123391144038,0.8,0.625,2400.0
2025-02-25,True,0.8,0.2,netrho,,,3159.4013917407406,2442.1024796296297,2400.0,77040.85480415,50478.114541916584,53.319771016665754,3,238.44548818882294,50716.56003010541,8175.260726106999,0.8,0.625,2400.0
2025-02-26,True,0.8,0.2,netrho,,,2442.1024796296297,3262.372387851852,2400.0,77825.71516600001,51454.52585122679,0.0,0,0.0,51454.52585122679,4259.333344279836,0.8,0.625,2400.0
2025-02-27,True,0.8,0.2,netrho,,,3262.372387851852,3173.3330876296313,2400.0,78406.0211522,50872.2459421229,0.0,0,0.0,50872.2459421229,7157.590081726755,0.8,0.625,2400.0
2025-02-28,True,0.8,0.2,netrho,,,3173.3330876296313,3663.63036714815,2400.0,36947.060834699994,15764.007077059792,0.0,0,0.0,15764.007077059792,10052.62696268354,0.8,0.625,2400.0
2025-03-01,True,0.8,0.2,netrho,,,3663.63036714815,3450.99747185185,2400.0,35216.6459907,14842.02888062526,0.0,0,0.0,14842.02888062526,8911.07012209918,0.8,0.625,2400.0
2025-03-02,True,0.8,0.2,netrho,,,3450.99747185185,2502.382901111111,2400.0,75348.0945947,49878.369101334734,915.1519176566612,9,5590.204679195214,55468.57378052995,641.2483844032893,0.8,0.625,2400.0
2025-03-03,True,0.8,0.2,netrho,,,2502.382901111111,2580.01368,2400.0,75526.012434,49307.73689167,1849.7720293099983,16,10831.537740937545,60139.27463260754,944.9935005349788,0.8,0.625,2400.0
2025-03-04,True,0.8,0.2,netrho,,,2580.01368,2717.131301888889,2400.0,73945.60662452699,48005.68585347612,112.07266359999689,3,603.0453317671581,48608.731185243276,366.3498246504537,0.8,0.625,2400.0
2025-03-05,True,0.8,0.2,netrho,,,2717.131301888889,2928.192215370371,2400.0,76134.90857690001,48493.29759445874,4.775773100000151,2,23.389396936300745,48516.686991395036,5707.150779382719,0.8,0.625,2400.0
2025-03-06,True,0.8,0.2,netrho,,,2928.192215370371,3194.888003444444,2400.0,77885.5669142,50568.08634094266,0.0,0,0.0,50568.08634094266,7622.834628876544,0.8,0.625,2400.0
2025-03-07,True,0.8,0.2,netrho,,,3194.888003444444,3757.3515618518513,2400.0,35156.6224561,15010.102118855779,0.0,0,0.0,15010.102118855779,10691.492888898356,0.8,0.625,2400.0
2025-03-08,True,0.8,0.2,netrho,,,3757.3515618518513,3600.3212411481504,2400.0,32098.734645999997,13747.412026110002,0.0,0,0.0,13747.412026110002,10425.348379045263,0.8,0.625,2400.0
2025-03-09,True,0.8,0.2,netrho,,,3600.3212411481504,3115.769136888891,2400.0,75651.68516200001,48234.3378517845,0.0,0,0.0,48234.3378517845,9074.280218761323,0.8,0.625,2400.0
2025-03-10,True,0.8,0.2,netrho,,,3115.769136888891,3051.975777629633,2400.0,75309.6000807,49374.16144602312,0.0,0,0.0,49374.16144602312,3315.211158473253,0.8,0.625,2400.0
2025-03-11,True,0.8,0.2,netrho,,,3051.975777629633,2635.5811672222226,2400.0,70535.86398,44688.811078096005,683.9014691999946,5,4316.05833669306,49004.869414789064,3686.1516380658513,0.8,0.625,2400.0
2025-03-12,True,0.8,0.2,netrho,,,2635.5811672222226,2921.6960228518524,2400.0,72594.01381,45429.70571951,0.0,0,0.0,45429.70571951,5902.564883333335,0.8,0.625,2400.0
2025-03-13,True,0.8,0.2,netrho,,,2921.6960228518524,3074.0571630740765,2400.0,74404.83305,48173.789643608005,0.0,0,0.0,48173.789643608005,2389.0252104938268,0.8,0.625,2400.0
2025-03-14,True,0.8,0.2,netrho,,,3074.0571630740765,3959.9728653333336,2400.0,33645.422195,13972.527687409998,0.0,0,0.0,13972.527687409998,13888.430746193419,0.8,0.625,2400.0
2025-03-15,True,0.8,0.2,netrho,,,3959.9728653333336,2943.4014013333344,2400.0,31371.16501,13360.8607266914,0.0,0,0.0,13360.8607266914,8879.33211532099,0.8,0.625,2400.0
2025-03-16,True,0.8,0.2,netrho,,,2943.4014013333344,3352.7092870370384,2400.0,73142.63551,46204.935034561,1.6400000000001,1,8.081100000000493,46213.016134561,5472.354123086421,0.8,0.625,2400.0
2025-03-17,True,0.8,0.2,netrho,,,3352.7092870370384,3292.3056565925967,2400.0,72993.30412700001,44932.41923452279,0.0,0,0.0,44932.41923452279,11638.50430222634,0.8,0.625,2400.0
2025-03-18,True,0.8,0.2,netrho,,,3292.3056565925967,2623.683803629634,2400.0,67634.276906,41791.2181785476,417.1481328833317,7,2244.9193578277573,44036.137536375354,3555.6639993621457,0.8,0.625,2400.0
2025-03-19,True,0.8,0.2,netrho,,,2623.683803629634,3448.7210795185197,2400.0,70935.16129,43551.625530294,0.0,0,0.0,43551.625530294,6579.280286666679,0.8,0.625,2400.0
2025-03-20,True,0.8,0.2,netrho,,,3448.7210795185197,3204.846332629632,2400.0,70570.8618441,44640.38448022285,0.0,0,0.0,44640.38448022285,4580.84459259259,0.8,0.625,2400.0
2025-03-21,True,0.8,0.2,netrho,,,3204.846332629632,3371.566257888889,2400.0,31850.211874,13093.2577452526,0.0,0,0.0,13093.2577452526,16902.86954770371,0.8,0.625,2400.0
2025-03-22,True,0.8,0.2,netrho,,,3371.566257888889,3717.2960102222223,2400.0,31379.517387000004,12943.1809191415,0.0,0,0.0,12943.1809191415,12638.75577757202,0.8,0.625,2400.0
2025-03-23,True,0.8,0.2,netrho,,,3717.2960102222223,2948.8202666666657,2400.0,68048.144133,41891.2236686024,0.0,0,0.0,41891.2236686024,6236.817500740746,0.8,0.625,2400.0
2025-03-24,True,0.8,0.2,netrho,,,2948.8202666666657,3284.861105814818,2400.0,68449.73574999999,42175.958842653,0.0,0,0.0,42175.958842653,6177.544044279839,0.8,0.625,2400.0
2025-03-25,True,0.8,0.2,netrho,,,3284.861105814818,2360.8461370740747,2400.0,64021.645162999994,39268.909354656505,326.27484603333164,4,2005.632083191356,41274.54143784786,241.73770255144464,0.8,0.625,2400.0
2025-03-26,True,0.8,0.2,netrho,,,2360.8461370740747,3090.7640447407443,2400.0,68733.541276,41598.9949559282,0.0,0,0.0,41598.9949559282,8543.02927944857,0.8,0.625,2400.0
2025-03-27,True,0.8,0.2,netrho,,,3090.7640447407443,3187.7875401481515,2400.0,67798.961724,41432.2182505068,0.0,0,0.0,41432.2182505068,5006.586456222239,0.8,0.625,2400.0
2025-03-28,True,0.8,0.2,netrho,,,3187.7875401481515,3587.4578596296287,2400.0,30788.604396900002,12560.68225242117,0.0,0,0.0,12560.68225242117,16890.842949410293,0.8,0.625,2400.0
2025-03-29,True,0.8,0.2,netrho,,,3587.4578596296287,3405.4512473703753,2400.0,30246.730744,12433.108950318501,0.0,0,0.0,12433.108950318501,20164.079495609054,0.8,0.625,2400.0
2025-03-30,True,0.8,0.2,netrho,,,3405.4512473703753,3358.1820161851856,2400.0,65025.864310000004,39154.033394686,0.0,0,0.0,39154.033394686,5968.944116131699,0.8,0.625,2400.0
2025-03-31,True,0.8,0.2,netrho,,,3358.1820161851856,3472.3855792222234,2400.0,65111.755920999996,39682.49619095129,0.0,0,0.0,39682.49619095129,4444.9079845802535,0.8,0.625,2400.0
2025-04-01,True,0.8,0.2,netrho,,,3472.3855792222234,2552.581841666667,2400.0,60452.972761000005,37447.142235113395,2249.7111549033334,11,14311.316078103528,51758.45831321692,22.865983333333702,0.8,0.625,2400.0
2025-04-02,True,0.8,0.2,netrho,,,2552.581841666667,2956.5634122222223,2400.0,64549.252948,39274.5424450856,1562.0413199999991,12,8523.374850110413,47797.91729519601,1164.1358330205799,0.8,0.625,2400.0
2025-04-03,True,0.8,0.2,netrho,,,2956.5634122222223,3201.5730625185192,2400.0,66535.25572,40891.460224719,0.0,0,0.0,40891.460224719,6358.330475102883,0.8,0.625,2400.0
2025-04-04,True,0.8,0.2,netrho,,,3201.5730625185192,3834.6319215185204,2400.0,30713.030085,12442.821585706002,0.0,0,0.0,12442.821585706002,21123.179972983544,0.8,0.625,2400.0
2025-04-05,True,0.8,0.2,netrho,,,3834.6319215185204,3192.50564125926,2400.0,28840.657611,11803.4820855014,0.0,0,0.0,11803.4820855014,15061.4859709177,0.8,0.625,2400.0
2025-04-06,True,0.8,0.2,netrho,,,3192.50564125926,3200.0365730740755,2400.0,65524.40284,39933.962362213,0.0,0,0.0,39933.962362213,7353.9115239917755,0.8,0.625,2400.0
2025-04-07,True,0.8,0.2,netrho,,,3200.0365730740755,3286.1681033703717,2400.0,65074.48643999999,39217.803140355,0.0,0,0.0,39217.803140355,8206.362156337455,0.8,0.625,2400.0
2025-04-08,True,0.8,0.2,netrho,,,3286.1681033703717,2482.9369755555563,2400.0,60952.25353,36171.963257495,779.42690318333,6,4873.013786142621,41044.97704363762,4227.486025288069,0.8,0.625,2400.0
2025-04-09,True,0.8,0.2,netrho,,,2482.9369755555563,2620.2445260740747,2400.0,63340.728252,37925.4109397474,769.0453909333337,4,4958.968372300303,42884.379312047706,894.6985017284023,0.8,0.625,2400.0
2025-04-10,True,0.8,0.2,netrho,,,2620.2445260740747,3207.1712115555574,2400.0,64675.6039,38881.964642071995,0.0,0,0.0,38881.964642071995,5537.27614135803,0.8,0.625,2400.0
2025-04-11,True,0.8,0.2,netrho,,,3207.1712115555574,3397.9553846666654,2400.0,28976.333461,11686.4080961452,0.0,0,0.0,11686.4080961452,20983.79533399177,0.8,0.625,2400.0
2025-04-12,True,0.8,0.2,netrho,,,3397.9553846666654,3582.267657444445,2400.0,28721.722984,11306.091521770002,0.0,0,0.0,11306.091521770002,17290.173613226332,0.8,0.625,2400.0
2025-04-13,True,0.8,0.2,netrho,,,3582.267657444445,3257.5137130370376,2400.0,62258.027769299995,37913.026336238545,0.0,0,0.0,37913.026336238545,4498.244816172843,0.8,0.625,2400.0
2025-04-14,True,0.8,0.2,netrho,,,3257.5137130370376,3109.7636521111112,2400.0,62560.48223,37464.924722147,0.0,0,0.0,37464.924722147,6442.68586358025,0.8,0.625,2400.0
2025-04-15,True,0.8,0.2,netrho,,,3109.7636521111112,2632.8724884814847,2400.0,59993.001286,35349.94576688419,0.0,0,0.0,35349.94576688419,6711.5395782716105,0.8,0.625,2400.0
2025-04-16,True,0.8,0.2,netrho,,,2632.8724884814847,2729.797281666669,2400.0,61699.023505000005,36999.177538646,0.0,0,0.0,36999.177538646,2061.4418152263393,0.8,0.625,2400.0
2025-04-17,True,0.8,0.2,netrho,,,2729.797281666669,3327.3043223333366,2400.0,62390.430571,37195.5848459662,0.0,0,0.0,37195.5848459662,4957.211974333341,0.8,0.625,2400.0
2025-04-18,True,0.8,0.2,netrho,,,3327.3043223333366,3725.351554111112,2400.0,28549.463233,11449.1831592144,0.0,0,0.0,11449.1831592144,19396.336587362144,0.8,0.625,2400.0
2025-04-19,True,0.8,0.2,netrho,,,3725.351554111112,3444.815841555553,2400.0,27464.443971,10980.423006988602,0.0,0,0.0,10980.423006988602,18593.883870983536,0.8,0.625,2400.0
2025-04-20,True,0.8,0.2,netrho,,,3444.815841555553,3371.3268274814814,2400.0,60680.535089,36162.6962940472,0.0,0,0.0,36162.6962940472,5075.741476654322,0.8,0.625,2400.0
2025-04-21,True,0.8,0.2,netrho,,,3371.3268274814814,2918.6782083703715,2400.0,60336.805383,35539.221412898696,0.0,0,0.0,35539.221412898696,8792.13305123046,0.8,0.625,2400.0
2025-04-22,True,0.8,0.2,netrho,,,2918.6782083703715,2663.9104007777773,2400.0,57499.543995,34224.905396479,0.0,0,0.0,34224.905396479,1885.4349681070066,0.8,0.625,2400.0
2025-04-23,True,0.8,0.2,netrho,,,2663.9104007777773,2887.100073222223,2400.0,59549.21163799999,35683.60363977071,0.0,0,0.0,35683.60363977071,4194.368039345683,0.8,0.625,2400.0
2025-04-24,True,0.8,0.2,netrho,,,2887.100073222223,3154.7316383703724,2400.0,60830.266154,36057.427176619,0.0,0,0.0,36057.427176619,9700.878598320995,0.8,0.625,2400.0
2025-04-25,True,0.8,0.2,netrho,,,3154.7316383703724,3357.8514609629656,2400.0,27321.503463,10581.5623098531,0.0,0,0.0,10581.5623098531,22772.37300053086,0.8,0.625,2400.0
2025-04-26,True,0.8,0.2,netrho,,,3357.8514609629656,3174.8235628518546,2400.0,26725.923118,10413.3932164009,0.0,0,0.0,10413.3932164009,24634.68595267079,0.8,0.625,2400.0
2025-04-27,True,0.8,0.2,netrho,,,3174.8235628518546,2824.2209683333367,2400.0,57102.669712999996,33643.8720291223,0.0,0,0.0,33643.8720291223,5167.229922436221,0.8,0.625,2400.0
2025-04-28,True,0.8,0.2,netrho,,,2824.2209683333367,2785.645965000001,2400.0,57219.813224,34621.0389902208,2830.9495100333265,21,17369.082333527185,51990.12132374798,177.77225000000067,0.8,0.625,2400.0
2025-04-29,True,0.8,0.2,netrho,,,2785.645965000001,2825.961264888889,2400.0,55844.49924899999,32849.9280184135,1024.2978376999977,5,6494.294968142752,39344.22298655625,5949.677412798359,0.8,0.625,2400.0
2025-04-30,True,0.8,0.2,netrho,,,2825.961264888889,2684.479729703705,2400.0,56609.609985999996,33003.357102462,0.0,0,0.0,33003.357102462,5105.328071683128,0.8,0.625,2400.0
2025-05-01,True,0.8,0.2,netrho,,,2684.479729703705,2137.50732,2400.0,57623.352205,35184.4219618082,1719.5841861666659,19,9272.902195277748,44457.324157085946,4891.012535699598,0.8,0.625,2400.0
2025-05-02,True,0.8,0.2,netrho,,,2137.50732,2510.4060586296296,2400.0,29405.869381999997,12404.414879453801,433.6870630666646,5,2399.61691222423,14804.031791678031,12509.34666255144,0.8,0.625,2400.0
2025-05-03,True,0.8,0.2,netrho,,,2510.4060586296296,2468.7538467777777,2400.0,28560.009752,11822.8914685906,351.90317333333155,8,1590.5916834697814,13413.483152060382,17661.84965673251,0.8,0.625,2400.0
2025-05-04,True,0.8,0.2,netrho,,,2468.7538467777777,2316.994916925926,2400.0,60980.70208,37399.177941465,588.5107001333323,10,3398.5176920513436,40797.69563351634,6692.43991366255,0.8,0.625,2400.0
2025-05-05,True,0.8,0.2,netrho,,,2316.994916925926,3351.386379185189,2400.0,64094.94134,39714.974845016,103.77669583333272,4,523.6231309489552,40238.59797596495,4229.899308065847,0.8,0.625,2400.0
2025-05-06,True,0.8,0.2,netrho,,,3351.386379185189,2798.8517745555555,2400.0,60330.563635,37731.750521038,117.65103333333332,2,593.7293835333332,38325.47990457133,4385.06437635803,0.8,0.625,2400.0
2025-05-07,True,0.8,0.2,netrho,,,2798.8517745555555,2731.344041703704,2400.0,61762.010876,38538.061165447,43.66914439999675,1,299.39565400637775,38837.45681945338,3108.600919629629,0.8,0.625,2400.0
2025-05-08,True,0.8,0.2,netrho,,,2731.344041703704,3509.6701687444433,2400.0,64259.534724569996,40616.96180287967,0.0,0,0.0,40616.96180287967,3907.0789976008255,0.8,0.625,2400.0
2025-05-09,True,0.8,0.2,netrho,,,3509.6701687444433,4703.317820444446,2400.0,31044.135015,13929.652683725499,0.0,0,0.0,13929.652683725499,18869.402374716046,0.8,0.625,2400.0
2025-05-10,True,0.8,0.2,netrho,,,4703.317820444446,3704.5540773333355,2400.0,28908.239504800003,13069.66608427522,0.0,0,0.0,13069.66608427522,15530.218770983542,0.8,0.625,2400.0
2025-05-11,True,0.8,0.2,netrho,,,3704.5540773333355,2972.3289262592625,2400.0,63018.8721253,39302.875769010876,53.16201666666677,3,357.5388278916674,39660.41459690254,4936.285395102893,0.8,0.625,2400.0
2025-05-12,True,0.8,0.2,netrho,,,2972.3289262592625,3581.3803354074084,2400.0,64370.2429063,40172.02271661303,0.0,0,0.0,40172.02271661303,8686.264093460495,0.8,0.625,2400.0
2025-05-13,True,0.8,0.2,netrho,,,3581.3803354074084,2600.987258555556,2400.0,59991.28294999999,36729.567375408005,274.19760806666477,6,1676.779769721954,38406.347145129956,4709.742283909474,0.8,0.625,2400.0
2025-05-14,True,0.8,0.2,netrho,,,2600.987258555556,2822.813431703705,2400.0,62389.90454,37968.913579759996,0.0,0,0.0,37968.913579759996,5736.338634320992,0.8,0.625,2400.0
2025-05-15,True,0.8,0.2,netrho,,,2822.813431703705,3455.959662481483,2400.0,63391.22758,39021.675796979,0.0,0,0.0,39021.675796979,6326.513698600827,0.8,0.625,2400.0
2025-05-16,True,0.8,0.2,netrho,,,3455.959662481483,3314.260077370369,2400.0,28461.47881,12272.880465073,0.0,0,0.0,12272.880465073,23532.03268214815,0.8,0.625,2400.0
2025-05-17,True,0.8,0.2,netrho,,,3314.260077370369,3166.580324703706,2400.0,28430.271499000002,12182.268023125898,0.0,0,0.0,12182.268023125898,15849.213947917693,0.8,0.625,2400.0
2025-05-18,True,0.8,0.2,netrho,,,3166.580324703706,3371.034567211111,2400.0,61487.35104038999,38044.17777424718,5.236666666666679,1,34.42846500000008,38078.60623924718,4136.054347835399,0.8,0.625,2400.0
2025-05-19,True,0.8,0.2,netrho,,,3371.034567211111,3064.328541925927,2400.0,60922.021459999996,36847.779042488,79.23650000000009,2,550.829460833334,37398.60850332133,10555.543792786015,0.8,0.625,2400.0
2025-05-20,True,0.8,0.2,netrho,,,3064.328541925927,2479.1074159629648,2400.0,58526.990707000004,35629.7127611721,18.080718033331777,1,120.88768077085626,35750.60044194296,1041.3234981070004,0.8,0.625,2400.0
2025-05-21,True,0.8,0.2,netrho,,,2479.1074159629648,2456.8668887037034,2400.0,60218.3192702,36937.72004573548,107.22330183333645,4,623.476417264355,37561.19646299983,5754.468681121816,0.8,0.625,2400.0
2025-05-22,True,0.8,0.2,netrho,,,2456.8668887037034,3503.731109629629,2400.0,60938.711047000004,37191.565084750604,2.57000000000005,1,16.86434000000033,37208.429424750604,5514.023573131689,0.8,0.625,2400.0
2025-05-23,True,0.8,0.2,netrho,,,3503.731109629629,3806.7733211481523,2400.0,28340.064953,12026.7932788521,0.0,0,0.0,12026.7932788521,19006.71764844033,0.8,0.625,2400.0
2025-05-24,True,0.8,0.2,netrho,,,3806.7733211481523,3638.106117259259,2400.0,27835.374906999998,12249.6965096274,0.0,0,0.0,12249.6965096274,21955.460758370376,0.8,0.625,2400.0
2025-05-25,True,0.8,0.2,netrho,,,3638.106117259259,3108.0560882592604,2400.0,59261.717619999996,36526.61971014,0.0,0,0.0,36526.61971014,8144.6628719753135,0.8,0.625,2400.0
2025-05-26,True,0.8,0.2,netrho,,,3108.0560882592604,3310.100074466667,2400.0,59147.548140419996,36305.49869726451,0.0,0,0.0,36305.49869726451,821.562212345686,0.8,0.625,2400.0
2025-05-27,True,0.8,0.2,netrho,,,3310.100074466667,2535.3533452222246,2400.0,56624.883499999996,34773.434680308,0.0,0,0.0,34773.434680308,4794.335135580249,0.8,0.625,2400.0
2025-05-28,True,0.8,0.2,netrho,,,2535.3533452222246,2753.4351572222254,2400.0,58382.264553,35599.667075810605,0.0,0,0.0,35599.667075810605,2307.1850217777783,0.8,0.625,2400.0
2025-05-29,True,0.8,0.2,netrho,,,2753.4351572222254,3022.1190432222224,2400.0,59492.172357,36624.9335245108,17.817433333333497,1,119.80442173333444,36744.73794624414,1300.129950827173,0.8,0.625,2400.0
2025-05-30,True,0.8,0.2,netrho,,,3022.1190432222224,3815.5942316666697,2400.0,28674.868493,12483.9303564777,0.0,0,0.0,12483.9303564777,18856.325816748973,0.8,0.625,2400.0
2025-05-31,True,0.8,0.2,netrho,,,3815.5942316666697,3696.3947354814813,2400.0,27647.695622,11572.6049074978,0.0,0,0.0,11572.6049074978,17091.781991259264,0.8,0.625,2400.0
2025-06-01,True,0.8,0.2,netrho,,,3696.3947354814813,1950.0,2400.0,60401.6193,40585.204517262006,11719.72312073666,77,66186.70488217319,106771.90939943519,61.41666666666697,0.8,0.625,2400.0
2025-06-02,True,0.8,0.2,netrho,,,1950.0,2011.5412856666671,2400.0,69093.514838,45873.1440858685,4376.55188580333,30,28309.541790814197,74182.68587668269,874.271299670784,0.8,0.625,2400.0
2025-06-03,True,0.8,0.2,netrho,,,2011.5412856666671,2266.2498694444444,2400.0,68832.8592425,45425.645326002326,3676.907769866668,29,22930.965992907673,68356.61131891,250.3467166666676,0.8,0.625,2400.0
2025-06-04,True,0.8,0.2,netrho,,,2266.2498694444444,2588.9365241481496,2400.0,73525.045698,49552.4267770632,726.0063614666647,6,5038.567134812653,54590.993911875856,320.27900456790337,0.8,0.625,2400.0
2025-06-05,True,0.8,0.2,netrho,,,2588.9365241481496,2764.4103284444463,2400.0,75989.612,51546.977709364495,521.4177782666593,7,3361.467896771285,54908.44560613578,795.6354912757209,0.8,0.625,2400.0
2025-06-06,True,0.8,0.2,netrho,,,2764.4103284444463,1976.9965329259257,2400.0,32087.005512999996,15652.0535109396,2877.797548816661,16,17367.194852978217,33019.24836391782,2183.1046280452692,0.8,0.625,2400.0
2025-06-07,True,0.8,0.2,netrho,,,1976.9965329259257,2727.2645305925926,2400.0,35588.324189,17636.740886869098,223.38050876666443,1,1429.1884950891192,19065.929381958216,1519.141205930038,0.8,0.625,2400.0
2025-06-08,True,0.8,0.2,netrho,,,2727.2645305925926,3737.0093372592605,2400.0,82563.27686099999,55880.14510050221,0.0,0,0.0,55880.14510050221,13357.983368687248,0.8,0.625,2400.0
2025-06-09,True,0.8,0.2,netrho,,,3737.0093372592605,2946.044852555556,2400.0,79609.669605,55073.114607552794,148.82568106666747,5,1049.5126289079724,56122.627236460765,6036.973387193422,0.8,0.625,2400.0
2025-06-10,True,0.8,0.2,netrho,,,2946.044852555556,2650.701403925926,2400.0,79226.666914,54013.9508235917,28.783200666666858,3,198.52514438683465,54212.475967978535,4047.458112802471,0.8,0.625,2400.0
2025-06-11,True,0.8,0.2,netrho,,,2650.701403925926,2715.0850412962964,2400.0,79085.346891,53270.6432880379,3252.1648094666616,17,19899.100760734284,73169.74404877218,2030.3223375308678,0.8,0.625,2400.0
2025-06-12,True,0.8,0.2,netrho,,,2715.0850412962964,3422.1166372222233,2400.0,82658.51913700001,56875.0060448417,0.0,0,0.0,56875.0060448417,5451.569866156379,0.8,0.625,2400.0
2025-06-13,True,0.8,0.2,netrho,,,3422.1166372222233,4581.923532333334,2400.0,39386.2613198,20438.57585670956,0.0,0,0.0,20438.57585670956,7195.899901939922,0.8,0.625,2400.0
2025-06-14,True,0.8,0.2,netrho,,,4581.923532333334,3543.8180557407404,2400.0,35900.300093,19002.6774911435,0.0,0,0.0,19002.6774911435,8312.826275839509,0.8,0.625,2400.0
2025-06-15,True,0.8,0.2,netrho,,,3543.8180557407404,3615.7833846296307,2400.0,81637.720581,56123.701627457005,5.016469333333362,1,33.908824458666864,56157.61045191567,7184.387696646096,0.8,0.625,2400.0
2025-06-16,True,0.8,0.2,netrho,,,3615.7833846296307,3238.4728561111124,2400.0,81677.497993,56558.5921031521,24.802958999999987,3,167.26992987049994,56725.8620330226,5392.784305637861,0.8,0.625,2400.0
2025-06-17,True,0.8,0.2,netrho,,,3238.4728561111124,2384.524052703705,2400.0,80378.57053900001,55173.530045355,809.311886766665,4,5754.384557308997,60927.914602663994,3506.495446543214,0.8,0.625,2400.0
2025-06-18,True,0.8,0.2,netrho,,,2384.524052703705,3221.8438987037034,2400.0,81874.094231,56201.385197862095,0.0,0,0.0,56201.385197862095,6511.313369065851,0.8,0.625,2400.0
2025-06-19,True,0.8,0.2,netrho,,,3221.8438987037034,3299.567901740742,2400.0,81508.45115,55319.769100461504,105.52356133333365,3,732.1048148010022,56051.873915262506,9523.480009753092,0.8,0.625,2400.0
2025-06-20,True,0.8,0.2,netrho,,,3299.567901740742,3441.575936703705,2400.0,35324.653142999996,18148.495317112698,0.0,0,0.0,18148.495317112698,10277.790609016463,0.8,0.625,2400.0
2025-06-21,True,0.8,0.2,netrho,,,3441.575936703705,3671.7601538888894,2400.0,35205.934869,17564.6659333286,0.0,0,0.0,17564.6659333286,13026.928969864197,0.8,0.625,2400.0
2025-06-22,True,0.8,0.2,netrho,,,3671.7601538888894,3432.634806851851,2400.0,79622.601172,54234.581097667804,0.0,0,0.0,54234.581097667804,8833.912593440333,0.8,0.625,2400.0
2025-06-23,True,0.8,0.2,netrho,,,3432.634806851851,3035.4035442222234,2400.0,78845.355817,52968.449806479206,0.0,0,0.0,52968.449806479206,8330.793806592605,0.8,0.625,2400.0
2025-06-24,True,0.8,0.2,netrho,,,3035.4035442222234,2711.07002588889,2400.0,76746.005626,52807.2632811924,3794.4280240533276,25,22753.88770971174,75561.15099090413,521.1967801234612,0.8,0.625,2400.0
2025-06-25,True,0.8,0.2,netrho,,,2711.07002588889,3199.690282740742,2400.0,77509.518617,52007.0150581644,5.636512000000039,1,39.36539980800027,52046.380457972395,2414.8093982716136,0.8,0.625,2400.0
2025-06-26,True,0.8,0.2,netrho,,,3199.690282740742,2998.971151222223,2400.0,78521.217971,52211.0459382506,56.08449033333329,2,394.161612502333,52605.20755075294,7179.398177687251,0.8,0.625,2400.0
2025-06-27,True,0.8,0.2,netrho,,,2998.971151222223,3559.54236603704,2400.0,34243.767590999996,16817.7266130156,0.0,0,0.0,16817.7266130156,11234.44420622634,0.8,0.625,2400.0
2025-06-28,True,0.8,0.2,netrho,,,3559.54236603704,3446.559896962965,2400.0,33589.16104,16639.6130155255,0.0,0,0.0,16639.6130155255,9456.495695967084,0.8,0.625,2400.0
2025-06-29,True,0.8,0.2,netrho,,,3446.559896962965,3510.860850740741,2400.0,78990.699054,53935.101651535195,0.0,0,0.0,53935.101651535195,5876.205163868316,0.8,0.625,2400.0
2025-06-30,True,0.8,0.2,netrho,,,3510.860850740741,3276.341901925928,2400.0,78829.4791282,53141.02161075095,28.095917666666764,3,198.29666633366736,53339.31827708462,5582.289326549799,0.8,0.625,2400.0
2025-07-01,True,0.8,0.2,netrho,,,3276.341901925928,2229.125865,2400.0,77463.5010203,56599.690238364376,5555.223516316665,50,32530.405329200556,89130.09556756493,1408.8662199954756,0.8,0.625,2400.0
2025-07-02,True,0.8,0.2,netrho,,,2229.125865,2755.240737925928,2400.0,88196.215207,64759.212207987905,110.52638666666667,3,943.05943555,65702.27164353791,11527.328698604942,0.8,0.625,2400.0
2025-07-03,True,0.8,0.2,netrho,,,2755.240737925928,3101.3208587407416,2400.0,92399.88703,69807.548367971,9.366059999999948,1,83.99482607999953,69891.543194051,8294.291221522633,0.8,0.625,2400.0
2025-07-04,True,0.8,0.2,netrho,,,3101.3208587407416,1950.0,2400.0,37749.9458117,21658.502784689044,2935.4806329666653,42,10940.347905832816,32598.85069052186,10162.329272132098,0.8,0.625,2400.0
2025-07-05,True,0.8,0.2,netrho,,,1950.0,2363.719663370371,2400.0,42864.38494,23970.7553976264,330.6255617166655,4,2363.365254998742,26334.12065262514,11408.513845288067,0.8,0.625,2400.0
2025-07-06,True,0.8,0.2,netrho,,,2363.719663370371,2797.370844074076,2400.0,87535.092761,65639.78132840141,999.3787673666643,5,8542.77175791848,74182.5530863199,4328.489395102881,0.8,0.625,2400.0
2025-07-07,True,0.8,0.2,netrho,,,2797.370844074076,3339.2123828888916,2400.0,90144.57082600001,66778.7514348921,0.0,0,0.0,66778.7514348921,12869.483759127581,0.8,0.625,2400.0
2025-07-08,True,0.8,0.2,netrho,,,3339.2123828888916,3472.426558814819,2400.0,87385.91519,65032.6037301561,0.0,0,0.0,65032.6037301561,7803.573718971194,0.8,0.625,2400.0
2025-07-09,True,0.8,0.2,netrho,,,3472.426558814819,3460.326845222224,2400.0,85150.240506,63400.1843179231,12.91563333333329,1,112.46933506666629,63512.653652989764,7477.253587069961,0.8,0.625,2400.0
2025-07-10,True,0.8,0.2,netrho,,,3460.326845222224,2972.0897123333357,2400.0,84936.85991900001,63227.141638984795,52.8045033333334,3,448.5802131000006,63675.7218520848,8780.549514020586,0.8,0.625,2400.0
2025-07-11,True,0.8,0.2,netrho,,,2972.0897123333357,3540.328319111113,2400.0,49032.588096,27808.9560002705,0.0,0,0.0,27808.9560002705,13295.040170843618,0.8,0.625,2400.0
2025-07-12,True,0.8,0.2,netrho,,,3540.328319111113,2976.6477893703727,2400.0,43774.591506,25401.6174947971,0.0,0,0.0,25401.6174947971,10697.20656595885,0.8,0.625,2400.0
2025-07-13,True,0.8,0.2,netrho,,,2976.6477893703727,3469.709083518518,2400.0,85483.76398,61635.707356287996,5.971770000000106,1,51.79017532500092,61687.497531613,12238.9697126749,0.8,0.625,2400.0
2025-07-14,True,0.8,0.2,netrho,,,3469.709083518518,3312.889269740743,2400.0,83854.6204,61416.155155951,17.38944000000015,2,148.1397428033346,61564.294898754335,8842.338355102882,0.8,0.625,2400.0
2025-07-15,True,0.8,0.2,netrho,,,3312.889269740743,3652.098200259261,2400.0,83015.12698999999,61031.970512,0.0,0,0.0,61031.970512,6369.4671635802515,0.8,0.625,2400.0
2025-07-16,True,0.8,0.2,netrho,,,3652.098200259261,2982.731558111115,2400.0,81326.0909935,60574.234496429955,40.81747666666661,2,341.38302770833286,60915.61752413829,6370.400912923871,0.8,0.625,2400.0
2025-07-17,True,0.8,0.2,netrho,,,2982.731558111115,2957.8433035925946,2400.0,82817.39897000001,60958.11472893901,19.770546666666974,2,168.52889218333593,61126.64362112234,6028.124902510298,0.8,0.625,2400.0
2025-07-18,True,0.8,0.2,netrho,,,2957.8433035925946,3220.0220953703706,2400.0,43728.0033719,24882.15722259476,0.0,0,0.0,24882.15722259476,9697.992682089302,0.8,0.625,2400.0
2025-07-19,True,0.8,0.2,netrho,,,3220.0220953703706,3181.9630738888895,2400.0,43079.311016,24547.052779683097,0.0,0,0.0,24547.052779683097,13466.535401415642,0.8,0.625,2400.0
2025-07-20,True,0.8,0.2,netrho,,,3181.9630738888895,3405.221221407408,2400.0,81655.79214,59912.193425933,0.0,0,0.0,59912.193425933,5625.810171893008,0.8,0.625,2400.0
2025-07-21,True,0.8,0.2,netrho,,,3405.221221407408,3578.1794024074093,2400.0,82719.994013,61679.9580660316,0.0,0,0.0,61679.9580660316,4792.8999317654325,0.8,0.625,2400.0
2025-07-22,True,0.8,0.2,netrho,,,3578.1794024074093,2882.0437093333335,2400.0,79956.12309000001,58654.66619048499,77.49349333333316,4,647.8358391799986,59302.50202966499,3040.159805679014,0.8,0.625,2400.0
2025-07-23,True,0.8,0.2,netrho,,,2882.0437093333335,3244.3023688148155,2400.0,82722.20519000001,60509.65348602501,0.13499333333334107,1,1.155070456666733,60510.80855648168,4145.313295884785,0.8,0.625,2400.0
2025-07-24,True,0.8,0.2,netrho,,,3244.3023688148155,3555.606157074074,2400.0,83626.72416040002,61841.20756607065,0.0,0,0.0,61841.20756607065,5864.238006337453,0.8,0.625,2400.0
2025-07-25,True,0.8,0.2,netrho,,,3555.606157074074,3323.283629851852,2400.0,41915.641782499995,24003.59967733075,0.0,0,0.0,24003.59967733075,13197.843923281895,0.8,0.625,2400.0
2025-07-26,True,0.8,0.2,netrho,,,3323.283629851852,3140.0859421851887,2400.0,42089.720558999994,24283.321734895697,0.0,0,0.0,24283.321734895697,11414.255964703701,0.8,0.625,2400.0
2025-07-27,True,0.8,0.2,netrho,,,3140.0859421851887,3570.3276891851847,2400.0,83022.96410976001,60900.80418830189,457.11010916666737,4,2523.0408746991707,63423.84506300106,5342.325007537784,0.8,0.625,2400.0
2025-07-28,True,0.8,0.2,netrho,,,3570.3276891851847,2897.970831548152,2400.0,82632.07315340001,61298.40163522308,87.33729719999943,4,527.5595158765966,61825.96115109968,1372.59289106996,0.8,0.625,2400.0
2025-07-29,True,0.8,0.2,netrho,,,2897.970831548152,3315.5719158518536,2400.0,83123.89909600001,61063.7407297196,8.640060000000176,2,72.44992472666817,61136.19065444626,2692.305548625528,0.8,0.625,2400.0
2025-07-30,True,0.8,0.2,netrho,,,3315.5719158518536,3496.751929333337,2400.0,83235.00885099999,61966.689769648605,0.0,0,0.0,61966.689769648605,5079.429200411525,0.8,0.625,2400.0
2025-07-31,True,0.8,0.2,netrho,,,3496.751929333337,3040.087832000001,2400.0,83987.427817,61631.9553893545,11.563703333333365,2,96.15098813500026,61728.1063774895,5792.712114654332,0.8,0.625,2400.0
2025-08-01,True,0.8,0.2,netrho,,,3040.087832000001,3330.0880718148155,2400.0,42113.857879,23930.8502546912,0.0,0,0.0,23930.8502546912,18075.02602130453,0.8,0.625,2400.0
2025-08-02,True,0.8,0.2,netrho,,,3330.0880718148155,3536.2190247777776,2400.0,41872.058669000005,23661.200019702403,0.0,0,0.0,23661.200019702403,18543.467610460903,0.8,0.625,2400.0
2025-08-03,True,0.8,0.2,netrho,,,3536.2190247777776,2712.7250018148166,2400.0,81472.54773999998,57936.390972154,127.46552000000042,6,1065.1758140766701,59001.566786230665,16290.593368888893,0.8,0.625,2400.0
2025-08-04,True,0.8,0.2,netrho,,,2712.7250018148166,3536.9647616296293,2400.0,81286.78143,58386.03155013801,0.0,0,0.0,58386.03155013801,11699.401753415645,0.8,0.625,2400.0
2025-08-05,True,0.8,0.2,netrho,,,3536.9647616296293,3281.443464703705,2400.0,77710.47763000001,55817.172734276006,0.0,0,0.0,55817.172734276006,9299.644817325105,0.8,0.625,2400.0
2025-08-06,True,0.8,0.2,netrho,,,3281.443464703705,2639.217125148149,2400.0,75134.96354999999,55074.312562057996,419.4546804999987,4,3512.49238278174,58586.804944839736,4651.987784897128,0.8,0.625,2400.0
2025-08-07,True,0.8,0.2,netrho,,,2639.217125148149,3102.698280814816,2400.0,75689.63563,54734.924289502,35.88734666666676,2,304.6506038466675,55039.57489334867,7984.3486502880705,0.8,0.625,2400.0
2025-08-08,True,0.8,0.2,netrho,,,3102.698280814816,3488.2916976666693,2400.0,41429.70203099999,23005.2533275627,0.0,0,0.0,23005.2533275627,22606.82532215227,0.8,0.625,2400.0
2025-08-09,True,0.8,0.2,netrho,,,3488.2916976666693,3243.939403592593,2400.0,39799.152044999995,22613.191259635998,0.0,0,0.0,22613.191259635998,18791.0722267284,0.8,0.625,2400.0
2025-08-10,True,0.8,0.2,netrho,,,3243.939403592593,3487.8384025555583,2400.0,74198.54242,54934.15882852,10.612870000000044,1,92.98466050500038,55027.143489024995,5269.78337304527,0.8,0.625,2400.0
2025-08-11,True,0.8,0.2,netrho,,,3487.8384025555583,3072.1060228148153,2400.0,73785.49527999999,53103.18884058201,34.08365666666657,2,299.80892186166585,53402.99776244367,6014.756080658444,0.8,0.625,2400.0
2025-08-12,True,0.8,0.2,netrho,,,3072.1060228148153,2954.774274185185,2400.0,72745.20943999999,53469.654720851,539.8863065666613,5,4488.193062238755,57957.84778308976,2133.1814015637883,0.8,0.625,2400.0
2025-08-13,True,0.8,0.2,netrho,,,2954.774274185185,3343.205334962966,2400.0,73279.57139,53432.382140641,11.395283333333282,1,98.72303715833287,53531.105177799334,3297.9314605349787,0.8,0.625,2400.0
2025-08-14,True,0.8,0.2,netrho,,,3343.205334962966,3041.491847518522,2400.0,73774.7911,54059.713032753,136.48914783333203,5,898.4120179642839,54958.12505071729,4307.3792347325125,0.8,0.625,2400.0
2025-08-15,True,0.8,0.2,netrho,,,3041.491847518522,3128.34764962963,2400.0,40388.378194,22864.3517689842,0.0,0,0.0,22864.3517689842,20473.758003012346,0.8,0.625,2400.0
2025-08-16,True,0.8,0.2,netrho,,,3128.34764962963,3152.9036158888903,2400.0,40410.38357,22873.7205341899,0.0,0,0.0,22873.7205341899,20914.533661152265,0.8,0.625,2400.0
2025-08-17,True,0.8,0.2,netrho,,,3152.9036158888903,3341.029129740742,2400.0,74247.70399000001,53803.568888072,75.09028999999998,3,625.9106044283332,54429.47949250033,7437.781563909467,0.8,0.625,2400.0
2025-08-18,True,0.8,0.2,netrho,,,3341.029129740742,3318.681206962963,2400.0,73588.67051,53890.120158649006,85.03060333333383,4,721.5352228766708,54611.65538152568,5557.243363580255,0.8,0.625,2400.0
2025-08-19,True,0.8,0.2,netrho,,,3318.681206962963,2972.0139300740743,2400.0,72389.89905,53107.569370804,85.18001333333359,3,720.1798205033355,53827.74919130733,5041.065669835394,0.8,0.625,2400.0
2025-08-20,True,0.8,0.2,netrho,,,2972.0139300740743,2775.6824364814815,2400.0,72098.63996999999,53421.220306954994,2381.0621775666577,13,16157.899697906372,69579.12000486137,389.8092333333342,0.8,0.625,2400.0
2025-08-21,True,0.8,0.2,netrho,,,2775.6824364814815,3172.182756222223,2400.0,74230.20251,54037.432396391,4.895746666666582,1,40.152466286665984,54077.584862677664,4164.2713259670845,0.8,0.625,2400.0
2025-08-22,True,0.8,0.2,netrho,,,3172.182756222223,2855.3703115555586,2400.0,40701.142567,23137.1032091223,0.0,0,0.0,23137.1032091223,17176.444527818934,0.8,0.625,2400.0
2025-08-23,True,0.8,0.2,netrho,,,2855.3703115555586,3204.8683632222233,2400.0,41174.623961,22907.7538884284,0.0,0,0.0,22907.7538884284,15980.89332067078,0.8,0.625,2400.0
2025-08-24,True,0.8,0.2,netrho,,,3204.8683632222233,3378.65277825926,2400.0,75160.67885,54495.15118677,0.0,0,0.0,54495.15118677,7540.273149053502,0.8,0.625,2400.0
2025-08-25,True,0.8,0.2,netrho,,,3378.65277825926,2894.196434851853,2400.0,75634.02994000001,55314.347916873,179.04925756665932,2,1522.8173166553377,56837.165233528336,1637.5832314814868,0.8,0.625,2400.0
2025-08-26,True,0.8,0.2,netrho,,,2894.196434851853,3285.0455355185186,2400.0,75526.38337,54151.801155927,13.59892333333346,2,114.83416408166774,54266.63532000867,5757.363928436222,0.8,0.625,2400.0
2025-08-27,True,0.8,0.2,netrho,,,3285.0455355185186,2747.231409703705,2400.0,74437.41777,53580.32038119799,102.79905263333012,2,876.6025344013392,54456.92291559933,3211.8018590123474,0.8,0.625,2400.0
2025-08-28,True,0.8,0.2,netrho,,,2747.231409703705,3072.3342479259286,2400.0,76006.199742,55251.8718456636,215.45440333333283,8,1419.2345348049967,56671.1063804686,887.7488015061813,0.8,0.625,2400.0
2025-08-29,True,0.8,0.2,netrho,,,3072.3342479259286,3469.139683259262,2400.0,42115.347063,23880.358289096002,0.0,0,0.0,23880.358289096002,16465.35334320577,0.8,0.625,2400.0
2025-08-30,True,0.8,0.2,netrho,,,3469.139683259262,2984.7908170000032,2400.0,40980.967894,23131.0739208641,0.0,0,0.0,23131.0739208641,20570.70574811523,0.8,0.625,2400.0
2025-08-31,True,0.8,0.2,netrho,,,2984.7908170000032,3542.9523554814837,2400.0,77410.9175,55676.17057196001,12.628676666666706,1,107.55843917000033,55783.72901113001,6276.665122839517,0.8,0.625,2400.0
2025-09-01,True,0.8,0.2,netrho,,,3542.9523554814837,6757.462560111113,2400.0,77043.36548000001,49956.744795865,0.0,0,0.0,49956.744795865,16847.294322592603,0.8,0.625,2400.0
2025-09-02,True,0.8,0.2,netrho,,,6757.462560111113,3883.422603703703,2400.0,60893.578075,39259.9819898397,0.0,0,0.0,39259.9819898397,6159.34465572017,0.8,0.625,2400.0
2025-09-03,True,0.8,0.2,netrho,,,3883.422603703703,2723.937281322224,2400.0,62720.104906990004,40929.165012396996,0.0,0,0.0,40929.165012396996,4837.374233292183,0.8,0.625,2400.0
2025-09-04,True,0.8,0.2,netrho,,,2723.937281322224,3020.0810158888894,2400.0,63684.465543549995,40604.74954890314,270.88452754999844,2,1882.4259944391306,42487.17554334227,5770.160277312761,0.8,0.625,2400.0
2025-09-05,True,0.8,0.2,netrho,,,3020.0810158888894,6427.404631296295,2400.0,39692.976372,19510.334458210004,0.0,0,0.0,19510.334458210004,26843.462417349794,0.8,0.625,2400.0
2025-09-06,True,0.8,0.2,netrho,,,6427.404631296295,4720.537139037038,2400.0,31385.100812,15152.3096958564,0.0,0,0.0,15152.3096958564,22871.993674304525,0.8,0.625,2400.0
2025-09-07,True,0.8,0.2,netrho,,,4720.537139037038,3360.679197462965,2400.0,61204.47536995,39369.07874363173,9.90714166666669,1,66.79890268750015,39435.87764631923,3921.2660981893087,0.8,0.625,2400.0
2025-09-08,True,0.8,0.2,netrho,,,3360.679197462965,2157.032213814815,2400.0,59125.5771255,37971.5275229318,2774.7683951833333,19,17709.104889244783,55680.63241217658,134.7171466666672,0.8,0.625,2400.0
2025-09-09,True,0.8,0.2,netrho,,,2157.032213814815,2682.795934074075,2400.0,62313.823390000005,39724.819991459,693.3677609999967,7,4554.11269780523,44278.93268926423,5429.7166008642,0.8,0.625,2400.0
2025-09-10,True,0.8,0.2,netrho,,,2682.795934074075,2593.655020148148,2400.0,61461.693480999995,39854.0439187649,3736.632140566665,23,23180.464843155332,63034.50876192024,345.6272726337452,0.8,0.625,2400.0
2025-09-11,True,0.8,0.2,netrho,,,2593.655020148148,3172.2188851111127,2400.0,65662.3428367,41679.36740870873,6.071666666666715,1,40.549625833333664,41719.917034542064,7459.162903703707,0.8,0.625,2400.0
2025-09-12,True,0.8,0.2,netrho,,,3172.2188851111127,3164.8572660370373,2400.0,32657.631074999998,14986.320484736501,0.0,0,0.0,14986.320484736501,18408.909295946498,0.8,0.625,2400.0
2025-09-13,True,0.8,0.2,netrho,,,3164.8572660370373,3038.6415409259257,2400.0,31629.645914,14415.4929399894,0.0,0,0.0,14415.4929399894,21226.333946790128,0.8,0.625,2400.0
2025-09-14,True,0.8,0.2,netrho,,,3038.6415409259257,2749.3808063333336,2400.0,65098.06725009999,42351.06102569696,3.5550000000000637,1,23.455890000000423,42374.51691569696,1269.0324008230473,0.8,0.625,2400.0
2025-09-15,True,0.8,0.2,netrho,,,2749.3808063333336,3488.8035255948175,2400.0,67343.79723810201,43305.86238403801,0.0,0,0.0,43305.86238403801,7470.663303209876,0.8,0.625,2400.0
2025-09-16,True,0.8,0.2,netrho,,,3488.8035255948175,2679.6749004074086,2400.0,63943.786994,41750.425371538004,13.092750000000137,2,88.18761655000094,41838.612988088,1445.6508079530931,0.8,0.625,2400.0
2025-09-17,True,0.8,0.2,netrho,,,2679.6749004074086,2717.923743370373,2400.0,65574.91594,42157.854395038,215.59240349999928,6,1103.8962826774543,43261.75067771545,1677.9178334567969,0.8,0.625,2400.0
2025-09-18,True,0.8,0.2,netrho,,,2717.923743370373,3002.4358125185195,2400.0,67132.60900180001,42848.3806640509,2.4633999999999787,1,17.516005699999848,42865.8966697509,3685.1571356378677,0.8,0.625,2400.0
2025-09-19,True,0.8,0.2,netrho,,,3002.4358125185195,3879.883037888889,2400.0,34209.737425,15953.182536336999,0.0,0,0.0,15953.182536336999,14482.564684773663,0.8,0.625,2400.0
2025-09-20,True,0.8,0.2,netrho,,,3879.883037888889,3429.18812662963,2400.0,31964.088476,14465.629752388999,0.0,0,0.0,14465.629752388999,14150.449507407411,0.8,0.625,2400.0
2025-09-21,True,0.8,0.2,netrho,,,3429.18812662963,3383.457263366668,2400.0,69110.72795673,45319.31408088751,8.44500000000005,1,58.02559500000035,45377.33967588751,7285.535909465022,0.8,0.625,2400.0
2025-09-22,True,0.8,0.2,netrho,,,3383.457263366668,3214.2202085185213,2400.0,68737.1514016,45350.418522397806,8.649233333333427,1,56.40597518333394,45406.82449758114,4501.602412670785,0.8,0.625,2400.0
2025-09-23,True,0.8,0.2,netrho,,,3214.2202085185213,2911.261355814815,2400.0,68848.06967,44716.634256770994,272.0627256333312,3,1812.0772362612518,46528.71149303225,3276.077261111119,0.8,0.625,2400.0
2025-09-24,True,0.8,0.2,netrho,,,2911.261355814815,3238.1082207407444,2400.0,68390.45727,44110.108278674,317.0293862499989,5,1705.6188832160356,45815.727161890034,3332.809551995889,0.8,0.625,2400.0
2025-09-25,True,0.8,0.2,netrho,,,3238.1082207407444,3155.0347634074074,2400.0,70070.4070448,45565.373003142,15.37166666666667,1,106.25664583333337,45671.62964897533,5890.160712263378,0.8,0.625,2400.0
2025-09-26,True,0.8,0.2,netrho,,,3155.0347634074074,3740.947997629634,2400.0,34700.8048946,15731.019091652579,0.0,0,0.0,15731.019091652579,13652.972565093825,0.8,0.625,2400.0
2025-09-27,True,0.8,0.2,netrho,,,3740.947997629634,2692.624568000001,2400.0,32781.5037474,15196.081497152241,0.0,0,0.0,15196.081497152241,13351.254183991767,0.8,0.625,2400.0
2025-09-28,True,0.8,0.2,netrho,,,2692.624568000001,3723.8595862222264,2400.0,71733.7038911,47039.46110118179,5.868333333333339,1,40.07191416666671,47079.533015348454,3096.510655596723,0.8,0.625,2400.0
2025-09-29,True,0.8,0.2,netrho,,,3723.8595862222264,3111.002069333333,2400.0,71233.519035,46706.692993618,26.015016666666725,2,142.85538336666704,46849.54837698467,5194.560042818938,0.8,0.625,2400.0
2025-09-30,True,0.8,0.2,netrho,,,3111.002069333333,2877.5017952555554,2400.0,71137.60951753,46312.39313614954,77.43422423333121,3,404.401291167021,46716.79442731656,1706.693635884773,0.8,0.625,2400.0
2025-10-01,True,0.8,0.2,netrho,,,2877.5017952555554,4899.364160851856,2400.0,70500.2520082,43386.13412860753,0.0,0,0.0,43386.13412860753,15228.13716489301,0.8,0.625,2400.0
2025-10-02,True,0.8,0.2,netrho,,,4899.364160851856,3464.4866260740755,2400.0,66083.89898,40479.748696368,0.0,0,0.0,40479.748696368,11968.182705843628,0.8,0.625,2400.0
2025-10-03,True,0.8,0.2,netrho,,,3464.4866260740755,5044.540146851852,2400.0,33273.778713,14292.576915422,0.0,0,0.0,14292.576915422,21193.628245304528,0.8,0.625,2400.0
2025-10-04,True,0.8,0.2,netrho,,,5044.540146851852,3580.672541888888,2400.0,29642.141513,12683.4567352737,0.0,0,0.0,12683.4567352737,15523.746631271604,0.8,0.625,2400.0
2025-10-05,True,0.8,0.2,netrho,,,3580.672541888888,3561.7120310740743,2400.0,66528.2437269,41224.959767654684,0.0,0,0.0,41224.959767654684,8126.02936868313,0.8,0.625,2400.0
2025-10-06,True,0.8,0.2,netrho,,,3561.7120310740743,2852.0367932222225,2400.0,65064.0145145,41135.05925601329,0.0,0,0.0,41135.05925601329,4240.338535884779,0.8,0.625,2400.0
2025-10-07,True,0.8,0.2,netrho,,,2852.0367932222225,2905.846669777779,2400.0,64327.8658,39864.33683945899,178.20837033333237,4,932.9440136614534,40797.28085312044,2654.1734511111217,0.8,0.625,2400.0
2025-10-08,True,0.8,0.2,netrho,,,2905.846669777779,2633.0179410000005,2400.0,61341.453348999996,37881.7353575627,616.0251310999977,11,3681.1892404366954,41562.924597999394,1725.610432086422,0.8,0.625,2400.0
2025-10-09,True,0.8,0.2,netrho,,,2633.0179410000005,2724.1126789999994,2400.0,65265.4185059,40609.53642614512,0.0,0,0.0,40609.53642614512,5257.407231440331,0.8,0.625,2400.0
2025-10-10,True,0.8,0.2,netrho,,,2724.1126789999994,3481.8325564444463,2400.0,32244.633245999998,13511.8802250487,0.0,0,0.0,13511.8802250487,19283.56174146914,0.8,0.625,2400.0
2025-10-11,True,0.8,0.2,netrho,,,3481.8325564444463,3187.7724970740774,2400.0,31929.052315799996,13359.699369836359,0.0,0,0.0,13359.699369836359,15263.328593618935,0.8,0.625,2400.0
2025-10-12,True,0.8,0.2,netrho,,,3187.7724970740774,2507.5041031481474,2400.0,65587.5829087,40335.16119815115,187.01281796666512,2,1177.75018914424,41512.91138729539,4116.09183950618,0.8,0.625,2400.0
2025-10-13,True,0.8,0.2,netrho,,,2507.5041031481474,3152.5422920370384,2400.0,67822.061921,42578.6246989383,0.0,0,0.0,42578.6246989383,6212.527663600826,0.8,0.625,2400.0
2025-10-14,True,0.8,0.2,netrho,,,3152.5422920370384,2967.131864296296,2400.0,66133.928159,41842.4125228665,92.40982373333111,3,469.75766250582177,42312.17018537232,1616.136094979429,0.8,0.625,2400.0
2025-10-15,True,0.8,0.2,netrho,,,2967.131864296296,2865.2538270000005,2400.0,65489.137005900004,41361.08632304803,808.8048487333307,4,5337.608753221533,46698.69507626956,655.6975142798345,0.8,0.625,2400.0
2025-10-16,True,0.8,0.2,netrho,,,2865.2538270000005,2882.1631260000004,2400.0,68315.987836,43505.260633290396,617.2685628333309,3,3950.0054507365267,47455.26608402692,1692.5476311934217,0.8,0.625,2400.0
2025-10-17,True,0.8,0.2,netrho,,,2882.1631260000004,3346.6843390370377,2400.0,33481.333443,14347.4039489847,0.0,0,0.0,14347.4039489847,14059.789861230453,0.8,0.625,2400.0
2025-10-18,True,0.8,0.2,netrho,,,3346.6843390370377,3632.656685333333,2400.0,32738.8572278,13766.40427699714,0.0,0,0.0,13766.40427699714,13661.701115962966,0.8,0.625,2400.0
2025-10-19,True,0.8,0.2,netrho,,,3632.656685333333,2747.6940078518533,2400.0,69711.68098899999,44676.6182350562,409.5702049666699,2,2669.1310390577623,47345.749274113965,3058.5933476543287,0.8,0.625,2400.0
2025-10-20,True,0.8,0.2,netrho,,,2747.6940078518533,3215.1497942592578,2400.0,72238.9902761,46267.22549985714,456.344757899998,5,2420.9367290816144,48688.16222893875,3541.256190740742,0.8,0.625,2400.0
2025-10-21,True,0.8,0.2,netrho,,,3215.1497942592578,3284.435469629629,2400.0,71800.77124449999,46392.92805798618,133.15044656666416,3,686.3157121934704,47079.24377017965,1096.036320905353,0.8,0.625,2400.0
2025-10-22,True,0.8,0.2,netrho,,,3284.435469629629,2978.3435842222225,2400.0,71286.2061437,45515.127928591755,930.2739687999978,8,5049.563578486337,50564.691507078096,2786.705569547328,0.8,0.625,2400.0
2025-10-23,True,0.8,0.2,netrho,,,2978.3435842222225,3503.2125080740793,2400.0,73808.307044,46971.538952022,0.0,0,0.0,46971.538952022,5591.409376748979,0.8,0.625,2400.0
2025-10-24,True,0.8,0.2,netrho,,,3503.2125080740793,3258.6568727037034,2400.0,33460.937713,14368.826000418001,0.0,0,0.0,14368.826000418001,12213.249819008242,0.8,0.625,2400.0
2025-10-25,True,0.8,0.2,netrho,,,3258.6568727037034,3128.4365955555595,2400.0,33754.081376,14463.3622534208,0.0,0,0.0,14463.3622534208,11647.12748999177,0.8,0.625,2400.0
2025-10-26,True,0.8,0.2,netrho,,,3128.4365955555595,3383.0284843333316,2400.0,74792.6524386,48469.380358006,0.0,0,0.0,48469.380358006,6130.177994473262,0.8,0.625,2400.0
2025-10-27,True,0.8,0.2,netrho,,,3383.0284843333316,3238.9953453333324,2400.0,74618.08076458,48091.71515389506,11.001122433333421,1,57.75589277500046,48149.471046670056,7293.131216860084,0.8,0.625,2400.0
2025-10-28,True,0.8,0.2,netrho,,,3238.9953453333324,3301.4596415925944,2400.0,73793.3604152459,48029.89095666379,0.0,0,0.0,48029.89095666379,3813.3595861232297,0.8,0.625,2400.0
2025-10-29,True,0.8,0.2,netrho,,,3301.4596415925944,2779.6541310000002,2400.0,72295.025714,47350.990797364604,1367.767457866666,10,8547.56932528078,55898.56012264539,888.8463625102922,0.8,0.625,2400.0
2025-10-30,True,0.8,0.2,netrho,,,2779.6541310000002,3307.622471370371,2400.0,75432.60581069998,49789.9593364665,0.0,0,0.0,49789.9593364665,5932.274409012349,0.8,0.625,2400.0
2025-10-31,True,0.8,0.2,netrho,,,3307.622471370371,3392.6907638888906,2400.0,34835.028396999995,14986.466776144702,0.0,0,0.0,14986.466776144702,7713.861512403297,0.8,0.625,2400.0
2025-11-01,True,0.8,0.2,netrho,,,3392.6907638888906,3552.8390987407456,2400.0,34626.164573999995,14589.578343804,0.0,0,0.0,14589.578343804,8909.195870337455,0.8,0.625,2400.0
2025-11-02,True,0.8,0.2,netrho,,,3552.8390987407456,2870.865651333334,2400.0,76008.94704583,50243.56917932897,0.0,0,0.0,50243.56917932897,3638.104226584377,0.8,0.625,2400.0
2025-11-03,True,0.8,0.2,netrho,,,2870.865651333334,3417.6617031851883,2400.0,78025.4932272,52147.35211488382,0.0,0,0.0,52147.35211488382,3905.2609093374513,0.8,0.625,2400.0
2025-11-04,True,0.8,0.2,netrho,,,3417.6617031851883,2947.355823037039,2400.0,77058.31841129999,50885.40980762423,21.941609000000085,2,104.40105452350042,50989.81086214773,5993.1612832629635,0.8,0.625,2400.0
2025-11-05,True,0.8,0.2,netrho,,,2947.355823037039,3122.597682962965,2400.0,76335.703309,50884.48902886819,3.227683333333289,1,15.867291266666447,50900.35632013486,2258.7500124279904,0.8,0.625,2400.0
2025-11-06,True,0.8,0.2,netrho,,,3122.597682962965,3064.0009188888935,2400.0,78268.93106989999,52898.375135855036,531.1613159166652,7,2845.26282924745,55743.63796510248,3101.7948372839555,0.8,0.625,2400.0
2025-11-07,True,0.8,0.2,netrho,,,3064.0009188888935,3498.4477960740755,2400.0,35974.36206860001,15504.62046908542,0.0,0,0.0,15504.62046908542,8927.085369134988,0.8,0.625,2400.0
2025-11-08,True,0.8,0.2,netrho,,,3498.4477960740755,3453.6753271481493,2400.0,35247.153881,15244.0078910543,0.0,0,0.0,15244.0078910543,8501.14853848971,0.8,0.625,2400.0
2025-11-09,True,0.8,0.2,netrho,,,3453.6753271481493,3168.158339777781,2400.0,79059.9372369,53431.19078507391,0.0,0,0.0,53431.19078507391,3874.393282069958,0.8,0.625,2400.0
2025-11-10,True,0.8,0.2,netrho,,,3168.158339777781,3115.4011907037084,2400.0,80001.07420234,54829.10613875399,0.0,0,0.0,54829.10613875399,1875.3042109218225,0.8,0.625,2400.0
2025-11-11,True,0.8,0.2,netrho,,,3115.4011907037084,3247.802005333333,2400.0,79619.58815,53822.72011381,0.0,0,0.0,53822.72011381,3915.7434301317057,0.8,0.625,2400.0
2025-11-12,True,0.8,0.2,netrho,,,3247.802005333333,3309.945595814815,2400.0,79224.3355934,53560.49538493834,0.0,0,0.0,53560.49538493834,4108.311387979427,0.8,0.625,2400.0
2025-11-13,True,0.8,0.2,netrho,,,3309.945595814815,3271.9121320740737,2400.0,80714.60961330001,55785.912769478266,0.0,0,0.0,55785.912769478266,4256.565518225515,0.8,0.625,2400.0
2025-11-14,True,0.8,0.2,netrho,,,3271.9121320740737,3500.0431904444486,2400.0,36558.21857,15786.785534379,0.0,0,0.0,15786.785534379,5509.10465794239,0.8,0.625,2400.0
2025-11-15,True,0.8,0.2,netrho,,,3500.0431904444486,3266.2838847777775,2400.0,35886.606633999996,15750.7019998323,0.0,0,0.0,15750.7019998323,4631.665257209885,0.8,0.625,2400.0
2025-11-16,True,0.8,0.2,netrho,,,3266.2838847777775,3134.223258703705,2400.0,82367.2148727,56925.89556881896,0.0,0,0.0,56925.89556881896,4096.308005699596,0.8,0.625,2400.0
2025-11-17,True,0.8,0.2,netrho,,,3134.223258703705,3560.4342353333327,2400.0,83521.83204970001,57586.43513803312,0.0,0,0.0,57586.43513803312,6213.21486325515,0.8,0.625,2400.0
2025-11-18,True,0.8,0.2,netrho,,,3560.4342353333327,3229.63743166667,2400.0,81197.475796,56314.915259338304,0.0,0,0.0,56314.915259338304,2721.2963264444434,0.8,0.625,2400.0
2025-11-19,True,0.8,0.2,netrho,,,3229.63743166667,3009.431743703706,2400.0,82614.95019820001,58019.16194813918,0.0,0,0.0,58019.16194813918,3432.808990362152,0.8,0.625,2400.0
2025-11-20,True,0.8,0.2,netrho,,,3009.431743703706,3197.411384111114,2400.0,83851.016748,58110.8727526476,0.0,0,0.0,58110.8727526476,4819.769401395063,0.8,0.625,2400.0
2025-11-21,True,0.8,0.2,netrho,,,3197.411384111114,3503.7008842592595,2400.0,37868.832852,16576.5836360936,0.0,0,0.0,16576.5836360936,5335.874858041157,0.8,0.625,2400.0
2025-11-22,True,0.8,0.2,netrho,,,3503.7008842592595,3200.314476444446,2400.0,37314.102522,16214.7648123332,0.0,0,0.0,16214.7648123332,4186.910595909468,0.8,0.625,2400.0
2025-11-23,True,0.8,0.2,netrho,,,3200.314476444446,3223.9523943703707,2400.0,84575.9595611,59046.36842962049,0.0,0,0.0,59046.36842962049,5322.798071399186,0.8,0.625,2400.0
2025-11-24,True,0.8,0.2,netrho,,,3223.9523943703707,3007.5931852592626,2400.0,84590.7906322,58941.723981952025,15.76535546666662,1,83.28837293039975,59025.01235488243,6876.67003703293,0.8,0.625,2400.0
2025-11-25,True,0.8,0.2,netrho,,,3007.5931852592626,3129.8841220740765,2400.0,84208.46031250001,58166.048159756494,0.0,0,0.0,58166.048159756494,3880.0125326522702,0.8,0.625,2400.0
2025-11-26,True,0.8,0.2,netrho,,,3129.8841220740765,3486.626554851853,2400.0,84807.184686,59555.1353779326,18.12450266666667,1,97.63669586533335,59652.77207379793,3656.007346806592,0.8,0.625,2400.0
2025-11-27,True,0.8,0.2,netrho,,,3486.626554851853,3361.8915342962987,2400.0,84846.277415,59971.419763163605,0.0,0,0.0,59971.419763163605,5149.330141831281,0.8,0.625,2400.0
2025-11-28,True,0.8,0.2,netrho,,,3361.8915342962987,3496.4461008888916,2400.0,39062.178802,16640.396996203202,0.0,0,0.0,16640.396996203202,4566.6599819177045,0.8,0.625,2400.0
2025-11-29,True,0.8,0.2,netrho,,,3496.4461008888916,3234.700392925928,2400.0,39233.8456532,16787.58437103036,0.0,0,0.0,16787.58437103036,1145.789978518526,0.8,0.625,2400.0
2025-11-30,True,0.8,0.2,netrho,,,3234.700392925928,3099.510108962966,2400.0,86187.15100700001,61163.2040189844,0.0,0,0.0,61163.2040189844,1991.0681757613283,0.8,0.625,2400.0
2025-12-01,True,0.8,0.2,netrho,,,3099.510108962966,2656.836843703705,2400.0,87278.94155799999,65647.562487819,3414.075003133329,20,22350.41632938836,87997.97881720736,617.1443700000011,0.8,0.625,2400.0
2025-12-02,True,0.8,0.2,netrho,,,2656.836843703705,3019.665268703705,2400.0,94015.775775,71294.3666635496,783.4901406833342,9,5433.048501853031,76727.41516540264,1443.6525377572116,0.8,0.625,2400.0
2025-12-03,True,0.8,0.2,netrho,,,3019.665268703705,3512.149771444446,2400.0,94866.55924999999,72071.637802548,0.0,0,0.0,72071.637802548,3013.02910460906,0.8,0.625,2400.0
2025-12-04,True,0.8,0.2,netrho,,,3512.149771444446,3186.912415444448,2400.0,95778.356617,72266.7682980322,53.897842999999966,2,381.5475785373331,72648.31587656953,4863.832372386838,0.8,0.625,2400.0
2025-12-05,True,0.8,0.2,netrho,,,3186.912415444448,3419.6243471851876,2400.0,47316.837640699996,21463.56955897547,581.4723631333284,10,2970.388904401824,24433.958463377294,2427.6609854321027,0.8,0.625,2400.0
2025-12-06,True,0.8,0.2,netrho,,,3419.6243471851876,3108.438324518518,2400.0,49206.93023,22807.755966212004,0.0,0,0.0,22807.755966212004,2042.1683233744916,0.8,0.625,2400.0
2025-12-07,True,0.8,0.2,netrho,,,3108.438324518518,2933.8049161111117,2400.0,96257.6928365,72759.59532841225,33.417300333333515,2,237.66346406300124,72997.25879247526,4385.8836812757245,0.8,0.625,2400.0
2025-12-08,True,0.8,0.2,netrho,,,2933.8049161111117,3540.9924338518535,2400.0,100770.174597,76487.7191295276,0.0,0,0.0,76487.7191295276,8018.961727736633,0.8,0.625,2400.0
2025-12-09,True,0.8,0.2,netrho,,,3540.9924338518535,3100.112013962964,2400.0,97979.475935,73771.96790241721,70.16767733333347,2,518.781511227001,74290.74941364421,6744.082111769556,0.8,0.625,2400.0
2025-12-10,True,0.8,0.2,netrho,,,3100.112013962964,2984.9700812962974,2400.0,97392.25052900001,74268.3569287236,0.0,0,0.0,74268.3569287236,4855.90819530865,0.8,0.625,2400.0
2025-12-11,True,0.8,0.2,netrho,,,2984.9700812962974,3144.3982516296337,2400.0,97937.762189,73211.9538775978,0.0,0,0.0,73211.9538775978,7380.547247201653,0.8,0.625,2400.0
2025-12-12,True,0.8,0.2,netrho,,,3144.3982516296337,3579.617238814816,2400.0,53464.95308000001,25319.076713268,0.0,0,0.0,25319.076713268,5751.45290234569,0.8,0.625,2400.0
2025-12-13,True,0.8,0.2,netrho,,,3579.617238814816,3482.9583395555533,2400.0,51864.3775,24384.078580647,0.0,0,0.0,24384.078580647,4524.842904238691,0.8,0.625,2400.0
2025-12-14,True,0.8,0.2,netrho,,,3482.9583395555533,2979.6146531851864,2400.0,97957.83637899999,75152.4251308231,0.0,0,0.0,75152.4251308231,5358.4171432921785,0.8,0.625,2400.0
2025-12-15,True,0.8,0.2,netrho,,,2979.6146531851864,3048.8640139259273,2400.0,98813.404021,75827.28997921392,0.0,0,0.0,75827.28997921392,4794.478621769554,0.8,0.625,2400.0
2025-12-16,True,0.8,0.2,netrho,,,3048.8640139259273,2974.8976093703736,2400.0,98809.78703899999,75241.7901910178,0.0,0,0.0,75241.7901910178,5127.026006666679,0.8,0.625,2400.0
2025-12-17,True,0.8,0.2,netrho,,,2974.8976093703736,2950.4506747037058,2400.0,98424.794387,75122.26849514639,0.0,0,0.0,75122.26849514639,5963.317861234576,0.8,0.625,2400.0
2025-12-18,True,0.8,0.2,netrho,,,2950.4506747037058,3112.009564851854,2400.0,99116.744156,74968.5084615302,0.0,0,0.0,74968.5084615302,7037.813931893016,0.8,0.625,2400.0
2025-12-19,True,0.8,0.2,netrho,,,3112.009564851854,3147.1558522222244,2400.0,53049.844174,24776.7463595222,0.0,0,0.0,24776.7463595222,6461.241699835398,0.8,0.625,2400.0
2025-12-20,True,0.8,0.2,netrho,,,3147.1558522222244,3266.9152953333355,2400.0,52786.777731999995,24594.1242588264,0.0,0,0.0,24594.1242588264,6123.667783827164,0.8,0.625,2400.0
2025-12-21,True,0.8,0.2,netrho,,,3266.9152953333355,3174.9150675925925,2400.0,98970.29897959999,75354.93100364192,0.0,0,0.0,75354.93100364192,5707.736195555558,0.8,0.625,2400.0
2025-12-22,True,0.8,0.2,netrho,,,3174.9150675925925,2943.9559926296283,2400.0,99114.63746299999,76359.47255065599,0.0,0,0.0,76359.47255065599,6054.145788065856,0.8,0.625,2400.0
2025-12-23,True,0.8,0.2,netrho,,,2943.9559926296283,3167.6166498518537,2400.0,99149.799053,75480.7757172061,0.0,0,0.0,75480.7757172061,7398.11387609054,0.8,0.625,2400.0
2025-12-24,True,0.8,0.2,netrho,,,3167.6166498518537,2874.3000102222227,2400.0,97605.10410699999,73715.456718663,0.0,0,0.0,73715.456718663,5685.643444650212,0.8,0.625,2400.0
2025-12-25,True,0.8,0.2,netrho,,,2874.3000102222227,3016.092330185186,2400.0,98448.969054,75120.0639556886,0.0,0,0.0,75120.0639556886,6013.302533827168,0.8,0.625,2400.0
2025-12-26,True,0.8,0.2,netrho,,,3016.092330185186,3684.5242538518537,2400.0,52094.65668,24203.965121203997,0.0,0,0.0,24203.965121203997,4637.100022592595,0.8,0.625,2400.0
2025-12-27,True,0.8,0.2,netrho,,,3684.5242538518537,3325.2413261481506,2400.0,51423.781376,23504.2869819016,0.0,0,0.0,23504.2869819016,4905.332024065849,0.8,0.625,2400.0
2025-12-28,True,0.8,0.2,netrho,,,3325.2413261481506,3336.285691592592,2400.0,98631.70484800001,74734.4669956757,0.0,0,0.0,74734.4669956757,7691.959888683139,0.8,0.625,2400.0
2025-12-29,True,0.8,0.2,netrho,,,3336.285691592592,2978.077466148149,2400.0,98301.5958487,74374.04840731117,0.0,0,0.0,74374.04840731117,7036.017178806585,0.8,0.625,2400.0
2025-12-30,True,0.8,0.2,netrho,,,2978.077466148149,3141.9922519629645,2400.0,98075.96005200001,73472.82605845161,0.0,0,0.0,73472.82605845161,7384.642610246923,0.8,0.625,2400.0
2025-12-31,True,0.8,0.2,netrho,,,3141.9922519629645,2678.353478518518,2400.0,96757.955845,73021.75094958748,0.0,0,0.0,73021.75094958748,4176.31185514404,0.8,0.625,2400.0
