date,official,terminal_mode,soc0_actual,soc24_actual,soc24_plan,purchase_kwh,plan_cost,emergency_kwh,emergency_slots,emergency_cost,total_cost,curtail_kwh,load_mae_kw,load_rmse_kw,pv_mae_kw,pv_rmse_kw,xgb_used,n_simultaneous_plan,max_unserved_kwh
2025-01-01,False,none,6000.0,1200.0,1200.0,54149.36557,32909.86521609,34900.52516766667,94,179691.3758428429,212601.2410589329,0.0,679.3241201388888,799.813790470037,842.9938874999999,1217.1863168434993,False,0,0.0
2025-01-02,False,none,1200.0,1379.850886518519,1200.0,96864.467116,61838.2622259697,1441.2970478666587,18,6895.854792420027,68734.11701838973,372.33003333333477,123.04837826063368,164.7435103000489,57.73267502672935,129.8590218806786,True,0,0.0
2025-01-03,False,none,1379.850886518519,8481.126651185186,1200.0,97944.238184,62885.33011567641,0.0,0,0.0,62885.33011567641,42715.456829999996,1903.3609095784507,2085.7934264722885,101.85126945671504,231.04065228285825,True,0,0.0
2025-01-04,False,none,8481.126651185186,1200.0,1200.0,38194.635846,20497.9178687934,2492.2635726666676,12,15581.930857671106,36079.84872646451,170.00289971193342,195.89782039116756,263.0052848589917,76.67771923414294,172.67999240989195,True,0,0.0
2025-01-05,False,none,1200.0,1200.0,1200.0,45689.13805524001,24456.500220631257,47200.03690769333,101,236724.75820011715,261181.2584207484,0.0,2027.648292453342,2304.8527614203726,77.83685538814481,175.8059460412439,True,0,0.0
2025-01-06,False,none,1200.0,1284.6244788888896,1200.0,93508.075452,59540.1848862236,2045.7997292333316,13,11408.790058074825,70948.97494429842,109.01594666666733,117.61542705620663,147.50396281288548,72.4343407518175,138.18944952912057,True,0,0.0
2025-01-07,False,none,1284.6244788888896,1200.0,1200.0,62535.32768,35342.926259703,32672.330570799997,84,175560.11308055403,210903.03934025703,19.38650000000007,1343.3396806450737,1655.9409699389053,127.83473916608197,275.18503904206744,True,0,0.0
2025-01-08,False,none,1200.0,1229.1001871851859,1200.0,93541.25130500001,58910.4224169475,3194.7044137333314,19,17654.04795760045,76564.47037454795,2407.189554485597,196.49866482204868,233.19219626750464,140.5767802127646,357.3896623080255,True,0,0.0
2025-01-09,False,none,1229.1001871851859,1319.7337440000001,1200.0,93946.68988739999,59926.38279894696,2116.6957201333285,18,12930.804024737114,72857.18682368407,199.578133333334,126.1022517279731,168.99861802660806,87.83835017216933,197.17787168173606,True,0,0.0
2025-01-10,False,none,1319.7337440000001,7000.346988592592,1200.0,83041.1947274,51250.75320508152,0.0,0,0.0,51250.75320508152,29050.392911263378,1406.3318570827907,1550.6757483773147,99.90643018306362,196.77766345085428,True,0,0.0
2025-01-11,False,none,7000.346988592592,1200.0,1200.0,43088.70755,23199.231979637,738.1680370666611,11,3181.0665520151883,26380.298531652188,1268.1867997942404,114.43239721408423,146.8636420076255,76.61045532150136,155.3006258260521,True,0,0.0
2025-01-12,False,none,1200.0,1224.6558418518523,1200.0,89892.52681099999,56433.0810467962,5592.76717163333,29,31822.807793575703,88255.8888403719,149.91530000000125,233.19854003906246,286.2783714762733,72.9368168708523,149.43479061400595,True,0,0.0
2025-01-13,False,none,1224.6558418518523,1200.0,1200.0,95168.43373399999,60766.0333716326,365.0621491666626,13,1094.3136309060324,61860.347002538634,2556.053848518533,127.21095866427949,158.30067364952902,121.95533171375993,228.07580368358947,True,0,0.0
2025-01-14,False,none,1200.0,1200.0,1200.0,87513.743449,54361.2263810032,6491.25644379999,35,37011.58768394144,91372.81406494464,191.93439333333401,291.73075405273437,359.9236469496405,67.18598927729658,138.13870896980345,True,0,0.0
2025-01-15,False,none,1200.0,1405.813593,1200.0,92192.5804146,58267.63338798564,3214.086519899995,19,19431.497360943224,77699.13074892886,406.99567518518757,146.37499947102862,185.17899286462546,69.7329849834677,165.7622528318805,True,0,0.0
2025-01-16,False,none,1405.813593,1264.451259,1200.0,94889.542411,60677.60490194931,1041.6928211999937,9,4995.751905710752,65673.35680766006,2287.3669455967083,125.71030207248265,158.30975368823803,101.68825366623533,215.81556087633896,True,0,0.0
2025-01-17,False,none,1264.451259,2761.608237185186,1200.0,54368.32636100001,29567.839763454,0.0,0,0.0,29567.839763454,6610.753299518519,290.71214325900604,332.0571190121387,72.4043998366273,150.37197976626555,True,0,0.0
2025-01-18,False,none,2761.608237185186,1256.9247553703708,1200.0,46013.496617,24226.0584360584,15.375277100000119,1,69.71150637140055,24295.7699424298,491.5627059711936,125.14494325358075,156.30749705171556,58.93285071360336,118.26562298538772,True,0,0.0
2025-01-19,False,none,1256.9247553703708,1268.4215962222227,1200.0,86649.531183,53755.1054714523,6728.501429999998,26,40801.75408434337,94556.85955579567,206.04821666666714,297.59324789496526,369.03612399446195,96.03143773027952,201.7754992679562,True,0,0.0
2025-01-20,False,none,1268.4215962222227,1347.8611889629633,1200.0,92371.87322600001,58445.8764990598,1283.7112039333313,9,6885.737854414167,65331.61435347397,720.0986614814803,107.74373889160154,132.95524956688328,69.51687179324627,150.1680657979823,True,0,0.0
2025-01-21,False,none,1347.8611889629633,1233.4819349629634,1200.0,86875.88250785001,54217.069411012155,2820.5842331499953,17,16893.54024542794,71110.6096564401,1688.0791330864233,267.47346505805115,324.77294972474925,205.6236476578302,396.1506336332005,True,0,0.0
2025-01-22,False,none,1233.4819349629634,1243.4012367777777,1200.0,86354.7647643,54134.313946322494,6921.222013533325,31,41355.44941644296,95489.76336276546,163.16773333333424,157.3731533691406,194.18642499951764,204.05040061587363,401.01726538924567,True,0,0.0
2025-01-23,False,none,1243.4012367777777,1293.3839658518523,1200.0,92714.932394,58897.3743679556,1602.1744261666577,14,9542.725422787607,68440.0997907432,35.519116666666946,103.85460386555991,131.85996781809544,68.71559564751253,133.98776181978312,True,0,0.0
2025-01-24,False,none,1293.3839658518523,1961.5837948888868,1200.0,51097.74428300001,27044.130028168798,0.0,0,0.0,27044.130028168798,6769.0694810699615,209.3937710503472,256.774866214441,149.02218886782464,331.4183486181451,True,0,0.0
2025-01-25,False,none,1961.5837948888868,1379.2720606666699,1200.0,45083.19162299999,23681.0420432312,0.0,0,0.0,23681.0420432312,3380.2288561687183,106.53130933159723,132.96237832212432,114.78562704703411,247.25395652043895,True,0,0.0
2025-01-26,False,none,1379.2720606666699,1200.0,1200.0,87590.8577313,54898.20563692108,4470.615413433321,17,27902.023963402284,82800.22960032336,144.90846666666823,148.34460151638456,185.349778937186,126.2235176352289,292.5781611787064,True,0,0.0
2025-01-27,False,none,1200.0,1207.531848,1200.0,89245.23477899999,56016.9830046444,504.70578183332526,14,2806.0004705292804,58822.98347517368,838.2811600000024,117.83393788519965,139.84106559902293,81.48017572262157,161.24159069017108,True,0,0.0
2025-01-28,False,none,1207.531848,1200.0,1200.0,81624.83621,50566.0050369165,9298.61884739999,35,56270.764504186795,106836.76954110329,39.92295000000024,276.2272845296224,331.12508851326425,158.42152450759215,304.41340686152165,True,0,0.0
2025-01-29,False,none,1200.0,1297.9793277777785,1200.0,88850.702682,55618.4389491546,219.04303203333126,7,847.5084699474739,56465.94741910208,3066.212026810701,149.49780984971787,195.1712904504665,174.4530017629683,310.57467372449514,True,0,0.0
2025-01-30,False,none,1297.9793277777785,1277.2727814814828,1200.0,86564.563614,54070.032001955304,2197.7500051333263,15,12196.768500749104,66266.80050270441,407.83246000000054,88.75715575358072,119.42178296180775,105.34402944688267,203.58410972476432,True,0,0.0
2025-01-31,False,none,1277.2727814814828,2010.3089489259246,1200.0,43970.1602998,22963.209143325363,0.0,0,0.0,22963.209143325363,445.9677729465109,159.48523223198785,193.8471549091159,75.02850470080642,154.6168652603213,True,0,0.0
2025-02-01,True,none,2010.3089489259246,1867.436644851853,1200.0,42339.626496,21955.0826236293,0.0,0,0.0,21955.0826236293,4415.99434884774,207.46118468153216,241.33304454251743,89.48126045896741,183.324130178422,True,0,0.0
2025-02-02,True,none,1867.436644851853,1403.8845040000006,1200.0,87402.07132300001,55085.966449968895,153.6301966666665,1,1071.7242519466656,56157.69070191556,5373.404291399184,136.9164500461155,169.827402049331,127.0302605683494,246.60555215198872,True,0,0.0
2025-02-03,True,none,1403.8845040000006,1258.9779433703711,1200.0,81119.8289774,50221.74325318834,3336.4444065666657,14,21283.85064163259,71505.59389482092,130.71171666666703,143.3197293185764,175.57590532275768,90.41977314201063,183.44832018306684,True,0,0.0
2025-02-04,True,none,1258.9779433703711,1230.919509,1200.0,80370.376411,49778.3428926754,5183.274295433324,22,31265.271127803764,81043.61402047916,99.04480333333402,160.8953963297526,204.62058042562808,126.33971889530883,240.1597255482997,True,0,0.0
2025-02-05,True,none,1230.919509,1354.0019162962965,1200.0,81634.538887,50439.5206615326,3675.882336436661,18,21886.25129657147,72325.77195810407,125.90621666666766,188.83436474880642,226.52971693954018,91.99460900872236,201.11443645560692,True,0,0.0
2025-02-06,True,none,1354.0019162962965,1260.639162,1200.0,85279.50015099999,53465.576596424595,174.90137829999884,11,637.6021309796969,54103.178727404294,694.8155604979548,111.49051906195749,136.03783479878098,60.52135532469371,134.3775236472353,True,0,0.0
2025-02-07,True,none,1260.639162,1901.239016407409,1200.0,42603.307136999996,22296.155559592,0.0,0,0.0,22296.155559592,6391.24121078601,197.86917770182293,236.6496731180587,160.18785932848255,330.44992396265366,True,0,0.0
2025-02-08,True,none,1901.239016407409,1408.477330555556,1200.0,35938.423214,18763.7146985142,52.47445440000149,1,320.7763397472091,19084.491038261407,1278.364448559677,122.6085864203559,153.07277038451292,126.68786447411645,249.1052468896669,True,0,0.0
2025-02-09,True,none,1408.477330555556,1200.0,1200.0,80307.59970600001,49916.545412545296,3317.3200972666637,19,20883.227188733137,70799.77260127844,100.8243333333345,92.63201798502604,121.32602095345803,140.49230335995884,284.64167837889755,True,0,0.0
2025-02-10,True,none,1200.0,1200.0,1200.0,82813.145661,51493.817975749,289.4479276333338,13,1282.6415229214745,52776.459498670476,4563.8467813991865,111.32669790310327,138.88879478521082,183.35995041928157,361.54534068539493,True,0,0.0
2025-02-11,True,none,1200.0,1220.8758030000001,1200.0,75002.41396,45580.153649427,4619.533970233322,26,26214.21726696562,71794.37091639263,34.286696666666785,268.35901130642367,313.78256526463304,87.93518739244671,161.4210948968927,True,0,0.0
2025-02-12,True,none,1220.8758030000001,1240.1690810370376,1200.0,77280.93824,47462.0800407761,2852.5285115666625,21,17497.17562939238,64959.25567016848,463.7646533333358,134.75357725694442,174.15554284478378,91.16056026779148,189.61588022015198,True,0,0.0
2025-02-13,True,none,1240.1690810370376,1285.3402817777778,1200.0,79214.592986,49202.957777178,92.16003043333235,5,471.5888350823948,49674.5466122604,3820.0100530740788,107.34474949273005,128.9048943125032,158.96648091078862,288.60563914301696,True,0,0.0
2025-02-14,True,none,1285.3402817777778,1590.4174987407414,1200.0,35736.272752000004,18710.1776094025,159.06031323333173,3,889.7610971608407,19599.938706563342,2239.4165861193446,122.77587303331163,151.45197805878556,160.23975509518056,356.29371845176513,True,0,0.0
2025-02-15,True,none,1590.4174987407414,1232.128995,1200.0,34893.67733790001,18156.33533903182,298.32580180000053,13,1350.3475571040722,19506.68289613589,2789.7004017695517,106.25716711697048,134.00682357892194,65.68865302712256,128.41380096883998,True,0,0.0
2025-02-16,True,none,1232.128995,1217.855499,1200.0,78976.75982400001,48606.9243919915,1390.9084208999916,14,7199.959221819221,55806.88361381072,567.4256510246905,109.26904861924913,140.5072347445892,74.37572176152865,142.95321681606868,True,0,0.0
2025-02-17,True,none,1217.855499,1204.8086534074075,1200.0,74972.937212,45654.0948369274,1071.4668936999956,11,6866.77616964479,52520.87100657219,538.1437900000013,120.62373109266491,147.6378918723668,81.9157308751901,161.0169957706838,True,0,0.0
2025-02-18,True,none,1204.8086534074075,1208.8658341111116,1200.0,72862.087942,44116.5438971026,3581.852402233327,24,22402.68592110195,66519.22981820455,183.4031700000004,197.84798335232207,253.25543682609603,85.06979103622436,164.80409095801872,True,0,0.0
2025-02-19,True,none,1208.8658341111116,1200.0,1200.0,73689.3457432,44863.96205234398,4237.4907201999995,36,23143.916296594103,68007.87834893809,868.1977033333346,179.258608078342,223.4199117032902,118.87369651246867,233.88233554852854,True,0,0.0
2025-02-20,True,none,1200.0,1349.2688628148153,1200.0,76004.223349,46863.6187069928,241.61369523333087,8,1231.7048188134527,48095.32352580625,737.5645611522642,110.5856550103082,138.62391422699812,128.32270557255748,236.25408774269414,True,0,0.0
2025-02-21,True,none,1349.2688628148153,1739.4905598888897,1200.0,35382.268383,18494.863851182898,0.0,0,0.0,18494.863851182898,6038.7786821358,127.78264916178381,159.41803073594156,68.70895283608967,142.82867774891898,True,0,0.0
2025-02-22,True,none,1739.4905598888897,1359.6260771481486,1200.0,34077.428491,17693.4708767301,42.715856133331556,1,261.12202854305576,17954.59290527316,3260.4292568312785,110.58914291992187,137.50905590691605,110.85272095071475,207.15074483574975,True,0,0.0
2025-02-23,True,none,1359.6260771481486,1227.4375730000004,1200.0,77623.65297950301,47715.138724739605,214.0308997303307,9,1059.1134654955542,48774.25219023516,2104.328166547743,109.66261330837675,137.8731226108142,121.36597506979372,227.27999325116474,True,0,0.0
2025-02-24,True,none,1227.4375730000004,1278.098006555556,1200.0,73284.17584899999,44472.092991618,818.6864780333307,9,5264.373014432981,49736.466006050985,1556.1854616460932,123.94410391981339,149.45908486331973,99.79083984743755,183.50198899031997,True,0,0.0
2025-02-25,True,none,1278.098006555556,1212.731016,1200.0,69937.91838799999,42245.454514090394,1838.0884071666671,26,10438.721977874377,52684.17649196477,1864.7848133333348,169.58740484483508,200.16386681487265,150.74462897965378,287.97824903059717,True,0,0.0
2025-02-26,True,none,1212.731016,1293.423702370371,1200.0,68791.70294,41963.5142574837,3918.6612575866693,17,25480.317748702768,67443.83200618647,128.53455000000065,134.41768816731766,176.12309144638678,143.13175181817874,260.0792833205759,True,0,0.0
2025-02-27,True,none,1293.423702370371,1322.953931814815,1200.0,71371.966105,43488.062663694596,1711.3145618999924,17,8925.050101467019,52413.11276516161,1862.5104496707809,93.75415651041665,123.73428307606018,151.24733084556462,296.42869617212875,True,0,0.0
2025-02-28,True,none,1322.953931814815,1384.23092755556,1200.0,33844.300438000006,17530.361961395098,0.0,0,0.0,17530.361961395098,7178.616198209878,106.26275966254337,129.2241333416636,120.58551610961756,250.90894679387662,True,0,0.0
2025-03-01,True,none,1384.23092755556,1265.1309242592597,1200.0,33179.096907,17152.621875254503,66.03630472999848,7,241.58219180214843,17394.204067056653,6564.14581806585,182.66296892089844,235.53661517622137,179.9623114797433,354.16873165294265,True,0,0.0
2025-03-02,True,none,1265.1309242592597,1200.0,1200.0,74131.54727800001,45396.720322156805,2621.0339204999987,16,16584.02986900216,61980.750191158964,261.30963333333386,152.46347591959633,191.62518168514703,192.8064316529075,393.4101541042738,True,0,0.0
2025-03-03,True,none,1200.0,1237.5794000740743,1200.0,71356.56659,43512.056052542,4809.507359066659,25,27890.840392401708,71402.8964449437,124.25375000000065,110.47038975423175,137.45673771230653,199.0936026278681,358.4075657047926,True,0,0.0
2025-03-04,True,none,1237.5794000740743,1200.0,1200.0,71397.39117,43289.968180415,2383.5087709999934,25,13040.205899173388,56330.17407958839,370.8867750617313,219.7656059353299,275.66677237958595,139.2155529222568,275.4991023800456,True,0,0.0
2025-03-05,True,none,1200.0,1251.1920495185186,1200.0,72064.71115,43562.284492397,550.1713340999979,9,3529.986470926819,47092.27096332382,2179.16425213992,144.67615961914063,180.1722451589864,200.96345918115344,350.425249092141,True,0,0.0
2025-03-06,True,none,1251.1920495185186,1200.0,1200.0,70213.52298,42732.643675241,911.7942006999949,12,5621.241805444886,48353.88548068589,1080.771943868322,94.17813836534293,118.83175954264433,94.75141099458271,173.68007132558432,True,0,0.0
2025-03-07,True,none,1200.0,1488.7376961851844,1200.0,31930.376387000004,16578.47852247,0.0,0,0.0,16578.47852247,7683.81414855967,181.80525145399304,233.56203884948002,111.44511742644839,213.13929854700484,True,0,0.0
2025-03-08,True,none,1488.7376961851844,1358.1607939259263,1200.0,29909.617904,15610.7153139106,900.4039562666658,6,3537.94050117993,19148.65581509053,8956.090310502059,115.49386609157985,145.7149919604832,158.33705942876205,276.1980668310423,True,0,0.0
2025-03-09,True,none,1358.1607939259263,1251.2966842962967,1200.0,70148.689685,42405.2399124405,1071.3375626000006,16,5198.602446969419,47603.842359409915,3815.7489914403295,110.12130489095054,137.79678977249247,183.58298010228546,433.6719693370187,True,0,0.0
2025-03-10,True,none,1251.2966842962967,1206.0921780370372,1200.0,66580.25878199999,39818.3599256758,5064.126860466665,29,30423.756195220158,70242.11612089595,14.399466666666967,155.7987121961806,188.32000608227256,148.43891648374927,309.14341536053445,True,0,0.0
2025-03-11,True,none,1206.0921780370372,1332.1836351111112,1200.0,64474.70072,38325.009424061995,3880.0445919333297,17,24465.29388650418,62790.303310566174,280.0695700000001,243.75566179470485,301.5020305734932,148.80573067474896,273.6305588361219,True,0,0.0
2025-03-12,True,none,1332.1836351111112,1200.0,1200.0,65491.21806000001,39241.789940513,1989.7905924333277,21,11064.064221624503,50305.854162137504,1049.193673333335,160.05729809570312,196.75702979047716,121.25440613351662,231.6805798174359,True,0,0.0
2025-03-13,True,none,1200.0,1255.3410442592597,1200.0,66527.712019,40206.583128911894,4688.069155699999,17,29078.81951362136,69285.40264253326,102.7493333333341,96.76600762532551,124.72149271216173,248.55426215352347,517.8608152208931,True,0,0.0
2025-03-14,True,none,1255.3410442592597,1865.98308388889,1200.0,31053.067730000002,16283.977523329799,0.0,0,0.0,16283.977523329799,11436.05009617284,150.1844334391276,182.36563877359012,242.46186197811494,504.43859455763493,True,0,0.0
2025-03-15,True,none,1865.98308388889,1200.0,1200.0,29186.094630000003,15077.552567712,771.5624623333302,17,3048.559561663087,18126.112129375088,6851.803075102878,90.45837273763021,115.67225474863827,214.8227594390604,440.08613514395824,True,0,0.0
2025-03-16,True,none,1200.0,1200.0,1200.0,67389.173706,40507.443969727596,844.4091393666639,13,5090.368339568984,45597.81230929658,733.5573266666669,101.81595680067272,133.24907210687857,141.4119526489059,277.2576986315992,True,0,0.0
2025-03-17,True,none,1200.0,1390.666607000001,1200.0,69961.0231054,41626.99123844376,477.30666530000025,7,2984.1865421373686,44611.17778058113,8605.690468135816,117.7533448947483,155.3119693252415,376.0721493801462,695.2869664821029,True,0,0.0
2025-03-18,True,none,1390.666607000001,1200.0,1200.0,57716.690048,34579.2420877782,6726.801352066665,30,40016.51800704454,74595.76009482273,44.99165000000062,215.05197405598952,272.9337609121208,155.65058924353258,335.40910734557144,True,0,0.0
2025-03-19,True,none,1200.0,1319.0501444074077,1200.0,62548.003992,37305.9500005584,1609.8723153999872,16,8870.627785006622,46176.57778556502,446.23510333333127,115.28745144314234,145.81315586899518,106.55101263392832,205.07190059548662,True,0,0.0
2025-03-20,True,none,1319.0501444074077,1242.461516703704,1200.0,63595.924674,38378.983396426804,2503.1116107933262,11,16561.749558553485,54940.73295498029,170.4822266666672,96.83050739746093,123.1283287856778,129.20295892504058,245.85738364771683,True,0,0.0
2025-03-21,True,none,1242.461516703704,1296.9181515925932,1200.0,30035.831373499997,15655.05563351685,57.08026740000133,2,212.18598133613844,15867.241614852988,15091.252770166666,127.66979198404948,155.56125696160416,170.93124139592385,307.3217550808893,True,0,0.0
2025-03-22,True,none,1296.9181515925932,1561.5681835185205,1200.0,29555.126721000004,15164.6952497809,0.0,0,0.0,15164.6952497809,10552.84095349794,102.7666151719835,124.85027723155717,146.06405859628154,255.4104494315565,True,0,0.0
2025-03-23,True,none,1561.5681835185205,1315.158859962963,1200.0,63765.70913,38259.824157594,864.824004299995,11,4561.831858601213,42821.65601619521,2066.584250411521,96.5924997639974,117.95329589368646,162.4876583120929,328.44144555671113,True,0,0.0
2025-03-24,True,none,1315.158859962963,1200.0,1200.0,60111.570189,35813.6060111324,2551.357701366661,21,14796.148012442398,50609.754023574795,704.6571666666679,102.28059616156683,136.92637498066964,143.63475869020886,270.1422182942713,True,0,0.0
2025-03-25,True,none,1200.0,1205.9034746296297,1200.0,56992.60357,34057.090366275,7290.979013033331,32,44736.534600574545,78793.62496684954,33.368733333333466,247.63727145724832,296.63556996130933,143.75458058120142,304.23427034692656,True,0,0.0
2025-03-26,True,none,1205.9034746296297,1215.7236712962965,1200.0,60659.589916000004,36189.3192815744,691.5647819999905,9,3859.314113265612,40048.633394840006,1648.335206913584,115.27502173665364,145.14210173189377,168.55312036210367,316.3649860101709,True,0,0.0
2025-03-27,True,none,1215.7236712962965,1268.585226851852,1200.0,62075.466172,37068.7820030442,1692.5694553666654,16,10055.11612404279,47123.89812708699,1010.8731733333345,91.89242904730902,116.91055766154221,126.59666270463367,244.70783075857207,True,0,0.0
2025-03-28,True,none,1268.585226851852,1667.3475712222212,1200.0,29591.786889,15192.4105382681,0.0,0,0.0,15192.4105382681,15527.079345995888,172.33244892849396,213.98676511157515,92.39782360002268,168.0285037043106,True,0,0.0
2025-03-29,True,none,1667.3475712222212,1280.9743560000002,1200.0,28430.870779,14475.5431155727,8.702792333327125,3,39.278219026213435,14514.821334598913,18396.97089012345,87.86090609537762,110.58566504906287,234.582064644091,413.9380557823397,True,0,0.0
2025-03-30,True,none,1280.9743560000002,1222.0822366666673,1200.0,57473.060843,34530.425062885,1992.789441433324,10,12393.169808917497,46923.594871802496,245.4330666666673,117.76684778645833,146.21834535750466,117.79303452732034,238.97773646941766,True,0,0.0
2025-03-31,True,none,1222.0822366666673,1357.5586874444448,1200.0,57047.92144400001,34203.2844012767,3617.2253663033293,12,24204.871724701443,58408.156125978145,121.00854530864342,102.10505470106335,126.67648066980941,220.48746550527144,437.59476721378246,True,0,0.0
2025-04-01,True,none,1357.5586874444448,1207.1587312592596,1200.0,54691.09164,32628.986923231598,8137.076943966663,28,53526.53894617059,86155.52586940219,0.0,257.60171258409287,305.6411227999437,181.19776715228292,387.3388662231261,True,0,0.0
2025-04-02,True,none,1207.1587312592596,1210.320633,1200.0,59424.804351,35195.4576014494,4683.114385199998,26,28375.733087160275,63571.19068860968,145.64506000000085,138.75671577690972,169.34760840756473,213.37080311077523,411.3476656200832,True,0,0.0
2025-04-03,True,none,1210.320633,1247.871996,1200.0,64202.797133,37994.2360866633,313.42708910000096,4,1965.7273925878721,39959.96347925117,4487.318588065842,95.36556219075517,125.20220791936765,242.26808838293547,514.3539392377287,True,0,0.0
2025-04-04,True,none,1247.871996,1962.7669046296317,1200.0,29297.554074,15037.0196878586,0.0,0,0.0,15037.0196878586,19449.164715934163,154.0520538248698,185.60627712898741,132.26051049228113,280.7164674203983,True,0,0.0
2025-04-05,True,none,1962.7669046296317,1213.376898,1200.0,26670.440919,13374.7338569683,358.0146460333321,10,1421.5563675120757,14796.290224480375,13109.250816942385,101.31141540527345,123.09626955274503,217.5708257083866,413.2629666142768,True,0,0.0
2025-04-06,True,none,1213.376898,1261.5842989259263,1200.0,59996.052953000006,35656.53122717531,169.51225416666588,4,959.469024603395,36616.0002517787,1648.1768199218154,92.26141593967017,118.35555144876149,105.96970412045584,215.80950904736682,True,0,0.0
2025-04-07,True,none,1261.5842989259263,1200.0,1200.0,60144.031728,35530.4884095552,346.70493966666345,14,1486.8009165281142,37017.28932608331,3442.5516811934244,102.19431333007816,124.79882234397031,185.87328804600568,403.0515484566595,True,0,0.0
2025-04-08,True,none,1200.0,1200.0,1200.0,55330.2133341,32758.782858877337,3443.417615399996,27,21009.535090961726,53768.31794983907,477.35320000000047,226.8508326985677,276.34796248178185,226.88870415374038,459.1571531481729,True,0,0.0
2025-04-09,True,none,1200.0,1222.6274382962965,1200.0,55253.0256387,32867.364424954576,6999.449390433336,22,45954.41950933844,78821.78393429302,88.84110000000055,170.25228350694445,212.46311041626035,242.2205092495362,440.736279855481,True,0,0.0
2025-04-10,True,none,1222.6274382962965,1398.2258864814817,1200.0,61522.910552999994,36545.4821648003,431.66740683333256,6,2783.4215615145285,39328.90372631483,3263.0574578189353,94.96033469509548,122.95230004316252,193.27539724374347,387.0011857543797,True,0,0.0
2025-04-11,True,none,1398.2258864814817,1633.8864501111118,1200.0,27946.452176,14250.6910572516,0.0,0,0.0,14250.6910572516,19745.45138929218,141.32327934570313,173.37328361267546,168.53839216110308,314.37303887631396,True,0,0.0
2025-04-12,True,none,1633.8864501111118,1368.9876139888875,1200.0,26591.704083999997,13269.2934483445,0.0,0,0.0,13269.2934483445,15304.389315646089,102.80768148057726,128.81727647540887,158.86787079376248,293.69059972388396,True,0,0.0
2025-04-13,True,none,1368.9876139888875,1306.1497654444445,1200.0,56463.590517000004,33584.2296123994,1813.3492647966636,8,12178.653567672816,45762.88318007222,228.24054961728325,101.17322978244357,128.66223086431145,126.47705277413264,213.46338214269335,True,0,0.0
2025-04-14,True,none,1306.1497654444445,1210.0668168888894,1200.0,57140.512915,33765.959649656,477.6282760666639,6,3109.4992753903484,36875.45892504635,1208.3169726543238,107.78813516167537,141.75237006147748,148.65320358244247,278.28516806845823,True,0,0.0
2025-04-15,True,none,1210.0668168888894,1276.514067407408,1200.0,54098.2178938,32103.3593327658,1566.1678516333363,9,10342.614133137304,42445.97346590311,1690.128447942394,173.72358628743493,217.73769072831058,256.69638786942954,450.3630357165951,True,0,0.0
2025-04-16,True,none,1276.514067407408,1200.0,1200.0,53075.472019,31612.8444226556,5676.86347173333,32,36673.75668258058,68286.60110523617,39.47806666666713,157.01881842719183,191.31851562297194,137.4106642182556,263.87578391187486,True,0,0.0
2025-04-17,True,none,1200.0,1439.5791904074074,1200.0,56387.17137,33717.893396943,670.7851020033315,2,4676.365374058041,38394.25877100104,102.81613534979397,87.11990222981768,108.15821378807857,122.79415481342077,231.5311206872914,True,0,0.0
2025-04-18,True,none,1439.5791904074074,2285.32799488889,1200.0,27452.457025,13902.309391049399,0.0,0,0.0,13902.309391049399,17734.539998539094,141.54060725640187,177.82926302796835,105.55106848464143,190.23269127655232,True,0,0.0
2025-04-19,True,none,2285.32799488889,1378.6327402962947,1200.0,24821.087613,12307.295735903701,102.04872723333074,3,403.03311905272284,12710.328854956424,16611.062219666663,95.11177634006077,120.94553698937857,163.92943394223417,287.10389920409364,True,0,0.0
2025-04-20,True,none,1378.6327402962947,1240.3101394074085,1200.0,55995.530982,33284.69787520279,86.49755029999608,3,580.5739353427726,33865.271810545564,242.95340858436865,87.9004649468316,116.53822583325595,134.52962972829744,245.83514310170898,True,0,0.0
2025-04-21,True,none,1240.3101394074085,1209.9301841111114,1200.0,54127.347786,31875.019616037796,870.4312605333319,15,4838.885006118258,36713.90462215606,2762.438525382722,132.38640858289932,161.96943804016732,193.79388156679732,353.02361922222633,True,0,0.0
2025-04-22,True,none,1209.9301841111114,1200.0,1200.0,50190.708699,30284.324923216598,4911.5182297333295,27,31021.593532259314,61305.91845547591,15.899333333333516,177.8777262071398,228.2930846019903,169.2819329667078,310.5720156549264,True,0,0.0
2025-04-23,True,none,1200.0,1301.449432666667,1200.0,53130.34551499999,31407.398190387,1869.1534787333305,9,12500.127659037651,43907.52584942465,35.76035000000036,174.01024671766493,215.8906571656148,127.5654660514858,251.61944230212868,True,0,0.0
2025-04-24,True,none,1301.449432666667,1309.8983650000002,1200.0,54303.713961999994,32351.2869494238,247.61326173333143,5,1482.2948242528043,33833.581773676604,3783.1218910946523,87.49023228081597,108.16472878128737,173.50462590977483,339.17356648426784,True,0,0.0
2025-04-25,True,none,1309.8983650000002,1404.2430184074092,1200.0,25716.885374499998,12613.76971504625,0.0,0,0.0,12613.76971504625,21184.880419930043,108.47218021918404,134.42599761845054,123.54653258833224,226.5891964356191,True,0,0.0
2025-04-26,True,none,1404.2430184074092,1200.0,1200.0,24761.839506800003,11974.994834794521,426.2292885999979,9,1898.7894699470414,13873.784304741563,22869.95717921811,97.39422284613717,122.229007284059,308.16107795066176,562.4785889412017,True,0,0.0
2025-04-27,True,none,1200.0,1215.461748037037,1200.0,50767.700416,30608.496105318198,1942.950442233328,12,11800.197114300621,42408.69321961882,495.76006666666626,99.16775825737847,128.83006316688085,165.14271828246845,281.5220332954311,True,0,0.0
2025-04-28,True,none,1215.461748037037,1302.5287392592595,1200.0,49851.155614,29739.0264835541,9171.674635733329,30,58536.60479878221,88275.63128233631,95.7614833333339,127.52529156629777,156.23800625242092,446.039111329959,785.117509345523,True,0,0.0
2025-04-29,True,none,1302.5287392592595,1215.5774940000001,1200.0,56607.237891,33161.5154994392,1198.2637083999994,5,8139.477607995865,41300.99310743506,7151.736595567905,134.47487981228298,168.6112674465277,385.8624895068828,663.7367114283578,True,0,0.0
2025-04-30,True,none,1215.5774940000001,1200.0,1200.0,49153.540947999994,29450.943014559198,2350.101358019995,16,14439.815705871637,43890.75872043084,78.14778333333402,209.99298257921004,249.3784852169291,222.53265431712467,363.2673622866553,True,0,0.0
2025-05-01,True,none,1200.0,1200.2172209999999,1200.0,49647.59975583,30006.666615961723,5524.013051136664,31,30499.601708970476,60506.2683249322,669.9768833333333,200.01140461968313,279.15034532269306,161.82703407364156,261.73775343881493,True,0,0.0
2025-05-02,True,none,1200.2172209999999,1200.0,1200.0,27533.857023200002,14213.15838330178,1186.7336032666656,17,5812.431714308515,20025.590097610293,11855.249349999998,155.4333590684679,187.1959937975904,363.71404074884504,610.988056992848,True,0,0.0
2025-05-03,True,none,1200.0,1200.0,1200.0,27078.839051099996,13639.802352892191,1231.2045570666642,14,6633.44597581155,20273.24832870374,16929.34533265843,147.9980281656901,196.64760620531982,175.97529487929873,313.5390836765437,True,0,0.0
2025-05-04,True,none,1200.0,1210.229517,1200.0,57266.006024999995,34418.3330069816,1284.4556272333302,18,6761.8015656873795,41180.134572668976,3368.1326748353977,152.29258649902346,189.23239128323362,227.00318490330704,371.3620816863445,True,0,0.0
2025-05-05,True,none,1210.229517,1214.194449,1200.0,57911.402626,34940.0333980352,1729.7235938066624,8,11616.792257991974,46556.82565602718,739.2486000000008,119.17364098036026,155.6032899462377,231.37427828767036,413.37817097896124,True,0,0.0
2025-05-06,True,none,1214.194449,1214.1320497777776,1200.0,53295.404339999994,32485.1312215323,3238.5015593599946,26,17715.57790786477,50200.70912939707,58.14296000000047,234.4508952907986,280.5307815900313,208.73692165514097,373.6226243721512,True,0,0.0
2025-05-07,True,none,1214.1320497777776,1265.7019578888892,1200.0,51960.717185,31521.402687589005,6334.836918133329,23,40612.264078689346,72133.66676627836,65.44316666666714,246.4051393907335,297.57634800998585,106.44332984156608,191.21440195379984,True,0,0.0
2025-05-08,True,none,1265.7019578888892,1459.4787793333342,1200.0,58813.0457914,36223.55924978948,993.5205516666679,3,6881.396645638241,43104.95589542772,176.718851069965,123.55667996690539,168.20684506538174,188.64399493150052,324.0864650117772,True,0,0.0
2025-05-09,True,none,1459.4787793333342,3461.956307222223,1200.0,30722.195521,17106.5811117521,0.0,0,0.0,17106.5811117521,17767.046597872428,294.6555939425998,339.79950862124866,146.7770769983954,258.3102801171927,True,0,0.0
2025-05-10,True,none,3461.956307222223,1477.6960334814823,1200.0,25722.059146,14013.7051968192,0.0,0,0.0,14013.7051968192,13255.344449382714,147.8247848036024,182.382072729687,173.03106814858518,325.3163260840141,True,0,0.0
2025-05-11,True,none,1477.6960334814823,1230.4691551851856,1200.0,58926.598529,35359.672568488604,751.0962784333301,9,5093.5296999675775,40453.20226845618,829.4701034856051,131.9185589789496,171.17780649570273,124.91753535363938,221.60650604707857,True,0,0.0
2025-05-12,True,none,1230.4691551851856,1446.0137898888895,1200.0,59641.250577,36029.9850225164,344.2376780999996,4,2210.624974838931,38240.60999735533,4607.303170744861,112.89236802842878,142.98629882381488,336.176822374671,581.9683831734671,True,0,0.0
2025-05-13,True,none,1446.0137898888895,1240.7422298518525,1200.0,51410.797559,31148.1867387673,4611.921401199994,16,29917.720825660705,61065.90756442801,137.6568033333341,201.56980658908418,242.63312286183427,97.29875502325629,165.06574823148824,True,0,0.0
2025-05-14,True,none,1240.7422298518525,1200.0,1200.0,53559.9263491,32384.03429512684,2877.8033748289945,20,17921.616476378622,50305.65077150546,138.6911200000012,212.35074844563803,264.19689300304407,148.07170670270918,261.0095387382035,True,0,0.0
2025-05-15,True,none,1200.0,1334.3036943333336,1200.0,56986.9323938,34454.41868972582,1061.246562599998,9,6763.888943906257,41218.307633632074,1439.3046555144015,116.78055001085067,147.9764162148897,162.57437669062085,306.2829021529919,True,0,0.0
2025-05-16,True,none,1334.3036943333336,1938.6937778518497,1200.0,28964.3608464,15811.91281319164,0.0,0,0.0,15811.91281319164,23354.84096030947,221.67908532714844,277.77860904245426,243.18185476447212,409.2221834325825,True,0,0.0
2025-05-17,True,none,1938.6937778518497,1324.1463448888894,1200.0,26166.478607600002,13635.82899249394,479.27689239999535,2,3207.6071942723675,16843.436186766306,14497.684520246912,116.62887012261282,145.4800373589368,279.88553026197883,510.00363899762954,True,0,0.0
2025-05-18,True,none,1324.1463448888894,1234.0078280370371,1200.0,57211.840495,34370.646974316,219.8512526333319,9,984.405104874192,35355.05207919019,94.57962816872484,115.96007292751736,147.47564865546104,201.37090371389388,333.9403427890466,True,0,0.0
2025-05-19,True,none,1234.0078280370371,1200.0,1200.0,54745.1738871,33253.13669695474,327.84139423333124,6,2073.908095984605,35327.04479293934,4086.036378293421,113.94377124837239,148.55280589123984,221.41887534978125,426.9034427201693,True,0,0.0
2025-05-20,True,none,1200.0,1200.0,1200.0,49004.719627,30032.5604940114,7797.596291899997,29,49821.596055436166,79854.15654944757,0.3552333333335582,181.93946365017368,221.62015866949147,269.0575488451666,532.0452973076154,True,0,0.0
2025-05-21,True,none,1200.0,1200.0,1200.0,52575.370826,31812.8426111055,2487.733411533332,13,15814.481922005263,47627.32453311076,338.7307686008268,204.7462143825955,251.63298995533663,246.41692455801032,424.78678440090306,True,0,0.0
2025-05-22,True,none,1200.0,1615.209389222223,1200.0,56609.766947,34341.9646806768,279.39422536666723,2,1948.4591611578705,36290.42384183467,2109.0046252716083,106.87682241753475,144.0325260191802,144.0029503052129,296.8510985880471,True,0,0.0
2025-05-23,True,none,1615.209389222223,2246.6024345185215,1200.0,27214.208345,14623.0687773016,0.0,0,0.0,14623.0687773016,17820.436277962966,166.7739957655165,209.78976990453336,121.67014602427483,221.75861749057805,True,0,0.0
2025-05-24,True,none,2246.6024345185215,1564.4295302222226,1200.0,25839.752077,13557.3843934433,0.0,0,0.0,13557.3843934433,20545.53878309054,114.788450257704,142.25652043951555,234.0402983800279,411.81648357724845,True,0,0.0
2025-05-25,True,none,1564.4295302222226,1347.5893890000004,1200.0,52553.076816,32094.023242701995,811.0447406666647,8,5158.5798150804885,37252.603057782486,1713.0458607325124,111.3579687201606,149.63164849434867,130.13848438385062,236.7850733207416,True,0,0.0
2025-05-26,True,none,1347.5893890000004,1240.8336200000006,1200.0,52276.743530499996,32212.63968977055,4988.8649106666635,12,32808.93180138111,65021.57149115166,157.50358333333406,109.79874933810764,136.26474590749015,270.53703538790546,490.9411905807232,True,0,0.0
2025-05-27,True,none,1240.8336200000006,1200.0,1200.0,51764.424243999994,31175.283026393903,1371.5244169666628,18,7719.75487435391,38895.03790074781,249.74001663374827,212.85096251085062,246.6796792316642,195.49901873634133,375.92711592734645,True,0,0.0
2025-05-28,True,none,1200.0,1231.7575055185184,1200.0,49976.315841,30631.989938638704,5082.273041156663,18,32273.307150605662,62905.29708924437,8.587650000000167,200.30739930826823,247.84999510349152,270.27890553205543,435.843643876444,True,0,0.0
2025-05-29,True,none,1231.7575055185184,1412.6118121481486,1200.0,54119.126142,32918.757482616595,3433.009601099997,9,23235.06011624276,56153.81759885936,65.8899600000002,112.61790510525174,147.62853968319064,170.6943883907801,326.0344330349376,True,0,0.0
2025-05-30,True,none,1412.6118121481486,2183.274932555558,1200.0,27761.191454,14764.2726958231,0.0,0,0.0,14764.2726958231,18015.43435423868,221.33581136067707,265.7281582172366,234.45245609915304,433.76799972312966,True,0,0.0
2025-05-31,True,none,2183.274932555558,1469.0808253333319,1200.0,25962.1792031,13521.291715829611,192.4658577333296,4,796.4048620757177,14317.69657790533,16121.947919766666,137.51308138020832,176.54689675826864,153.9425105393767,265.0896484979918,True,0,0.0
2025-06-01,True,none,1469.0808253333319,1200.0,1200.0,56768.260796999995,34350.671683680004,16357.142671099997,66,92961.37622467961,127312.04790835961,0.0,338.2557187391493,425.3975422389149,414.4286412603326,786.3755788615041,True,0,0.0
2025-06-02,True,none,1200.0,1200.0,1200.0,69848.24320160001,42444.34669041458,4810.469661066663,25,28934.42732888714,71378.77401930172,2026.0204100000003,181.08711017795136,227.51522710087812,301.8076677098592,545.6230211314786,True,0,0.0
2025-06-03,True,none,1200.0,1200.0,1200.0,67172.58677500101,40575.30216530486,5085.530981332329,39,29497.789654239583,70073.09181954444,272.31788666666773,307.68203029785155,363.8462610414977,156.84405498309667,295.7727596487553,True,0,0.0
2025-06-04,True,none,1200.0,1220.023120777778,1200.0,70001.1128834,42707.96704142182,3451.730500786665,18,22637.111723563856,65345.07876498568,140.9277900000004,220.01188440483935,279.65249217701313,154.49191690141285,278.19337801974706,True,0,0.0
2025-06-05,True,none,1220.023120777778,1200.0,1200.0,74731.732192,45743.960300554696,1176.5489531999951,13,7462.538802448173,53206.49910300287,434.6405000000019,123.86954385579423,155.27978940411774,139.40879698886997,246.98531592769598,True,0,0.0
2025-06-06,True,none,1200.0,1201.954875,1200.0,32360.974266,17664.118384395602,3289.466866366665,22,19154.245239454223,36818.36362384983,2166.419333333336,331.45345039333773,410.72477215892854,211.32949842331772,359.52140091690075,True,0,0.0
2025-06-07,True,none,1201.954875,1200.0,1200.0,33851.968200999996,19272.5587231524,762.8209559333309,10,3929.4368287164907,23201.99555186889,920.0976984485546,131.77087136230472,171.32206948059158,131.0560918077257,224.3937107891847,True,0,0.0
2025-06-08,True,none,1200.0,1732.4727353703706,1200.0,80249.962636,49744.933888151296,68.59940800000004,3,462.4007056863336,50207.33459383763,11307.724857057623,212.65161219346788,293.4792092850629,494.7809439475463,837.8856018391576,True,0,0.0
2025-06-09,True,none,1732.4727353703706,1561.677493666667,1200.0,72707.76997600001,44895.7129078271,2766.837239699995,8,18853.534848862513,63749.24775668961,831.0498066666675,129.49063712293835,169.72564094932406,142.4103507070654,274.7273804054004,True,0,0.0
2025-06-10,True,none,1561.677493666667,1292.3706242222227,1200.0,66926.7348226,40602.58849485713,7759.776692566663,22,51002.60220373975,91605.19069859688,92.12880000000064,257.5205260009766,311.22240961257324,195.70619468850825,360.6078830682658,True,0,0.0
2025-06-11,True,none,1292.3706242222227,1378.8736179259263,1200.0,74018.511299,45469.4236795639,6662.660208966663,28,40449.072215833396,85918.4958953973,596.5620839094665,131.83799013943144,167.56367994927027,254.5525892998013,497.8137804450619,True,0,0.0
2025-06-12,True,none,1378.8736179259263,1696.74659451852,1200.0,80360.1347726,50275.7412820818,1.4607423333335419,2,9.839836909001406,50285.5811189908,3547.5322290814847,138.69388656684026,197.08620020893557,173.32339517961873,331.84186472609974,True,0,0.0
2025-06-13,True,none,1696.74659451852,2230.323214185183,1200.0,37367.029780799996,22205.36799513232,0.0,0,0.0,22205.36799513232,5947.510584853504,308.88292290039067,388.32318521343444,220.62601633660395,387.5947257406323,True,0,0.0
2025-06-14,True,none,2230.323214185183,1281.2332563703708,1200.0,33989.34351,19614.0493785397,85.11694999999838,2,466.4178726966568,20080.467251236358,6391.463186925925,129.62445036349826,172.42131591582765,195.0528385317776,364.7811456994527,True,0,0.0
2025-06-15,True,none,1281.2332563703708,1239.5228454444446,1200.0,74504.10469499999,45863.8800609547,1142.7513288333357,9,7636.377758471204,53500.25781942591,854.589605637866,112.78645995008681,145.0975030962382,164.51118472405008,275.2569237009617,True,0,0.0
2025-06-16,True,none,1239.5228454444446,1355.3213345185188,1200.0,77254.38898219999,47860.0110071364,390.0076812546663,11,2477.6747229728853,50337.68573010929,438.5634400000009,124.44268722602,157.5310781590351,124.3043463333314,205.37505173160062,True,0,0.0
2025-06-17,True,none,1355.3213345185188,1200.0,1200.0,70686.8926217,42726.13861918894,7669.83708853333,31,48491.43612465245,91217.5747438414,86.78613333333362,284.4981242974175,327.58832640692253,185.47608817696437,374.67262676667565,True,0,0.0
2025-06-18,True,none,1200.0,1204.3427672962966,1200.0,75831.99416999999,46502.113543950996,824.4456819999998,6,5491.872445890518,51993.985989841516,1599.453108753094,156.52071114366314,192.18608477636985,160.94843995691667,268.3958115170424,True,0,0.0
2025-06-19,True,none,1204.3427672962966,1423.102630370371,1200.0,76407.004226,47114.5496642726,322.9567118666656,7,1953.873236605094,49068.4229008777,4051.4448508312785,146.4384567274306,186.21406832325496,254.17860896053844,487.2160002160739,True,0,0.0
2025-06-20,True,none,1423.102630370371,1467.3914506666667,1200.0,34457.083897,20122.4447539638,0.0,0,0.0,20122.4447539638,9642.864291526748,218.52231426866322,285.87713729194974,117.54794063772096,212.37175135808317,True,0,0.0
2025-06-21,True,none,1467.3914506666667,2009.047044777778,1200.0,32661.903404,18445.055246221,580.0336945666655,7,2467.7165166574287,20912.77176287843,10921.911455934158,152.93008227810327,203.78711046411735,234.40645382002464,463.8686568310132,True,0,0.0
2025-06-22,True,none,2009.047044777778,1244.8365605185195,1200.0,67736.84213219999,42192.32711244472,2567.9300296966603,9,17497.466349355687,59689.79346180041,51.61390000000006,142.53794262424043,184.71069646084,244.87412318154443,474.3245250529401,True,0,0.0
2025-06-23,True,none,1244.8365605185195,1200.0,1200.0,70562.801504,43591.8978552866,1271.5752299999963,17,7612.315208225078,51204.21306351168,668.1054233333357,145.00060765245223,182.82641523421492,114.83335492211715,202.37331848029154,True,0,0.0
2025-06-24,True,none,1200.0,1200.0,1200.0,65677.02475596001,39894.91710313551,13594.428291239996,46,83062.93511146089,122957.8522145964,42.74050000000068,292.6311809434679,346.4720693254453,343.4926510060496,588.2731994938362,True,0,0.0
2025-06-25,True,none,1200.0,1255.4293923333335,1200.0,77069.46168800001,47448.831422082105,240.12022283333118,8,1035.626228604659,48484.45765068677,2655.8407901728483,149.46724971245663,199.23871571688414,236.8994327502886,388.3155239903572,True,0,0.0
2025-06-26,True,none,1255.4293923333335,1320.0187131111113,1200.0,75247.072342,46142.7103445956,249.13723740000165,11,1436.4237593636453,47579.134103959244,3636.116438683129,123.3928811903212,158.6899736696237,199.18209571049744,387.30874318341984,True,0,0.0
2025-06-27,True,none,1320.0187131111113,1596.028599000003,1200.0,32552.612495999998,18449.604111414897,0.0,0,0.0,18449.604111414897,9999.944657901235,247.00360015190972,311.2032175891662,147.55221654323208,291.6076957800381,True,0,0.0
2025-06-28,True,none,1596.028599000003,1200.3246561851865,1200.0,31468.354309000002,17448.8795646515,234.83854983333077,5,1378.6929887189822,18827.572553370483,7792.124422880662,128.77935090603296,167.1932394004063,202.64970276915363,384.05995755136644,True,0,0.0
2025-06-29,True,none,1200.3246561851865,1632.4065777777785,1200.0,72540.2882182,44594.53845113032,1370.0253442379928,7,8967.60096911273,53562.13942024305,165.26312333333374,136.70639284939236,176.66405772133737,193.39872005083296,368.3429664252176,True,0,0.0
2025-06-30,True,none,1632.4065777777785,1301.0351819259272,1200.0,75511.40198,47075.6152958092,101.37285966666684,3,683.1597636565011,47758.7750594657,2055.819007794243,144.64807348632812,187.89698693765305,192.23648240528505,341.3345986682728,True,0,0.0
2025-07-01,True,none,1301.0351819259272,1200.0,1200.0,69407.46993,41583.7754932,13065.034856133323,46,73451.09576469245,115034.87125789246,123.73387000000014,899.5424564181858,948.9997081414984,344.02239384047584,535.5786996348758,True,0,0.0
2025-07-02,True,none,1200.0,1243.9746236296298,1200.0,77103.4659,47763.611723028,1722.5210204333307,12,11511.477788400018,59275.089511428014,1918.3202359670781,312.7816735243055,389.91957033387683,275.8270517149237,461.19355527452734,True,0,0.0
2025-07-03,True,none,1243.9746236296298,1268.108079,1200.0,77375.17364000001,48529.302382735,6086.3311854666645,27,38987.2074141037,87516.5097968387,212.82518666666806,164.1507694878472,212.09782136902513,275.1598068971793,484.79280515413456,True,0,0.0
2025-07-04,True,none,1268.108079,1200.0,1200.0,37968.63302,23085.4689518912,3799.710780966665,47,12022.082304185631,35107.551256076826,10526.078362666663,299.3793672498915,353.7422104416306,228.27062628814377,483.5481720936256,True,0,0.0
2025-07-05,True,none,1200.0,1200.0,1200.0,39669.567878999995,22920.8103651473,2033.4062214333294,17,11227.475932677064,34148.286297824365,10364.591107666663,176.94490682779949,222.76764135921934,209.93984926329716,376.86446875040514,True,0,0.0
2025-07-06,True,none,1200.0,1200.0,1200.0,74942.126042,46871.9747460372,8480.2763023,24,55614.20558666133,102486.18033269854,129.6234933333344,245.6623965115017,316.7750401175484,230.9875312471072,409.99727889028446,True,0,0.0
2025-07-07,True,none,1200.0,1698.6345274074101,1200.0,82006.62735,51768.131942064,17.16851666666662,2,115.72374205499969,51883.855684119,4269.881735144037,156.9051755967882,193.72849898300865,181.0648769455453,288.92284705876136,True,0,0.0
2025-07-08,True,none,1698.6345274074101,1686.4739519259265,1200.0,76316.42509,47655.499038258,5500.752160099995,14,37074.32966339745,84729.82870165545,2670.1677519341633,252.92781274956593,299.47591282489157,286.709419227914,452.7249051051316,True,0,0.0
2025-07-09,True,none,1686.4739519259265,1463.8546822222233,1200.0,76982.09358999999,48808.53600186399,1123.1205943333327,8,7668.055552241163,56476.59155410515,417.66801736625723,152.59900868055558,192.57266834040348,179.65445002017546,324.5266785795151,True,0,0.0
2025-07-10,True,none,1463.8546822222233,1461.643806,1200.0,78351.18432,49396.262668244,393.6961756333304,13,1760.3925259199868,51156.65519416399,1723.2613202469188,155.53267834743923,204.86549682000785,124.35375531654057,246.0455265911229,True,0,0.0
2025-07-11,True,none,1461.643806,3665.8126340370377,1200.0,50239.340217,30978.745607559402,0.0,0,0.0,30978.745607559402,12894.453399370366,656.9469368570964,739.8158537898327,302.9791150787671,570.1219692729961,True,0,0.0
2025-07-12,True,none,3665.8126340370377,1260.1133802592597,1200.0,39888.312474,24060.3532530932,152.46944759999985,4,547.5743337190186,24607.927586812217,8972.741791275723,182.703956374783,266.1257305725029,154.49472915120924,302.3715057963773,True,0,0.0
2025-07-13,True,none,1260.1133802592597,1398.434886851857,1200.0,81883.41712,51089.670521572,90.09308666666698,5,607.1041555150022,51696.774677087,8627.874147489714,168.66525985243055,224.6235022461121,386.5907554026299,737.9873843819933,True,0,0.0
2025-07-14,True,none,1398.434886851857,1325.793881074075,1200.0,73607.1433,46868.894626502006,1969.5103034333235,10,13413.995282070935,60282.88990857294,393.23332333333474,132.33854326714408,169.89887046289365,155.45225492843787,311.4120968692124,True,0,0.0
2025-07-15,True,none,1325.793881074075,1351.7734665185192,1200.0,70909.09813,44499.14041439,5142.38116073333,18,34399.57461190561,78898.71502629561,133.09181666666746,204.43659630805124,250.56323884056005,222.47372898126707,423.352467931465,True,0,0.0
2025-07-16,True,none,1351.7734665185192,1203.127371,1200.0,70615.943321,44747.43047144941,4980.590993433329,14,33079.2487760139,77826.6792474633,181.52053333333413,227.84205580783419,289.20701541612095,150.3918856666141,279.02027447021845,True,0,0.0
2025-07-17,True,none,1203.127371,1246.2734580000001,1200.0,74965.657984,47519.461213482806,2145.4473671933297,11,14021.649448314465,61541.11066179727,504.0298933333339,167.0270374159071,207.67696442222217,167.3086807285203,304.151713432138,True,0,0.0
2025-07-18,True,none,1246.2734580000001,1771.5047577777777,1200.0,43079.927411,25779.2841885206,0.0,0,0.0,25779.2841885206,8733.98541011111,244.8689624538845,313.283611500468,244.50617508583068,449.1029329495021,True,0,0.0
2025-07-19,True,none,1771.5047577777777,1238.259850703704,1200.0,40293.854800600006,23892.885916574982,220.07076033333456,5,1414.6956217707427,25307.581538345723,11372.16175582634,147.14606618652343,185.23615137292197,193.1145465157403,338.92649701414035,True,0,0.0
2025-07-20,True,none,1238.259850703704,1434.4793684444453,1200.0,76468.93029999999,48385.285753225005,160.51809673332497,4,1078.6881402448248,49463.97389346983,432.2332900000014,158.38605064832896,198.07551478219844,147.26972659915083,259.0376662372042,True,0,0.0
2025-07-21,True,none,1434.4793684444453,1455.056159666668,1200.0,76906.02289,48341.986914814,1370.7362009666654,7,9405.125806416576,57747.11272123057,327.25089000000037,161.11652862684463,203.2946225685896,171.06336589180626,288.9043024253724,True,0,0.0
2025-07-22,True,none,1455.056159666668,1216.769733,1200.0,71338.395238,44559.9895915797,5763.288569999993,27,37447.08788812143,82007.07747970114,374.8230500000003,307.00382316080726,371.7809717531412,196.7174001776801,356.9632900818309,True,0,0.0
2025-07-23,True,none,1216.769733,1285.6787155925933,1200.0,75863.37398,47538.435755955004,2807.501133766669,12,18979.799903387255,66518.23565934226,474.5841369547371,170.18759247233072,214.79728831740616,163.50798030586242,281.44173520461675,True,0,0.0
2025-07-24,True,none,1285.6787155925933,1470.8410937777774,1200.0,79584.22229,49972.097447201995,555.5761808333289,6,3688.9170383030537,53661.014485505046,2415.568400987657,140.06529211425777,181.06046500540558,221.13008329984876,383.78605199129197,True,0,0.0
2025-07-25,True,none,1470.8410937777774,1523.9853841481465,1200.0,41355.948632,24577.3644151469,0.0,0,0.0,24577.3644151469,12235.996894962962,217.32773852267795,267.58033214829464,130.5673606271956,230.07380355313666,True,0,0.0
2025-07-26,True,none,1523.9853841481465,1463.4370779259293,1200.0,40615.200389,24085.541500366504,42.200719866665935,2,171.71459548439694,24257.256095850902,9635.001112333328,151.76739057617186,195.8555639116184,162.07992502390843,282.26028139240316,True,0,0.0
2025-07-27,True,none,1463.4370779259293,1462.6041400000008,1200.0,76167.75198,48060.944329168,2352.9322148999922,9,14270.090320924066,62331.034650092064,888.0341533333349,137.32850474446616,176.90208514034993,160.9407674727652,284.2331596161086,True,0,0.0
2025-07-28,True,none,1462.6041400000008,1220.0154180000002,1200.0,77170.46025,48459.174551855,4496.150578566664,22,28998.09817097212,77457.27272282713,407.70108226337675,146.3883421440972,183.60885516321392,232.94169892867407,423.8575327179799,True,0,0.0
2025-07-29,True,none,1220.0154180000002,1224.809460111112,1200.0,76821.913768,47347.8657094965,3265.9674493999973,13,22108.760724548913,69456.6264340454,189.02630000000113,262.8487032796224,323.32178598613984,166.9175681773348,275.48728471969804,True,0,0.0
2025-07-30,True,none,1224.809460111112,1363.309571555556,1200.0,76761.7977,47774.350695058005,2250.6820397000088,15,14459.715601887168,62234.06629694517,701.458883333335,194.27879014214412,238.5169399160631,180.68561348157195,350.9946576482141,True,0,0.0
2025-07-31,True,none,1363.309571555556,1308.6252085555561,1200.0,78448.73902,49131.336769332,921.9918459333321,10,6373.57086789259,55504.90763722459,576.169780000002,151.91835838758684,183.28000655309404,118.08147489112746,239.33327482305475,True,0,0.0
2025-08-01,True,none,1308.6252085555561,1858.7669603333352,1200.0,41166.161073,24417.1400237747,0.0,0,0.0,24417.1400237747,16826.25700752675,159.9277776394314,206.1564711106552,383.6369473228078,609.6728811916927,True,0,0.0
2025-08-02,True,none,1858.7669603333352,1547.5690546296305,1200.0,38751.059779999996,22792.0215727252,109.18055213333128,3,692.120149472119,23484.141722197317,15745.592888600824,155.39761554633247,200.15361559682268,128.8822547072914,235.03464819916084,True,0,0.0
2025-08-03,True,none,1547.5690546296305,1328.1679470000001,1200.0,68278.08222,43660.565675425,997.7897599999991,22,4770.846270066662,48431.411945491665,2963.997687654329,140.76987310926654,181.6583639637547,177.08930437778628,306.26454821596707,True,0,0.0
2025-08-04,True,none,1328.1679470000001,1200.0,1200.0,68690.14973300001,43816.6070920718,746.2069008999971,5,4695.638637639048,48512.24572971085,443.34735223868313,147.71498477647566,184.7508032597041,106.85892051568094,197.66235367905028,True,0,0.0
2025-08-05,True,none,1200.0,1200.0,1200.0,63098.732735,40530.3805182911,5027.14258523333,32,30574.12335470081,71104.50387299192,8.973766666666734,168.0413273573134,213.32516041888402,156.1563567283551,305.8295225118086,True,0,0.0
2025-08-06,True,none,1200.0,1200.0,1200.0,64427.094196,41084.2034718852,6762.399590133332,23,44057.449950986695,85141.6534228719,85.06095000000016,200.6327935709635,236.92747320541284,223.18213025897705,464.42565327010016,True,0,0.0
2025-08-07,True,none,1200.0,1285.1571000000001,1200.0,70662.601511,44940.696398759595,297.71426026666666,15,1529.9597656350716,46470.65616439467,3570.832224279842,165.96795179307728,202.91313421858007,207.45313287330663,387.0116351048946,True,0,0.0
2025-08-08,True,none,1285.1571000000001,2072.1187514814856,1200.0,40396.7263928,23859.740048638443,0.0,0,0.0,23859.740048638443,21248.86017481646,229.07583373209633,278.54716122347935,221.2556254032837,381.14343012264334,True,0,0.0
2025-08-09,True,none,2072.1187514814856,1323.2422065555572,1200.0,37792.912162,22308.522391671402,121.18369519999551,2,486.6781047791819,22795.200496450583,17234.090798666664,143.64191869032118,176.63396034624802,216.00674097435675,418.4542531174141,True,0,0.0
2025-08-10,True,none,1323.2422065555572,1235.9848566666678,1200.0,66731.207941,42742.1108171084,1989.8404174299958,7,13594.186088122637,56336.29690523104,92.62196666666716,136.82712270779075,173.33484826082966,184.6023540653914,320.3384926465468,True,0,0.0
2025-08-11,True,none,1235.9848566666678,1264.3164680740742,1200.0,70466.023595,44604.3839027635,310.0360038333316,12,1643.5203395118256,46247.90424227532,2237.915674312767,151.93038203667533,185.7232377403851,171.1447955213388,318.4827163979501,True,0,0.0
2025-08-12,True,none,1264.3164680740742,1306.103780962963,1200.0,63355.486454,40328.9945984425,7333.703676899995,26,48465.97776630582,88794.97236474832,111.84941666666714,253.1486360894097,301.1171075617076,199.81936552704175,349.4491846867544,True,0,0.0
2025-08-13,True,none,1306.103780962963,1416.6269003703705,1200.0,67091.348073,42572.0159523206,2671.636411799993,17,17520.079958713155,60092.09591103376,191.13665333333404,237.74856083984372,286.4416692824874,142.69160795620812,265.67120493646917,True,0,0.0
2025-08-14,True,none,1416.6269003703705,1283.4438481481488,1200.0,68383.089055,43494.2696616395,1469.9718821999986,13,9868.66926332789,53362.938924967384,107.70128333333366,153.9676908610026,196.0592183177554,155.65039620276553,266.3618286915931,True,0,0.0
2025-08-15,True,none,1283.4438481481488,1428.8749180740767,1200.0,39503.557127,23321.5065403111,205.3742350333335,3,833.5304944005675,24155.03703471167,19751.570945633743,183.57529205457902,234.1485264228729,137.97848800417847,251.67723886018896,True,0,0.0
2025-08-16,True,none,1428.8749180740767,1397.9788550740745,1200.0,38912.864952,22686.2087805266,211.9954966666673,1,1478.880584746671,24165.08936527327,19633.425112156383,143.6302155734592,178.56419680817058,147.53992382586932,286.74191900293084,True,0,0.0
2025-08-17,True,none,1397.9788550740745,1369.571657518519,1200.0,66569.190781,42886.4673595484,540.3692402333277,10,3385.282320635769,46271.74968018417,126.26073100000028,148.3001996636285,180.57488923067237,176.4059227753745,299.2811169617367,True,0,0.0
2025-08-18,True,none,1369.571657518519,1316.0944567037045,1200.0,65973.012951,42486.7434878494,2171.7358741999938,17,13394.691181017028,55881.43466886643,182.91261333333375,155.98741123318143,194.44761994484674,120.26305887665222,227.6235895897336,True,0,0.0
2025-08-19,True,none,1316.0944567037045,1204.213497,1200.0,65797.714412,41814.6233211742,2037.9840080999954,23,12528.048065241604,54342.67138641581,28.36033333333353,175.8107004448785,221.24046404734509,154.80151520349182,261.0980008118981,True,0,0.0
2025-08-20,True,none,1204.213497,1200.0,1200.0,64161.382442,41062.1069098336,9181.797045366664,31,56990.61042369857,98052.71733353217,25.67530000000056,208.60723084309893,259.5539710407063,316.91066092720695,538.187583561183,True,0,0.0
2025-08-21,True,none,1200.0,1289.6164047407406,1200.0,72703.45177799999,45896.1587031814,176.9521786666666,9,1129.581379142267,47025.74008232367,3297.1009337037094,124.01979165581598,160.7134567594477,198.11711948758762,362.5698557916263,True,0,0.0
2025-08-22,True,none,1289.6164047407406,1389.13263,1200.0,39214.600288,22942.8955258844,761.7897326666664,9,4226.03901024015,27168.93453612455,15982.417713827159,163.07982708875866,201.56299502051908,145.7336761377573,264.0930929276427,True,0,0.0
2025-08-23,True,none,1389.13263,1339.2139932296298,1200.0,39378.173094,23167.3228580518,0.0,0,0.0,23167.3228580518,14299.20770506173,129.8370781304253,168.45283372908568,172.62185952785416,354.3846215424732,True,0,0.0
2025-08-24,True,none,1339.2139932296298,1225.797195,1200.0,70511.355884,44840.070538966,812.3002249666583,11,5049.754998329794,49889.825537295794,3770.847767744856,149.49883286404082,183.79170618518745,250.7435193372488,482.6095000227755,True,0,0.0
2025-08-25,True,none,1225.797195,1212.4925831851854,1200.0,68380.81951999999,43971.17440864,5699.129235699998,11,38322.52511764285,82293.69952628284,232.60160000000099,136.8216402018229,172.326063896972,297.92786987471135,548.225912773426,True,0,0.0
2025-08-26,True,none,1212.4925831851854,1374.6412930000001,1200.0,73846.421497,46461.044730235,515.5389895333288,12,3203.254428598254,49664.29915883325,4790.6136344855995,159.7910390652127,198.10372773340143,261.80304164835616,524.1371215950064,True,0,0.0
2025-08-27,True,none,1374.6412930000001,1200.0,1200.0,67266.35501900001,43011.1216941226,4220.369155666666,28,27179.354475257664,70190.47616938027,207.09057666666718,165.80857967936197,213.771488312277,141.92874939344762,264.0396049770988,True,0,0.0
2025-08-28,True,none,1200.0,1342.885476,1200.0,70902.962696,45305.4184992909,3857.440311299999,26,24428.277519260322,69733.69601855121,340.87973333333446,168.54169413519966,207.6084464766018,264.98591263898084,544.5344568816503,True,0,0.0
2025-08-29,True,none,1342.885476,1682.340377666669,1200.0,40498.024284,24003.238204116402,0.0,0,0.0,24003.238204116402,14790.671693176953,162.39301121419268,195.3258714434439,148.0704874784979,261.1667944559933,True,0,0.0
2025-08-30,True,none,1682.340377666669,1223.401932,1200.0,39942.055905,23627.5788558081,11.826556366665201,2,44.361248926527956,23671.94010473463,19294.552564609054,143.5777798231337,180.21948028992938,264.2629325732072,470.68756251681185,True,0,0.0
2025-08-31,True,none,1223.401932,1671.9227538518528,1200.0,67312.289826,43543.0867120114,3426.454550633337,12,22618.689270733004,66161.77598274441,251.01808333333474,142.54165726725262,183.4196555170351,208.57170917065935,405.27059511211803,True,0,0.0
2025-09-01,True,none,1671.9227538518528,4854.855424333336,1200.0,71730.630546,45702.397562604994,0.0,0,0.0,45702.397562604994,11531.510486337458,487.8753133517795,559.8674666104207,180.05193683198559,314.95718733606236,True,0,0.0
2025-09-02,True,none,4854.855424333336,1344.9268704444453,1200.0,49773.52083,32048.273686481,3791.8311539,19,22828.715789555008,54876.989476036004,7.419266666666886,233.5811158311632,283.8714241479436,201.04806910787423,338.6854893553467,True,0,0.0
2025-09-03,True,none,1344.9268704444453,1251.0754560000003,1200.0,57045.992695,35630.525719524,1999.3711046333328,20,12014.332718271515,47644.85843779551,37.7013666666669,147.6846295572917,184.53113345803519,159.20873392171927,276.213777356669,True,0,0.0
2025-09-04,True,none,1251.0754560000003,1344.1264940000005,1200.0,57978.760471600006,36130.46773053452,1457.584011066663,7,10007.543686916875,46138.011417451395,1472.0648086460992,145.292351703559,175.86461478211035,182.7200422462834,351.035955370968,True,0,0.0
2025-09-05,True,none,1344.1264940000005,4578.02802525926,1200.0,38982.146724,22827.9433690868,0.0,0,0.0,22827.9433690868,26283.370727209876,534.8940002278646,576.117267624623,144.68530959964858,278.1252562411423,True,0,0.0
2025-09-06,True,none,4578.02802525926,2633.7684684814863,1200.0,29817.2424016,17341.52721872666,0.0,0,0.0,17341.52721872666,21596.139787875723,221.1526174750434,278.1234441309706,227.03015079155628,420.9091330897574,True,0,0.0
2025-09-07,True,none,2633.7684684814863,1200.0,1200.0,50911.291173,32290.3728786251,5686.531317233326,29,32553.195454832075,64843.56833345718,18.93366666666691,263.04151251898867,310.1334793979828,135.03084803909593,293.36442303588245,True,0,0.0
2025-09-08,True,none,1200.0,1200.0,1200.0,52310.79410100001,32246.7356542734,10032.091738733332,35,62272.17035574668,94518.90601002009,45.00951666666708,315.4629676812066,392.5015316165544,198.90534561568367,388.09995120562223,True,0,0.0
2025-09-09,True,none,1200.0,1200.6433332962963,1200.0,55192.920457,33835.457912884696,3393.0472571333326,22,21198.843480151398,55034.30139303609,1607.211926666666,282.7976010660807,334.316956847878,246.8684857495242,481.3476144787114,True,0,0.0
2025-09-10,True,none,1200.6433332962963,1232.924973925926,1200.0,56731.098623,35682.96255056,7641.574112733328,24,47764.29970597441,83447.2622565344,158.02038333333383,184.4384820827908,229.5465647315884,305.9053704860469,561.5059680806424,True,0,0.0
2025-09-11,True,none,1232.924973925926,1317.9175261111113,1200.0,64169.63763,39488.198142454,301.15519839999877,12,1300.3210084686436,40788.51915092264,6933.905643045264,113.15521782226566,146.60050621582303,301.6784599243349,574.1403824690924,True,0,0.0
2025-09-12,True,none,1317.9175261111113,1913.888864333336,1200.0,32962.343317,18116.8234739369,0.0,0,0.0,18116.8234739369,18042.595933744855,194.29300772298177,225.48227881507916,113.39193640515539,213.8689319873252,True,0,0.0
2025-09-13,True,none,1913.888864333336,1200.0,1200.0,30044.61395,16450.3942541672,494.54909916666264,10,2810.449139450602,19260.843393617804,20554.8291,115.70533961046006,143.35315568386045,160.2069164007187,331.3420196146496,True,0,0.0
2025-09-14,True,none,1200.0,1200.0,1200.0,56457.211163,35595.336698069,6805.876869499993,30,39706.11269964859,75301.44939771759,13.752000000000066,207.7205137451172,255.0748230407812,200.33945511385366,391.990882838608,True,0,0.0
2025-09-15,True,none,1200.0,1316.3391982962971,1200.0,63454.08735,39372.757870003,4.532240000000456,2,31.336268123336502,39404.09413812633,4111.161113374493,134.37998649631078,172.18906308533835,228.9076034982469,458.22956884199345,True,0,0.0
2025-09-16,True,none,1316.3391982962971,1200.0,1200.0,54967.721341,33925.481302907196,7616.9320372999955,37,46703.4681694177,80628.9494723249,7.666616666666869,337.051233070204,391.31057934704364,143.45663156790204,296.6808440593852,True,0,0.0
2025-09-17,True,none,1200.0,1200.0,1200.0,59674.996213000006,37038.907559953,4193.768589433332,21,26343.14281774698,63382.050377699976,363.69820189300685,170.507805202908,211.62770962672246,157.51620371948084,329.3895955435492,True,0,0.0
2025-09-18,True,none,1200.0,1356.907776666667,1200.0,63357.42114099999,39222.5796814544,394.42715176666644,9,2374.115040364084,41596.69472181849,466.3912569547334,113.67821465115017,145.3020567422309,96.5300062509219,194.96188805562264,True,0,0.0
2025-09-19,True,none,1356.907776666667,1901.6109619629663,1200.0,32862.646093,18295.6958447473,0.0,0,0.0,18295.6958447473,13355.143440864196,157.19472934299043,192.76175417375617,117.51114814017218,217.5274655169192,True,0,0.0
2025-09-20,True,none,1901.6109619629663,1509.841972222223,1200.0,31261.490858000005,17220.1914616862,426.3734708999948,7,2106.97179223871,19327.16325392491,13595.771355827163,137.04173140462237,174.21564190264738,118.45445635802963,218.03183444532704,True,0,0.0
2025-09-21,True,none,1509.841972222223,1329.0232410000003,1200.0,65611.08554999999,40935.47582473401,306.36346323332765,7,1917.9322229169618,42853.40804765097,4069.5420211522696,118.05731913791234,142.73984529004596,216.81941167303592,429.2546319516327,True,0,0.0
2025-09-22,True,none,1329.0232410000003,1238.9055600000002,1200.0,61089.565159,38029.5536709362,3238.1945632666666,19,20823.481256779814,58853.03492771601,31.456000000000586,143.26715737033425,179.118727926874,98.5545665547821,192.07704390544333,True,0,0.0
2025-09-23,True,none,1238.9055600000002,1346.5751373333342,1200.0,57508.364885,35418.752555945495,8240.884992683332,28,52703.400377780184,88122.15293372568,165.05668333333358,311.10321137424046,368.2170844151965,118.35073513090346,243.24645505926492,True,0,0.0
2025-09-24,True,none,1346.5751373333342,1200.0,1200.0,63256.990853999996,38994.3884240887,2097.4352145333223,13,11654.784406325367,50649.17283041406,354.7884346666682,162.25575432942708,200.4559485956501,132.77271105146872,245.81609816893922,True,0,0.0
2025-09-25,True,none,1200.0,1249.5828780000002,1200.0,64329.0576,39987.346732564,832.4177243999973,15,4359.345492936221,44346.69222550022,646.3744200000026,127.8853898735894,163.64603373728644,92.53872031570538,170.20225339682386,True,0,0.0
2025-09-26,True,none,1249.5828780000002,1819.8484137407436,1200.0,33608.274433,18645.8036048161,0.0,0,0.0,18645.8036048161,12507.267772259265,160.94870443522137,204.17802894227492,189.88776215369236,394.826988453873,True,0,0.0
2025-09-27,True,none,1819.8484137407436,1200.0,1200.0,31349.122331,17142.9545456777,1430.7460392999972,14,7573.036557063687,24715.991102741387,12729.938983333332,137.41204697808158,169.8859526692672,211.16716681760286,399.06048322809494,True,0,0.0
2025-09-28,True,none,1200.0,1200.0,1200.0,65662.45352,40692.47698492,2173.6088249333234,16,12361.732501730467,53054.20948665047,324.8901400000009,117.41355959472655,159.35222739272984,129.09688738836974,227.04045487131702,True,0,0.0
2025-09-29,True,none,1200.0,1253.2150618888893,1200.0,68188.87665,42136.930015841,655.8494481333302,10,3668.5491384217135,45805.47915426271,1832.617065596708,118.70230718315972,152.60786951013125,110.76540429378353,220.63537104772186,True,0,0.0
2025-09-30,True,none,1253.2150618888893,1200.0,1200.0,61193.008499999996,37397.656736792,7989.2931641333325,27,49492.672831160446,86890.32956795245,292.60872000000063,286.40829686414935,339.4544908175306,122.70601800969573,230.9218601279474,True,0,0.0
2025-10-01,True,none,1200.0,2983.7315945925943,1200.0,67387.96599,41611.112402187006,0.0,0,0.0,41611.112402187006,12268.78745382717,184.22780122884114,236.99543578990117,514.6653787684546,886.5423976045206,True,0,0.0
2025-10-02,True,none,2983.7315945925943,1603.8342184814874,1200.0,54609.990805,33906.2716555495,1125.0272489333252,7,5965.704612490089,39871.97626803959,1504.6481268765474,113.14100757921005,140.9134629980206,200.53110869177715,376.95233387125785,True,0,0.0
2025-10-03,True,none,1603.8342184814874,3622.7937560740775,1200.0,31848.643587,17342.302955728104,0.0,0,0.0,17342.302955728104,19201.720273748975,206.16133403049048,264.8732090133819,110.92636224015688,210.6914253288628,True,0,0.0
2025-10-04,True,none,3622.7937560740775,2540.770971333333,1200.0,28734.5313802,15554.523297428621,307.22571706665997,3,1153.7499989777068,16708.27329640633,14373.798553909462,153.45536270616319,189.57679206224657,209.8580055639234,367.365589936248,True,0,0.0
2025-10-05,True,none,2540.770971333333,1210.799151666667,1200.0,58232.425669000004,35471.0382158712,1601.1801152666612,20,8405.561057960236,43876.59927383144,2587.3662399012333,143.32856841362843,177.1889720045144,134.87019400182828,240.30805095591242,True,0,0.0
2025-10-06,True,none,1210.799151666667,1200.0,1200.0,56716.987789,34442.6144301606,4616.547947033328,21,29519.83033473323,63962.44476489382,91.31475000000069,106.15965116102431,136.5739628813879,231.5316317872153,390.96292459052387,True,0,0.0
2025-10-07,True,none,1200.0,1200.0,1200.0,53575.29348,31915.150507636303,7692.804017043334,34,46728.01658414029,78643.16709177659,0.0,276.7847362630208,311.9878540141863,96.44875648681854,190.39778986105102,True,0,0.0
2025-10-08,True,none,1200.0,1224.892775703704,1200.0,56533.885551,33986.5963440194,3889.68495825666,23,23837.486088726324,57824.08243274572,151.63563333333434,165.25173557400169,202.16902485899553,120.9689691139857,230.02341371205404,True,0,0.0
2025-10-09,True,none,1224.892775703704,1235.853118592593,1200.0,59685.956986000005,36281.7968568964,1164.8742227999962,9,7197.906270174171,43479.70312707057,984.3742066666646,91.927942445204,114.56820232488617,124.06926911384,234.2454065312321,True,0,0.0
2025-10-10,True,none,1235.853118592593,1433.1826613333365,1200.0,30757.123010000003,16024.549840653002,145.76392339999748,2,537.0939181931237,16561.643758846127,18358.880766666665,110.02001545681424,137.10517838054233,142.0545487381915,315.24630010020405,True,0,0.0
2025-10-11,True,none,1433.1826613333365,1426.7504177777787,1200.0,31011.006968,15927.2120001402,197.67691106666445,3,1165.9732402430195,17093.18524038322,14051.328188765434,112.15465744900173,141.3731103037191,185.15256284869247,353.32317757598895,True,0,0.0
2025-10-12,True,none,1426.7504177777787,1200.0,1200.0,58458.258687,35303.890665700805,3708.197699363325,28,21517.87976454116,56821.770430241966,111.06233333333432,156.864623055013,215.8404172526202,123.42142880378303,251.0814579784954,True,0,0.0
2025-10-13,True,none,1200.0,1260.5445165925928,1200.0,63135.8632,38590.857620947194,206.75720780000017,5,1139.4891947382368,39730.34681568543,2140.5555850164656,88.05904764811199,107.864566313618,111.22257460157671,257.04342131450176,True,0,0.0
2025-10-14,True,none,1260.5445165925928,1200.0,1200.0,56201.942817,34062.4493567734,7984.067104733325,35,47687.024843402585,81749.47420017599,35.74361333333354,265.8743266682943,297.14384185331045,108.92613561866285,191.17912601416083,True,0,0.0
2025-10-15,True,none,1200.0,1262.5869172222226,1200.0,61785.01194518,37842.41192637836,3772.0246009866623,16,24730.876072983094,62573.28799936145,80.73046666666744,117.14563231065534,151.4779255280573,137.12808331533537,276.3050204141273,True,0,0.0
2025-10-16,True,none,1262.5869172222226,1294.1782047407407,1200.0,64901.738129,39704.9303920529,2392.903799499989,13,15136.200166672952,54841.130558725854,212.6817999999993,79.09290502387154,107.05543450722496,134.68941300119013,259.4830347201893,True,0,0.0
2025-10-17,True,none,1294.1782047407407,1518.8099277407425,1200.0,32422.996084,17177.4883581764,0.0,0,0.0,17177.4883581764,13186.346413094652,119.42106341959635,151.60735140400195,104.97252868262267,200.7368569468336,True,0,0.0
2025-10-18,True,none,1518.8099277407425,1383.2804735925954,1200.0,31353.994164,16333.424911502,0.0,0,0.0,16333.424911502,12380.031603004118,102.83536913248696,125.79497478860948,81.2210123949157,158.9490355847886,True,0,0.0
2025-10-19,True,none,1383.2804735925954,1365.5383728148156,1200.0,65374.65840000001,39782.894479926,3225.3802596666537,17,20004.215268441923,59787.10974836792,684.5239133333342,105.58302719726561,129.02112206806856,135.5631925358388,246.8277310715629,True,0,0.0
2025-10-20,True,none,1365.5383728148156,1200.0,1200.0,67616.32685,41707.385104351,1185.986877266666,16,5428.980864314263,47136.36596866526,375.7535190946511,84.63558972439239,108.75499334163219,136.26652414821984,269.8451764169173,True,0,0.0
2025-10-21,True,none,1200.0,1200.0,1200.0,63060.50184,38172.58626828,6846.775773299992,35,41263.76418163364,79436.35044991365,11.893100000000004,244.33012060004341,293.5416219869347,123.51972869980834,238.4118541228068,True,0,0.0
2025-10-22,True,none,1200.0,1206.8385216666668,1200.0,68129.476515,41490.197759819006,2493.5299509333277,19,13482.867252584334,54973.06501240334,929.5070469135826,130.057465242513,154.6313936591958,126.00739657211304,248.31857288461885,True,0,0.0
2025-10-23,True,none,1206.8385216666668,1232.5727935555558,1200.0,69328.299783,42831.0095872053,60.563770666664446,5,129.57951614944517,42960.589103354745,1737.0298827160573,99.20663507215711,130.8183231403156,109.5544075133443,258.5700069169086,True,0,0.0
2025-10-24,True,none,1232.5727935555558,1410.4400109259298,1200.0,32798.245443,17305.6308512421,82.0335266000005,2,477.1651741061029,17782.7960253482,11055.501416666666,108.12086677246094,131.00013794687342,80.30354088232318,153.75808623976118,True,0,0.0
2025-10-25,True,none,1410.4400109259298,1232.591003111111,1200.0,32433.724925000002,17017.8997071701,199.78215786666397,8,876.0199512562175,17893.91965842632,10319.710931049382,105.67791481933595,130.784699828003,90.74958911833166,185.26270691520958,True,0,0.0
2025-10-26,True,none,1232.591003111111,1365.3150813703733,1200.0,69561.767731,42933.7364610701,0.0,0,0.0,42933.7364610701,755.470121358028,96.01356195746527,122.27799872961384,78.19506401654348,163.14919391710413,True,0,0.0
2025-10-27,True,none,1365.3150813703733,1212.1792462222224,1200.0,69920.50064799999,43062.9880215688,974.9009055333285,7,6516.1255527774365,49579.11357434624,3413.4778158024774,84.46365049641925,107.49785899397588,192.2928992922796,380.75452718626883,True,0,0.0
2025-10-28,True,none,1212.1792462222224,1200.0,1200.0,64155.022079999995,39266.499071065,5450.958722466659,25,33210.97331026249,72477.47238132749,51.33128333333366,175.19454591471353,207.3310009273398,111.43861535307036,248.7692688778763,True,0,0.0
2025-10-29,True,none,1200.0,1228.3361758518524,1200.0,66230.587202,40606.713894981396,6691.969738399996,27,41309.19342718766,81915.90732216905,112.7707333333343,193.61402350260417,244.79323377716256,154.4430851830042,330.1044110821021,True,0,0.0
2025-10-30,True,none,1228.3361758518524,1224.187041,1200.0,71918.73608999999,44398.873929018,268.37514953333044,11,1296.402145807499,45695.2760748255,3184.849923415642,107.14606263020835,132.1062934692381,115.02380863176784,238.72098791859975,True,0,0.0
2025-10-31,True,none,1224.187041,1866.3670495925949,1200.0,34038.545509,18228.2795289522,0.0,0,0.0,18228.2795289522,6237.000571316876,114.15633896755645,146.75630154991737,172.35555140251319,333.3458640071174,True,0,0.0
2025-11-01,True,none,1866.3670495925949,1413.5921545185242,1200.0,32535.155124,17204.2342632558,0.0,0,0.0,17204.2342632558,7248.849408024696,101.33168350423178,127.39746332267528,75.36993484125138,150.02113694889348,True,0,0.0
2025-11-02,True,none,1413.5921545185242,1278.8240248148154,1200.0,72453.30428,44560.846514663994,1264.0982984333243,13,6737.656733837139,51298.50324850113,685.03526308642,98.66539965820316,126.17389103030372,75.40085935835144,150.1749419815285,True,0,0.0
2025-11-03,True,none,1278.8240248148154,1200.0,1200.0,73403.68231899999,45484.4818115058,459.59498883332617,3,3030.741751410006,48515.22356291581,185.0683333333343,86.15565480957031,111.42341779276305,150.68385225857628,287.56955381793074,True,0,0.0
2025-11-04,True,none,1200.0,1200.0,1200.0,72103.65295,44027.780215599996,2012.262491866659,29,11159.436805243344,55187.21702084334,2284.760801316874,137.42541806640625,171.97212278446125,120.78265391849942,292.7300927287569,True,0,0.0
2025-11-05,True,none,1200.0,1274.8124910000004,1200.0,69095.10239,42426.836326033,4567.8883405999895,23,27313.41204164747,69740.24836768047,22.647200000000225,210.07291892632378,268.6690213751929,68.10210454220243,133.0795039895301,True,0,0.0
2025-11-06,True,none,1274.8124910000004,1278.735333,1200.0,72995.978752,45117.437340836,2726.6125386666654,22,14343.020098733663,59460.45743956966,126.28608333333375,106.35158987087674,130.576499974703,156.50797793987059,278.65060833723504,True,0,0.0
2025-11-07,True,none,1278.735333,1855.957557592594,1200.0,34966.265697,18829.7750103796,336.3359547999985,4,1893.514718330791,20723.28972871039,8024.604475641976,143.73500442979602,183.62382951055739,160.6500102500015,312.5701171897476,True,0,0.0
2025-11-08,True,none,1855.957557592594,1277.8478567777822,1200.0,33304.247927000004,17529.6568005712,0.0,0,0.0,17529.6568005712,6852.71273897531,94.28251039767797,119.30996596724316,84.56940243357091,163.3812415913714,True,0,0.0
2025-11-09,True,none,1277.8478567777822,1291.8622552592592,1200.0,73725.57588300001,45538.481206913304,2290.310896333325,14,14543.706623211527,60082.18783012483,387.37085666666746,100.44995430501305,128.58285780679182,107.12582833811706,228.45084719472584,True,0,0.0
2025-11-10,True,none,1291.8622552592592,1294.167209666667,1200.0,74867.72505400001,46420.6537447014,3174.69433223334,17,19631.547674675712,66052.20141937712,58.71491666666725,99.72906597764758,120.9925329314066,122.32311205781298,227.38341379855487,True,0,0.0
2025-11-11,True,none,1294.167209666667,1200.0,1200.0,73255.35067,45046.318231130004,2938.2454595999993,25,16127.984746282667,61174.30297741267,402.30055333333485,189.25842513020837,221.40227373679565,84.24819445238991,158.35115532891618,True,0,0.0
2025-11-12,True,none,1200.0,1259.0171671111113,1200.0,73085.30301,44879.185218475,2819.034936466665,17,17174.301394114394,62053.4866125894,560.4652566666679,181.53242030707466,230.93172002908986,89.88490074469513,183.43469931145853,True,0,0.0
2025-11-13,True,none,1259.0171671111113,1324.06221,1200.0,75964.90472199999,47433.9820326826,885.5546501999945,5,6040.667112937899,53474.6491456205,131.31921333333366,95.51142715115016,120.69894375808389,134.11576284974151,275.52968497723214,True,0,0.0
2025-11-14,True,none,1324.06221,1788.5667681111158,1200.0,35568.787186,19213.917349438198,0.0,0,0.0,19213.917349438198,4134.07863756379,159.60069754503036,198.97667630230478,78.1494435681237,161.0628860447352,True,0,0.0
2025-11-15,True,none,1788.5667681111158,1293.0524670000004,1200.0,33957.5664111,18090.47062916877,415.7775853666614,7,2305.891238662136,20396.361867830907,3306.8336402769573,92.46325888671875,117.51518075959942,60.17486285554302,115.69710536385725,True,0,0.0
2025-11-16,True,none,1293.0524670000004,1200.0,1200.0,78101.50541405001,48815.90178333612,1336.2592018561675,15,7740.0236449757795,56555.9254283119,693.1765800000005,113.49357524956599,139.6499702416977,88.52264529590474,191.09125066024473,True,0,0.0
2025-11-17,True,none,1200.0,1334.429182703704,1200.0,79625.9662806,49760.21882449748,67.73529926666383,6,280.71107405856435,50040.929898556045,2520.772813521814,102.7779372612847,126.4695441083378,86.72902052281964,183.85797211998727,True,0,0.0
2025-11-18,True,none,1334.429182703704,1201.532985,1200.0,73900.57562,45572.078365191,4946.341850433323,29,30269.853398203988,75841.931763395,70.62741666666716,202.66616226399742,243.4372347347681,117.37359849702582,230.74363318718986,True,0,0.0
2025-11-19,True,none,1201.532985,1200.0,1200.0,75709.1914153,46545.1500808938,4475.720872199996,30,24941.81932994828,71486.96941084208,465.00983333333363,196.3782063639323,238.35263172573687,87.02996204508412,189.78176318152495,True,0,0.0
2025-11-20,True,none,1200.0,1230.388194,1200.0,79931.483573,50109.2329385894,623.4296069333378,7,4070.866840993083,54180.09977958248,1384.2522944691345,87.5253520263672,110.59526450222296,94.7507704317265,183.43549176506951,True,0,0.0
2025-11-21,True,none,1230.388194,2136.224071629631,1200.0,36972.1156346,20168.211246788138,0.0,0,0.0,20168.211246788138,3741.1302182008244,194.07811147460936,235.18039184231142,55.96130999813147,117.60180943118509,True,0,0.0
2025-11-22,True,none,2136.224071629631,1203.0201379259258,1200.0,34029.210537,18068.2620864222,769.3804175333305,13,3902.6154088984676,21970.877495320667,2110.5052670000005,105.15324692111545,128.05341537980505,73.46784630775187,158.53976190313662,True,0,0.0
2025-11-23,True,none,1203.0201379259258,1234.3731462962965,1200.0,80205.608819,50215.3964839626,855.372312333331,11,4248.070376456117,54463.46686041872,1294.2599895802496,88.80411710069444,113.57314075683036,133.7026559355206,245.3171358059895,True,0,0.0
2025-11-24,True,none,1234.3731462962965,1200.0,1200.0,79757.06586450001,49937.34689930055,797.4794488000003,11,4639.570404389239,54576.91730368979,2188.0245317201616,93.31833822157118,113.908269847545,121.76800321626797,243.49267432400532,True,0,0.0
2025-11-25,True,none,1200.0,1200.0,1200.0,76175.279533,46922.295355237904,4390.290725833326,27,25511.015342715342,72433.31069795325,150.49216666666769,162.80571282009547,203.1333428974633,91.39871134343048,179.74968429753025,True,0,0.0
2025-11-26,True,none,1200.0,1212.7596035925935,1200.0,76758.75684700001,47534.76362773961,4439.564306933331,16,27839.033226628737,75373.79685436835,233.574001358033,208.69184012315534,266.46293909125035,76.82400952106714,149.37405309659533,True,0,0.0
2025-11-27,True,none,1212.7596035925935,1283.2622549999999,1200.0,81241.998289,51019.474091513,644.6066712999964,4,4393.78413288351,55413.258224396515,1666.8581481358074,87.97000620659725,115.0175687429756,82.23620069183839,155.2955663010741,True,0,0.0
2025-11-28,True,none,1283.2622549999999,1662.2914265555605,1200.0,37443.830376,20167.277879445202,0.0,0,0.0,20167.277879445202,2549.995604032917,154.49469348958334,187.8294558308905,60.64175344755118,119.30288964880305,True,0,0.0
2025-11-29,True,none,1662.2914265555605,1200.0,1200.0,35559.2874819,18937.1207775673,2176.2923836666596,15,13536.080808538976,32473.201586106275,118.09888333333413,105.07320206705731,129.69451574602647,154.8700628744374,347.62193540707574,True,0,0.0
2025-11-30,True,none,1200.0,1200.0,1200.0,84671.028765,53208.183341681,597.6434866333248,12,3741.561653196265,56949.74499487726,287.7525833744895,93.93511287706164,121.1964838346465,46.60063131012653,91.80327141161365,True,0,0.0
2025-12-01,True,none,1200.0,1200.0,1200.0,84121.577479,52848.403856241595,7053.586338833329,28,37290.977044702406,90139.380900944,377.43795666666756,343.739369382053,422.12434164565667,96.85719878384076,226.21879542588323,True,0,0.0
2025-12-02,True,none,1200.0,1243.1253269629635,1200.0,86903.797074,54134.4790713132,6345.6940597666635,27,35993.66765679642,90128.14672810963,59.775390000000584,264.92246468370223,330.4754986777376,55.838883301823664,127.71379586823922,True,0,0.0
2025-12-03,True,none,1243.1253269629635,1200.0,1200.0,89842.526434,56750.813454186704,2073.5680577666576,18,13297.485042869972,70048.29849705668,243.31096000000036,168.136004047309,217.35252956791302,78.22610292157067,184.22373293060573,True,0,0.0
2025-12-04,True,none,1200.0,1241.650089,1200.0,92593.47061300001,58884.3375702651,1207.723857033322,10,6605.417363981524,65489.75493424663,2228.5435018518547,116.15424235839843,146.89128623755036,86.10260672334715,181.71603413186938,True,0,0.0
2025-12-05,True,none,1241.650089,1610.9209195555586,1200.0,46814.657640000005,25086.709190234003,697.4738067666616,6,3568.7175322138064,28655.42672244781,1806.6116102057638,211.36278715006512,257.695966925275,69.10338055775894,151.49916711932312,True,0,0.0
2025-12-06,True,none,1610.9209195555586,1227.2746072592593,1200.0,44295.30006,23211.335346115,2642.1429688333246,15,16046.192288619779,39257.52763473478,58.61004000000014,157.63065767686632,187.1287760423557,82.4899784680605,176.20370127185657,True,0,0.0
2025-12-07,True,none,1227.2746072592593,1322.1976624444449,1200.0,92152.370177,58327.369416137706,1123.5986025666625,8,6320.04946718561,64647.41888332332,684.1295333333355,162.08325265299482,229.9469839307888,85.18252297216259,168.23576725393414,True,0,0.0
2025-12-08,True,none,1322.1976624444449,1513.7731814074075,1200.0,94378.993774,59880.544620149594,404.55201096666326,7,2653.6400081960933,62534.18462834569,1994.1655376954786,148.63959048665367,190.7339419702186,74.11240722483794,150.71500753766423,True,0,0.0
2025-12-09,True,none,1513.7731814074075,1370.3576858888896,1200.0,88275.3404345,55385.32649216995,4081.3834172666548,17,24241.550509362445,79626.8770015324,415.2039133333343,250.75076144476998,313.95907192721376,101.55863147788048,207.63864428501986,True,0,0.0
2025-12-10,True,none,1370.3576858888896,1200.0,1200.0,90227.47234869999,57113.28865729361,2686.6215888333227,23,16396.643603225737,73509.93226051934,128.01168666666808,136.7562968858507,168.57392015840728,92.62934639740853,185.60890941382127,True,0,0.0
2025-12-11,True,none,1200.0,1343.982052,1200.0,92963.626262,59248.1223036232,97.10775929999795,7,336.61792659227206,59584.740230215466,2200.2724076954783,111.69988517795137,137.65796755187446,94.15428082375261,194.1013289971562,True,0,0.0
2025-12-12,True,none,1343.982052,1738.949191296299,1200.0,51875.219608,27481.346052624198,0.0,0,0.0,27481.346052624198,4042.859279687247,283.77999303656685,356.0148278888728,89.14919852882225,204.20058971184207,True,0,0.0
2025-12-13,True,none,1738.949191296299,1819.11253755556,1200.0,49204.398906,25745.2148516074,0.0,0,0.0,25745.2148516074,1327.5008751851897,135.0819487765842,165.49575277396974,79.29357583796975,162.5675701029671,True,0,0.0
2025-12-14,True,none,1819.11253755556,1200.0,1200.0,93541.612321,59683.119791982004,609.463237633331,18,3347.794839289704,63030.914631271706,1235.1397212757236,113.05591599392363,146.028731237978,79.36801114267774,155.8527410526485,True,0,0.0
2025-12-15,True,none,1200.0,1203.3553860000002,1200.0,93536.42490600001,59502.7252691182,1061.561198633335,11,5619.7131078914645,65122.43837700966,347.7430521810725,105.76818866102433,135.42683454289661,60.2734308139483,131.93115877176862,True,0,0.0
2025-12-16,True,none,1203.3553860000002,1200.0,1200.0,89196.58648299999,56206.4978864826,4809.94212989999,27,26391.921044938324,82598.41893142092,96.01665000000094,236.25536536187064,303.91886465872216,55.06365467640029,110.79620927347577,True,0,0.0
2025-12-17,True,none,1200.0,1220.413026,1200.0,91748.11666500001,57880.3666994769,1607.7583773999925,17,9125.625591448907,67005.9922909258,433.48656333333463,142.79668157823352,184.26366638981966,77.67350462321704,170.60229907724872,True,0,0.0
2025-12-18,True,none,1220.413026,1281.44781,1200.0,92929.38885300001,59087.3763326809,1081.61313383333,16,5242.667884303178,64330.044216984075,1778.485409711935,102.75370510796441,133.2396692005228,107.16274938457939,246.46092837824742,True,0,0.0
2025-12-19,True,none,1281.44781,1450.9628855185204,1200.0,50403.46279,26605.168559371,0.0,0,0.0,26605.168559371,3478.2324292181065,199.0571020914714,264.1434485674054,76.01615502443312,160.14854549359592,True,0,0.0
2025-12-20,True,none,1450.9628855185204,1406.852998999999,1200.0,47989.23863,25107.559519488997,37.235531433333335,1,175.41658858243335,25282.97610807143,1129.3174218518511,106.91273719889323,141.2692347945207,58.36268528763453,117.67416193631458,True,0,0.0
2025-12-21,True,none,1406.852998999999,1286.977611555556,1200.0,93628.515471,59851.1467911262,445.50397039999314,3,2763.7376817410573,62614.884472867256,354.29912000000127,120.83850591634116,150.76116594384433,88.94648424137434,190.52641035573126,True,0,0.0
2025-12-22,True,none,1286.977611555556,1288.071902444445,1200.0,92881.28989300001,58850.5102345209,1516.7867635333298,14,8936.866989583397,67787.3772241043,645.1713994650264,135.40076309136285,166.07584549962453,44.45337127916548,91.05570585997576,True,0,0.0
2025-12-23,True,none,1288.071902444445,1200.0,1200.0,89329.546515,56077.350668574196,2910.334638266656,16,17641.275461612968,73718.62613018716,366.88619000000074,213.09671763780378,264.2522332093421,59.337293066321486,121.02885740635114,True,0,0.0
2025-12-24,True,none,1200.0,1215.0145765925931,1200.0,89860.525792,56489.447254476,3282.744334299995,18,19348.52858783039,75837.97584230639,538.3180400000008,151.07232313910592,186.96564464719674,83.95785542429817,174.72383129203743,True,0,0.0
2025-12-25,True,none,1215.0145765925931,1301.459900703704,1200.0,92183.982376,58722.724375467806,675.4925551666605,8,4582.870238760125,63305.59461422793,193.25872666666805,122.02060184461806,152.92861975154597,77.63617297377056,168.24722913026002,True,0,0.0
2025-12-26,True,none,1301.459900703704,1597.9182518148182,1200.0,48840.187605,25585.689042113,0.0,0,0.0,25585.689042113,1472.608372674901,141.9147925292969,178.32477140475638,86.49716260350549,173.20102210636716,True,0,0.0
2025-12-27,True,none,1597.9182518148182,1369.7821058518523,1200.0,47950.169538999995,24977.8502137971,18.252297233332797,1,111.57629298736337,25089.426506784464,831.2317700823107,127.2679726453993,152.90177193228706,55.40311450061666,113.52280044888296,True,0,0.0
2025-12-28,True,none,1369.7821058518523,1298.4516840740748,1200.0,94635.25663809999,60551.29273487918,151.14577533333278,6,860.5268531617792,61411.819588040955,3460.558616049393,128.30867730305988,153.0798763383157,99.7018236190266,200.32023034248678,True,0,0.0
2025-12-29,True,none,1298.4516840740748,1200.0,1200.0,90954.495015,57414.317833015295,1481.211670599989,16,8990.137973972394,66404.4558069877,266.7270166666681,147.67457511664497,180.29861355886803,80.18094222937955,155.717108424553,True,0,0.0
2025-12-30,True,none,1200.0,1270.666134740741,1200.0,87804.682867,55025.7774287078,3408.389127833327,21,18912.160524144118,73937.93795285192,294.2332800000006,199.45944740125867,247.3507164315318,98.27471409473418,204.69366693017176,True,0,0.0
2025-12-31,True,none,1270.666134740741,1200.0,1200.0,88981.50416800001,56003.163045869995,4302.842938933319,22,24663.751529612175,80666.91457548217,141.9921500000006,151.04369238552513,189.9000271455332,87.81473847727246,193.90638925513937,True,0,0.0
