date,total_cost,plan_cost,emergency_cost,emergency_kwh
2025-02-01,17336.86576230445,17988.1619520854,0.0,0.0
2025-02-02,61515.50554947702,59893.4371590499,2325.7324244049923,367.3076824999988
2025-02-03,66974.31590671213,59775.222394075194,6356.552394529839,1069.3270141999953
2025-02-04,64290.8295181891,61578.899470238,0.0,0.0
2025-02-05,65884.30118019467,56372.0886219511,2087.2144837334195,333.8533703333336
2025-02-06,63479.75548821162,64502.49058373405,558.336787887802,88.06626930000027
2025-02-07,18009.409048053683,18573.697546773,372.64837755833145,93.13913333333284
2025-02-08,16756.43523943591,14346.349263753998,687.9803460636599,141.6862235666653
2025-02-09,63022.84888711109,59247.08215289371,908.6964726734475,177.8854477733295
2025-02-10,55593.69355976506,53528.87329416949,308.23033978366834,68.00300266666704
2025-02-11,60014.75973736006,52688.151532827396,3042.2595005012663,565.7664751999969
2025-02-12,61096.17821588951,54067.6875581114,5768.738966813856,1074.4110810666648
2025-02-13,53068.5996390572,51177.70269778045,398.89486207514545,79.40942989999658
2025-02-14,15653.063107357995,14680.14483763341,0.0,0.0
2025-02-15,16007.700104906804,15041.397940386003,417.277620448317,140.97286886666666
2025-02-16,57305.084629981626,56751.2168354333,697.6541096182893,133.77319446666348
2025-02-17,55329.32088315986,55367.4919159334,1541.7193677917114,261.72053753999
2025-02-18,55684.61215474697,45189.5500497366,231.89954906266854,46.26826766666704
2025-02-19,57853.572770307976,46807.310972962,4153.245818204727,801.7860676433138
2025-02-20,53247.66768834093,52420.93750385203,483.66444365641814,91.51284050333322
2025-02-21,14670.1279794203,14586.411926512299,0.0,0.0
2025-02-22,15354.272845824751,14447.5674601172,0.0,0.0
2025-02-23,53192.40919858163,50650.6903786083,514.0254508187825,114.01623239999961
2025-02-24,50012.55469697727,48218.97829001888,1038.6963963418864,210.53696029999776
2025-02-25,48911.67320467177,46516.49923368226,1057.073066276841,223.1744571000011
2025-02-26,53450.208169321166,43480.334428905466,2158.472685374738,410.9568478333311
2025-02-27,48589.32278891919,44818.2254383346,1619.2437663450805,298.23232296666606
2025-02-28,13960.46115835936,13813.92683406436,0.0,0.0
2025-03-01,16688.499010093918,14531.6900494211,2706.423385594369,578.5717784666671
2025-03-02,58588.37543515807,51721.050026337296,5582.001638081465,1015.7392312999966
2025-03-03,54987.370243080906,51934.856773783,2417.308977637503,498.7953947333308
2025-03-04,51230.82755425155,43250.5117579542,3.1064865000005213,0.6247333333334382
2025-03-05,48180.529658131985,45569.7762425946,1602.463386808184,297.36321526666876
2025-03-06,46449.5949481884,43849.7117052246,603.4215561711985,195.5923986666661
2025-03-07,14956.966886456385,13964.4191289715,1577.7208220533344,408.4261932666668
2025-03-08,14338.217211129859,12278.65004991717,363.97183198869425,105.93121219999799
2025-03-09,45229.943008942595,44792.110728549495,0.0,0.0
2025-03-10,50999.70676780088,44269.567994204,1501.3715388346845,282.4500706999974
2025-03-11,49804.48898781844,35452.60499215,1094.192375422432,202.83319889999675
2025-03-12,45801.82638046231,42528.5004199782,2068.386810891915,388.3459413666547
2025-03-13,49019.879779399846,45688.023200882795,1153.1985424044756,184.41720116666284
2025-03-14,12427.6670777787,12356.5768226662,0.0,0.0
2025-03-15,14266.856235302817,12060.40816904878,1673.818140621308,452.75139456666466
2025-03-16,45010.22110056025,42664.5637802,8.081100000000493,1.6400000000001
2025-03-17,41681.082300590126,38199.750014341604,834.479034945421,164.18820283332514
2025-03-18,43054.69289162743,42316.979479453,24.28662272842831,11.841356766664216
2025-03-19,42703.059812482614,35884.86613481074,0.0,0.0
2025-03-20,45126.79630308265,42078.297480371,2012.1638762231485,353.16998989999047
2025-03-21,13026.362595379487,11556.40110675645,1239.5564705973143,361.0995332333325
2025-03-22,11940.6807939822,12086.9880560509,0.0,0.0
2025-03-23,43328.17478617593,41842.202969538004,2251.7341332484307,405.20749326666646
2025-03-24,41132.320564071546,39418.690363622794,863.3761523126495,222.22192859999495
2025-03-25,42923.490524356646,41179.0043274067,0.0,0.0
2025-03-26,40124.168843020714,37657.6906513438,1961.694494282411,321.1962916333324
2025-03-27,39812.879705123494,40059.182420228,138.67226490199133,46.311329599997656
2025-03-28,12783.366358828987,11748.5275477184,1203.6877210825853,287.7914455666671
2025-03-29,12243.752958895622,11057.65871069866,799.8364084103524,196.09938126666293
2025-03-30,37414.5106407282,38203.0804483435,0.0,0.0
2025-03-31,39076.45293072218,34449.712624244,330.7696363466834,69.35337023333064
2025-04-01,44047.65170149587,39438.144892253804,223.59028849877026,34.39447796666468
2025-04-02,43588.20826837056,38790.4218759646,2110.617883608455,317.00478876666494
2025-04-03,40725.51634675988,41158.568667353116,1257.8004700372744,220.00330046666255
2025-04-04,11246.16637723633,10961.993211518002,407.56384724442745,98.36221726666525
2025-04-05,12167.195171521256,10564.0571117531,856.7455136788565,269.11119533333067
2025-04-06,40320.75707201616,37696.1697797675,2244.7637591924617,371.6699370999992
2025-04-07,37399.947062711406,32776.9249225574,1458.932605023103,293.12816973333094
2025-04-08,38103.60361279099,35268.04014904999,610.4295206672954,151.96434906666624
2025-04-09,42431.79486915672,36656.762933023994,3213.5200316637306,541.5884196333303
2025-04-10,39226.548489792614,37053.68126892339,1497.130407278521,260.581989099998
2025-04-11,11314.497176239212,9998.358387730499,328.3047227514987,140.7075769999995
2025-04-12,10542.636763809463,10382.0705691734,277.4647453443146,76.86500326666601
2025-04-13,37151.43181252181,34753.1912335181,918.0660529547201,163.67329123333093
2025-04-14,36893.12784226004,36588.916222975,1605.9043585416382,246.77746577666358
2025-04-15,35351.307563904855,29694.416060005602,176.7260034057006,32.26563273332833
2025-04-16,39910.812803971225,34099.680684755804,2032.6182002855294,348.94800673332986
2025-04-17,37864.754123871,32531.1214684048,1553.2113836843967,237.71217993333283
2025-04-18,10707.409099860799,10203.1982390944,0.0,0.0
2025-04-19,10559.190938323,9573.1521480702,0.0,0.0
2025-04-20,35398.96020547055,32375.209585576198,0.0,0.0
2025-04-21,34896.45153128023,33681.4067234306,1808.94947941693,361.78364789999944
2025-04-22,36334.215037108195,29768.706831933,0.0,0.0
2025-04-23,36894.21186322396,29669.057657915,1066.038217314591,170.03164859999856
2025-04-24,35282.88903824972,31104.4996324109,2517.615011546369,388.9328035333335
2025-04-25,10194.83996596223,9456.37503699572,766.7567965749614,234.28617179999853
2025-04-26,10826.11004942279,9332.615285909,866.3916099970401,255.64128356666401
2025-04-27,35217.74622085692,30082.572373083698,1648.452428295919,283.47314393333085
2025-04-28,40126.89430972278,36190.600519314,799.3660416971811,163.89368776666612
2025-04-29,34338.51034335392,28651.6805584057,670.9109289049752,101.37668916666291
2025-04-30,33901.23991786164,28150.841704679,2693.2407995609365,468.8939094666613
2025-05-01,49901.54885917911,31635.738275612,13810.422634173308,2713.646789999996
2025-05-02,15351.08333602317,11710.064677860699,3235.083250269023,775.3807960333312
2025-05-03,16234.540242313873,10586.4211060126,5109.9705184377635,1125.2286067333325
2025-05-04,42442.3208690645,33943.760805596794,7687.796178696448,1470.8931382333349
2025-05-05,39729.65105989639,37058.686710265305,2727.579033593579,425.6100190333301
2025-05-06,39687.706512475685,31857.4523445597,204.71518179153608,88.20385103333453
2025-05-07,41454.789201628875,34412.827279464,1993.4653418463813,317.83674239999965
2025-05-08,38892.8280299218,37719.0285174706,475.54781521865766,72.6692871666653
2025-05-09,12989.81325593954,12711.3953721992,0.0,0.0
2025-05-10,11755.234130696554,11431.845893518697,138.43553396273026,74.26811559999825
2025-05-11,41861.29473211931,35510.13018793,3310.5910441583083,485.149186666663
2025-05-12,38417.653941136254,31938.6072202644,222.41014614095417,46.02188103333076
2025-05-13,39624.78228463056,33700.871549179996,3144.866334645907,497.8699242999985
2025-05-14,37278.21388850639,33971.87394596399,762.4871237396148,219.2537452333329
2025-05-15,37793.6439261,35607.080794559995,61.84753150000003,28.435646666666685
2025-05-16,12089.577115328308,11122.3220517091,757.118681574307,335.67985953333476
2025-05-17,13021.2686822045,10975.5110784647,1092.413657329299,215.82643366666093
2025-05-18,37647.51943677284,37092.174202248796,34.42846500000008,5.236666666666679
2025-05-19,37179.621638033175,32540.312273341002,3595.831711617922,554.5472122666649
2025-05-20,40146.42889693672,31616.474062211906,2707.0920696286616,467.6430261666624
2025-05-21,38758.82000223587,31082.628882358098,1707.803868212796,385.52352789999895
2025-05-22,36017.85116945856,33223.79644509605,1261.2973743521893,207.2474509000009
2025-05-23,12332.554193273514,10619.230513127699,570.7713016413168,133.7073539999954
2025-05-24,11697.429887071718,11112.0800575986,334.66366470166815,77.92954000000036
2025-05-25,36292.425117921244,33180.532905704604,1606.2480496795401,268.9452835333317
2025-05-26,40019.7669428072,32244.883495469,1497.7788026501958,261.2199947333301
2025-05-27,36224.66132223963,30074.1886572364,562.4619561212356,90.93156223333091
2025-05-28,36673.05686810932,33056.57714174301,389.7567373381584,64.58704256666508
2025-05-29,42483.46505332556,33776.9925880103,1617.6060724856147,242.95850409999963
2025-05-30,11742.057806018149,11263.6252920853,0.0,0.0
2025-05-31,11768.35176989901,11432.8694953694,727.4466828450104,140.08216500000202
2025-06-01,67793.52508812306,48032.678786600394,10903.775547834677,2258.4329255199946
2025-06-02,57478.30636583683,52158.98253594594,4896.6697766159405,1072.0617319999983
2025-06-03,61175.24799839834,45804.727924664,8708.413607120538,1431.4885023999977
2025-06-04,56631.18146297151,56122.93340951906,2031.238052808503,359.56284040000037
2025-06-05,56087.99838820875,49379.22463351012,1990.6426882145638,344.1471777999963
2025-06-06,27670.06113111801,15676.600576258199,8141.17216676936,2224.307280466665
2025-06-07,20926.120627502576,17794.668858130797,2784.7908978654323,451.8410877333324
2025-06-08,49677.397784463006,48053.4027676019,53.26724692500071,7.63549566666677
2025-06-09,55789.28724639971,54709.041008487606,1911.0701786936586,273.9724159999988
2025-06-10,57062.108058725,48976.05300818846,2553.559269889794,570.6019832666655
2025-06-11,59740.02413806533,52481.59551894468,218.16764333339984,80.3825395999996
2025-06-12,54528.06607120639,52730.300999172294,6.910471004999897,0.9846529999999802
2025-06-13,18456.708914441067,18765.48484345003,0.0,0.0
2025-06-14,18868.612396013363,17573.1310771077,1280.1002160602102,217.2338959666656
2025-06-15,54218.57097885445,48553.330924666596,321.901884275834,46.436249666666754
2025-06-16,56602.458763503426,50721.4061415028,841.5357391258316,128.773921333333
2025-06-17,60122.93015369238,50786.648177767696,2963.756970044231,605.5377488666659
2025-06-18,55369.29829087849,50909.8243012254,77.7728983648338,11.502314333333402
2025-06-19,54685.68525720742,47293.32112445087,1189.9528238151681,171.14545366666687
2025-06-20,16989.74721544691,16832.8275381958,296.4641145766111,132.86221656666507
2025-06-21,16875.265698678384,16320.338087895901,478.36300009693247,249.35774019999963
2025-06-22,51552.184847918405,46243.90917012349,323.28575480921813,47.47599670000022
2025-06-23,51237.898940321895,47126.87396256582,1655.561843880551,402.2249071666665
2025-06-24,59143.26823447869,55776.7437297773,669.8190959352354,110.38084586666692
2025-06-25,53969.52368266549,46893.4837267825,295.1655920263347,42.52193866666687
2025-06-26,51238.67088409172,45733.47582257391,1414.7009952812334,268.5482422666666
2025-06-27,18210.130108005207,16318.967746907601,2440.790582381405,459.44540406666476
2025-06-28,16708.279629245382,15579.8823921142,851.5757793609787,187.73071136666584
2025-06-29,54371.590869706335,45613.582245522004,931.558854621626,304.40948929999456
2025-06-30,51181.90359642385,49149.934567051896,936.9961415740006,133.1581510000001
2025-07-01,79237.0040111436,44876.5549514897,6913.351587342948,1909.2718501999946
2025-07-02,63497.8326770324,52477.3094516302,2933.949569829997,825.877609999999
2025-07-03,69251.79956359646,63314.380847930006,3369.885336734246,494.68607296666386
2025-07-04,32995.46992154715,19763.8972294174,8552.296376144002,3007.6272031666667
2025-07-05,27956.05933928353,21474.0053386913,3455.4321927327787,1038.456632699996
2025-07-06,72602.26495702715,56838.24021513359,2683.999464415162,852.4037175999977
2025-07-07,61387.63849014632,59970.8874320299,1705.9587753002188,356.38542703333354
2025-07-08,63847.69596463664,62465.606407930594,183.70795760134928,30.572438233332832
2025-07-09,61369.34318835732,60359.2483014162,1420.7585410461695,223.55117233333323
2025-07-10,60785.611065260426,56424.734787727,2220.9041638523236,420.62129796666466
2025-07-11,37162.60700218349,27286.528658054303,11559.605020118834,1816.0922695
2025-07-12,27022.911660477213,23377.421259207804,2584.0096047184074,474.68117983332917
2025-07-13,59355.76804139461,59572.0229429952,108.03654132500071,12.457370000000083
2025-07-14,59561.520695638486,55503.230974382,1835.5058215224728,217.8011909666653
2025-07-15,58879.7324648605,58364.36092626701,408.4535961139936,70.2158931666655
2025-07-16,58521.21573169677,56452.347135166,829.4097003477808,100.21951596666595
2025-07-17,63254.49578286635,54659.204826930996,3801.196140831846,757.8773566666653
2025-07-18,25402.990811277115,24078.377117000004,2053.7714983837614,462.7209835333317
2025-07-19,26785.959696104168,24039.796826079997,2955.458604513872,484.4482040333341
2025-07-20,58964.3187563908,57487.0696238456,125.40147259000133,14.737510000000157
2025-07-21,61066.69959847884,59770.80598248899,621.2293044983373,72.5323733333338
2025-07-22,63396.24647175045,54467.478505452564,2108.109205582276,390.79977076666376
2025-07-23,62847.1756878098,62434.32717749662,2186.3221360204893,288.5827540666652
2025-07-24,61682.93039633287,63425.006132389106,175.2328513616687,20.989863333333574
2025-07-25,26806.494786772015,21983.175765616677,4492.766271471675,759.2678400000013
2025-07-26,24445.504825681153,22207.34937749457,1552.1216076698604,252.53091939999553
2025-07-27,60442.35489267378,56161.9240698789,316.44738333723313,84.00357273333272
2025-07-28,63021.2864706609,58579.9956452452,272.02719088250467,55.02061230000131
2025-07-29,65727.32992801495,55618.507390406594,2822.9201944104543,350.0692821333317
2025-07-30,64470.50369899249,51585.35428731268,7.716455913333457,0.9206533333333482
2025-07-31,64073.76724136372,54001.39297588699,3490.71895196362,458.01292313333545
2025-08-01,24739.742849896153,22156.2520547006,2214.0729437725026,645.4452266666636
2025-08-02,24778.163872665882,22104.287067800396,3062.821433279988,486.26668999999816
2025-08-03,54965.44082044363,47425.8808538158,5525.741843328136,862.4395992333283
2025-08-04,53815.4846941937,51652.829073016,6.075957030000311,0.7530466666667053
2025-08-05,53171.42768494579,49113.2387035094,1192.6518818905915,201.05944453333228
2025-08-06,57236.75568269052,55017.748301603395,1508.5652126372238,294.62454840000044
2025-08-07,56279.057352519805,53102.192162570194,2350.392363710912,453.9400092666674
2025-08-08,24062.679066726727,21401.169808482002,2956.545182093824,556.5358099666654
2025-08-09,23267.525882938233,21193.364525459998,1915.0075962492856,458.443563099997
2025-08-10,53659.03165722767,52444.78633847062,947.884176156657,116.78076666666541
2025-08-11,56598.10462908463,48609.5323756542,3692.9379417872365,604.552564899997
2025-08-12,57455.654721633364,52404.41924792332,1565.9536458233065,209.16402666666232
2025-08-13,54484.41623100634,47643.47946376886,243.26500433666615,28.692206666666607
2025-08-14,58156.506814959066,50742.2880435453,4195.83040020447,540.1130979999964
2025-08-15,24367.678219158406,21765.5248759789,2306.755645565171,586.0907855999974
2025-08-16,26042.507812435528,22813.401151716338,3397.8345149920997,636.3109346666658
2025-08-17,54781.81925633636,51213.0183070941,3239.0230443031587,389.7619968333324
2025-08-18,54698.385678377075,51220.087652888804,1744.8446191216713,205.9533533333339
2025-08-19,54793.87653653131,49063.724479208286,2286.9122018354437,316.23848016666506
2025-08-20,60076.20294317895,53999.262370412005,2737.4945979969407,340.9425753266646
2025-08-21,56150.34823746949,51836.05926704699,3421.1904839224953,466.2064350999987
2025-08-22,26384.1473482232,21828.310322802397,3927.5560535404657,925.7882345233277
2025-08-23,23231.61210205296,20791.0853437718,1604.4868294706607,298.40633156666775
2025-08-24,54352.22584178939,50854.590694034,1089.691832996888,265.68518046666713
2025-08-25,60365.04693546989,64644.28920255101,484.99328674787466,62.44061373333616
2025-08-26,52638.0955266145,50693.5305564968,465.17829515916765,55.032105000000115
2025-08-27,57118.14397207311,49392.02343042434,1126.60061110902,162.5170765666651
2025-08-28,60443.5340961006,49288.9143343863,1528.9467304955963,274.7247745333324
2025-08-29,24348.126162855646,23114.26647902812,1745.461215149985,276.29519999999764
2025-08-30,25400.922769362787,22119.7293727126,3249.2278736011876,783.5381788666634
2025-08-31,54940.38151644837,50364.0985822954,2237.1492344016565,270.4741809999988
2025-09-01,45467.25773425613,49304.83248329745,0.0,0.0
2025-09-02,38062.62598734512,34890.2546299498,559.0354681035209,84.07728576666477
2025-09-03,40739.20184129176,38801.844628315,288.30530359125663,95.64347156666136
2025-09-04,40151.96184677957,37913.822864239,751.3801198436147,110.63649109999972
2025-09-05,16724.501633214153,18180.456269558803,0.0,0.0
2025-09-06,14434.70661688295,14779.9231054413,0.0,0.0
2025-09-07,42984.95366524419,35450.1341518713,136.11534250000022,20.1876666666667
2025-09-08,47655.36173597842,37713.420958667004,3195.6987781051166,794.6503021333331
2025-09-09,42537.23993829301,35107.846212772,1602.949845504512,240.7747786666683
2025-09-10,47306.21393067231,39385.7768934087,2121.805278749158,399.35970680000116
2025-09-11,41419.10028035104,41255.872809256,1571.9183264981493,309.3621165333305
2025-09-12,15024.37462354111,13885.047310170501,445.74818863870814,218.56785803333082
2025-09-13,14792.237369883334,13484.5863957245,58.995153971983434,34.002387900000045
2025-09-14,44563.532138146664,44740.8411864455,959.7026850249204,367.05702336666377
2025-09-15,44430.32676540925,38641.883707345994,3820.3517663236535,668.7342990666641
2025-09-16,45668.47396938216,43304.231513624,891.3569907899093,166.887125066663
2025-09-17,44713.64563126815,41546.407318683,1908.0242943847477,390.3395898999971
2025-09-18,46231.07046990484,38339.7698083498,2630.9067426654265,436.3029607666652
2025-09-19,15218.7079680562,15050.271365197601,0.0,0.0
2025-09-20,15601.046468993118,13631.257569092159,982.264579538139,186.95600556666432
2025-09-21,43641.42357965864,42548.524877811506,1096.9615902941368,198.2334526333338
2025-09-22,45536.402059463726,45881.39030851,109.67763142862587,32.56284513332982
2025-09-23,47273.84341852501,43499.2606946095,3057.253463073758,534.2268618333319
2025-09-24,45679.25215859225,38102.910295419504,0.0,0.0
2025-09-25,47131.36287615123,41749.65751884119,934.1411476443267,247.93653529999847
2025-09-26,14574.201632276967,15041.6904804406,3.299129759666524,2.0202876666665794
2025-09-27,17444.787860676137,13985.2626070805,1345.4509475474374,279.3810285666602
2025-09-28,48497.94967206537,42421.6599704922,42.26537335696684,6.8557108666667315
2025-09-29,48677.372215203075,44888.9971810728,3390.6643561910705,607.9333059333279
2025-09-30,50236.73736302625,43298.205468276996,389.04855127475344,69.58899203333385
2025-10-01,39143.17991823811,37801.4703575585,628.844046241658,127.74748333333167
2025-10-02,37550.328165145605,39254.692504570005,0.0,0.0
2025-10-03,12792.3582864654,12651.0072652324,0.0,0.0
2025-10-04,13518.840801054177,12073.16935384054,1184.7775608335571,345.0133533666639
2025-10-05,39838.31282745333,40716.841852269004,17.819040355323526,3.9119737333311804
2025-10-06,44101.1595814453,36062.3770707983,4523.040531725008,717.0159433333346
2025-10-07,42701.025379878505,35501.942222475496,1922.1123152992554,346.56071500000076
2025-10-08,44517.83104496652,33529.36094891578,5824.116368039359,998.6368246333288
2025-10-09,44553.80208669616,41651.168341565,4381.712428776971,740.5149334333282
2025-10-10,13468.089319916488,12502.9081925635,372.0443149539872,100.77039949999654
2025-10-11,14269.262681473287,12462.3828121134,1749.4411730550864,360.83723703333067
2025-10-12,44894.40048680111,36640.3315588821,6028.280264197823,1093.993550333329
2025-10-13,42830.984638446986,39671.7656504098,1991.6866033245278,333.81874825333136
2025-10-14,44355.986094867745,41471.0725822268,311.2796276620942,109.12279906666812
2025-10-15,44398.9254486385,42379.117270981,0.0,0.0
2025-10-16,45211.11298568098,41917.058815313,138.47815025668115,25.22364729999715
2025-10-17,13845.75819208888,12165.3902432618,211.1813206461964,129.2419342999978
2025-10-18,13653.56535072875,13171.0878007859,0.0,0.0
2025-10-19,47332.77308587483,43324.546924794,2262.1907299705827,383.0256351666665
2025-10-20,46672.950551736794,46887.32440891366,588.3173777467198,144.88145893333083
2025-10-21,48704.68099876582,44968.184025462106,528.4166742088856,119.35994516666068
2025-10-22,47068.49503278989,42289.86978422399,0.0,0.0
2025-10-23,47893.057253367006,49897.287457015,0.0,0.0
2025-10-24,14913.230936955997,13135.346076253601,973.4199564064462,267.5974630666657
2025-10-25,14895.838711049008,13089.3983033954,863.1446687791582,225.33171119999832
2025-10-26,47255.45258425322,46676.6015942214,49.3553259797667,18.953435933333388
2025-10-27,47676.05706344487,42445.867533522,316.5734140467665,75.7475448333332
2025-10-28,48430.74684875,42423.162815723,0.0,0.0
2025-10-29,50732.737584882845,46672.434054255995,0.0,0.0
2025-10-30,47829.04968339391,42869.438595782034,199.17444715623208,53.920074333332764
2025-10-31,14910.410055724775,14375.28411581684,338.6188472868538,83.74399586666348
2025-11-01,14270.238326085999,13255.8477568732,0.0,0.0
2025-11-02,54169.94635566376,46714.9064216922,2445.1538732498607,414.5415929999989
2025-11-03,50752.41407869182,50728.82713132059,0.0,0.0
2025-11-04,51469.45710126852,45202.8381053103,1676.513248723515,289.0192614333276
2025-11-05,52850.92803658692,50945.1117154512,1130.7419135933205,207.5141081666643
2025-11-06,54794.0270527188,48796.3551166735,859.8131121315528,214.98810793333013
2025-11-07,15053.212051018332,13914.0561682161,5.462221442330361,1.07175933333275
2025-11-08,14530.70554648755,13978.0093964976,0.0,0.0
2025-11-09,53097.322839555265,50743.633974118,617.2657181805605,129.9536377666654
2025-11-10,58212.65607963997,52421.9983113415,1006.4097278953174,192.24464826666403
2025-11-11,52817.40772970875,52917.521374102,10.46965500000034,2.0516666666667334
2025-11-12,54019.43398030515,49198.615028903005,0.0,0.0
2025-11-13,54608.63283630168,49616.95017061323,46.73439717396188,7.632639766663374
2025-11-14,15163.495834238298,14427.533507987398,126.80432234560033,31.030055633329333
2025-11-15,15424.420397237725,14928.75473790765,0.0,0.0
2025-11-16,57951.2957935125,51483.56071228201,597.4854602317516,129.8192385999971
2025-11-17,57425.059135393705,49542.8914353719,81.99549666000007,39.43987333333337
2025-11-18,56677.50734400655,51166.8024156464,0.0,0.0
2025-11-19,62322.70245955564,51884.7348140978,515.3094364264476,103.60058703333293
2025-11-20,57865.733015885635,51180.16223379524,0.0,0.0
2025-11-21,17099.35752868295,14911.348182329799,0.0,0.0
2025-11-22,15906.051748651973,15256.8888421083,122.31265851212893,38.457311499998774
2025-11-23,59657.21851391095,52197.45441901626,897.2918091026434,175.39026760000152
2025-11-24,57293.99415329416,51198.480949915,1353.958410339254,323.7787197333311
2025-11-25,58269.35780730215,59552.9616676343,0.0,0.0
2025-11-26,59543.00352227673,56347.529480942205,177.73418883333318,32.99316666666664
2025-11-27,59888.75523255166,54679.6875080944,129.2287597342558,24.330287933331597
2025-11-28,16045.38461760638,14779.7612877323,259.73717297447956,51.828229666662594
2025-11-29,17851.9778682359,18177.0450272736,117.36880961759867,60.37490206666598
2025-11-30,64014.44614928484,57116.707427361005,462.95377390269454,147.7329667999987
2025-12-01,81392.47580896204,64251.6485994488,0.0,0.0
2025-12-02,76042.0959509295,70907.5851248806,2907.773543416104,409.1553518999935
2025-12-03,75440.60708287852,62608.6005536516,150.80337384616618,21.147180333333267
2025-12-04,73033.38633859112,69947.649817889,680.2168903770691,95.66313080000032
2025-12-05,24539.06585893807,18862.03763672386,0.0,0.0
2025-12-06,24102.229960549947,20872.8683350677,0.0,0.0
2025-12-07,74284.05628652989,71005.43976703001,1342.1807856073747,182.4488075666676
2025-12-08,75172.36869406907,74790.99862801062,1936.9755505482951,247.59213446666206
2025-12-09,73104.8268113652,71052.3796254602,2647.188000435401,379.42679410000017
2025-12-10,73688.99700487334,67301.64679848535,541.4272429656792,194.16923556666546
2025-12-11,70000.40467083729,69317.1873852377,985.7601282407791,199.6835373666637
2025-12-12,23274.676931193946,22259.217855618095,0.0,0.0
2025-12-13,23635.32742337155,22242.789695074498,0.0,0.0
2025-12-14,76415.25306401766,66371.11380057511,1509.376121032245,266.9729475333267
2025-12-15,76576.14237277863,66913.08755021609,80.21997037333463,11.129296666666846
2025-12-16,73907.31504879429,71162.0641539392,679.7932391044,185.66614003333044
2025-12-17,72886.91722094596,70924.39354537078,946.9904458984535,170.68402226666464
2025-12-18,72764.01537463762,67402.38641912775,20.293586908747702,10.374639166665565
2025-12-19,22906.51418293335,20236.0936960149,798.5385367823011,196.66189506666365
2025-12-20,22284.07622667442,21644.665456894403,126.76099535826856,69.66223046666772
2025-12-21,74989.9990856594,69850.86489263251,1041.7137981428434,135.63877366666793
2025-12-22,76503.41708149457,69188.7135991574,2033.4344403069567,309.135752133332
2025-12-23,70742.21175319017,70574.964366939,509.1332365615608,101.15606246666546
2025-12-24,72822.94712950788,68338.4010572718,1858.0919845966816,281.8966612333326
2025-12-25,74560.66044226389,66036.6222247004,1398.089169718191,191.3882781999988
2025-12-26,23290.57612427935,20451.5549991517,0.0,0.0
2025-12-27,22558.565937506213,20158.971088357597,346.5270288034677,61.61575903333352
2025-12-28,71024.11531952236,68291.68424564501,438.3956732149496,82.17736986667008
2025-12-29,73798.88756453211,66657.9892396332,1274.6215957433176,239.66375273333315
2025-12-30,69837.83606285499,67319.0600921404,571.4287249403415,134.0356158666629
2025-12-31,75234.95703065743,68465.7246986093,3006.7477293237403,493.9174336333317
