date,q_load,q_pv,q_source,soc0_actual,soc24_actual,purchase_kwh,plan_cost,emergency_kwh,emergency_cost,total_cost,curtail_kwh,n_simultaneous_plan,max_unserved_kwh
2025-02-01,0.8,0.2,fixed,6000.0,3390.7063923333335,48039.005625,26439.700121686103,0.0,0.0,26439.700121686103,13542.650142666667,0,0.0
2025-02-02,0.8,0.2,fixed,3390.7063923333335,2869.5480174074087,95701.440729,62229.3925204239,0.0,0.0,62229.3925204239,14111.828290534986,0,0.0
2025-02-03,0.8,0.2,fixed,2869.5480174074087,2450.0537430370387,93525.534102,60162.9100643866,0.0,0.0,60162.9100643866,9851.499805061734,0,0.0
2025-02-04,0.8,0.2,fixed,2450.0537430370387,2453.197799925928,92534.544497,59383.1913699141,0.0,0.0,59383.1913699141,7087.169567325113,0,0.0
2025-02-05,0.8,0.2,fixed,2453.197799925928,2450.3255600740767,92678.35238499999,59392.5663813939,0.0,0.0,59392.5663813939,7738.046989876555,0,0.0
2025-02-06,0.8,0.2,fixed,2450.3255600740767,2582.0539177037053,94711.608461,61111.3447967183,0.0,0.0,61111.3447967183,10191.871494074083,0,0.0
2025-02-07,0.8,0.2,fixed,2582.0539177037053,2895.4436887407396,50074.728149,26932.702753321602,0.0,0.0,26932.702753321602,14556.544146666678,0,0.0
2025-02-08,0.8,0.2,fixed,2895.4436887407396,2777.346389333333,45557.447775,24331.8253455837,0.0,0.0,24331.8253455837,10944.163444958847,0,0.0
2025-02-09,0.8,0.2,fixed,2777.346389333333,2320.66604888889,91548.231586,58834.6106634648,0.0,0.0,58834.6106634648,8516.496263045281,0,0.0
2025-02-10,0.8,0.2,fixed,2320.66604888889,2280.7707445185188,91847.1193238,58812.96004752314,0.0,0.0,58812.96004752314,13950.743493950626,0,0.0
2025-02-11,0.8,0.2,fixed,2280.7707445185188,1891.260633185185,89241.50806640001,56729.80507899652,0.0,0.0,56729.80507899652,10509.088260024695,0,0.0
2025-02-12,0.8,0.2,fixed,1891.260633185185,2328.5262654074077,90001.294465,57200.2567182841,0.0,0.0,57200.2567182841,10406.530038263376,0,0.0
2025-02-13,0.8,0.2,fixed,2328.5262654074077,2347.3085904814816,89870.818543,57381.2887149279,0.0,0.0,57381.2887149279,15007.924829917707,0,0.0
2025-02-14,0.8,0.2,fixed,2347.3085904814816,2641.740077592592,42343.1411697,22506.6161648234,0.0,0.0,22506.6161648234,8879.78455566708,0,0.0
2025-02-15,0.8,0.2,fixed,2641.740077592592,2368.7163802592595,40850.14245300001,21764.8110693719,0.0,0.0,21764.8110693719,8712.370935839503,0,0.0
2025-02-16,0.8,0.2,fixed,2368.7163802592595,2116.625997777779,86369.643217,54640.741973345095,0.0,0.0,54640.741973345095,7222.834975329222,0,0.0
2025-02-17,0.8,0.2,fixed,2116.625997777779,1993.9224565185207,85833.033807,54069.5941507103,0.0,0.0,54069.5941507103,11179.410916283958,0,0.0
2025-02-18,0.8,0.2,fixed,1993.9224565185207,2049.8699325555563,83852.84489899999,52612.708929074994,0.0,0.0,52612.708929074994,7913.011068786016,0,0.0
2025-02-19,0.8,0.2,fixed,2049.8699325555563,1803.1163969259273,83920.647944,52706.2894096686,0.0,0.0,52706.2894096686,7333.016817316875,0,0.0
2025-02-20,0.8,0.2,fixed,1803.1163969259273,2396.4214086296283,85476.96456,53748.1550221217,0.0,0.0,53748.1550221217,9980.505992786018,0,0.0
2025-02-21,0.8,0.2,fixed,2396.4214086296283,2597.3549181111107,38726.842031,20632.7428153808,0.0,0.0,20632.7428153808,9763.211707090539,0,0.0
2025-02-22,0.8,0.2,fixed,2597.3549181111107,2479.092795111111,37041.826918,19779.673924041203,0.0,0.0,19779.673924041203,6287.789028246911,0,0.0
2025-02-23,0.8,0.2,fixed,2479.092795111111,1959.8041487037058,82466.91852400001,51881.9711964181,0.0,0.0,51881.9711964181,7696.632060769547,0,0.0
2025-02-24,0.8,0.2,fixed,1959.8041487037058,2027.002468407409,82163.4513937,51335.762879150236,0.0,0.0,51335.762879150236,10353.28164044486,0,0.0
2025-02-25,0.8,0.2,fixed,2027.002468407409,1636.7743960370383,80347.83725859999,50004.89062816667,8.32169533333331,37.859552918999896,50042.75018108567,11440.527107032105,0,0.0
2025-02-26,0.8,0.2,fixed,1636.7743960370383,2148.024589000001,80467.38154840001,50016.51176613354,0.0,0.0,50016.51176613354,7388.501245408236,0,0.0
2025-02-27,0.8,0.2,fixed,2148.024589000001,2151.8679904444475,80340.32907499999,50093.849810944,0.0,0.0,50093.849810944,9259.410681168732,0,0.0
2025-02-28,0.8,0.2,fixed,2151.8679904444475,2353.175471814817,36826.0162048,19556.89501725644,0.0,0.0,19556.89501725644,10225.644576816467,0,0.0
2025-03-01,0.8,0.2,fixed,2353.175471814817,2276.1708659629626,35747.220323,18960.9078214725,0.0,0.0,18960.9078214725,9282.864574596708,0,0.0
2025-03-02,0.8,0.2,fixed,2276.1708659629626,1446.8597508888893,77704.514463,48343.815907711105,534.8077560666667,3681.4771856026337,52025.29309331374,2588.7593376131663,0,0.0
2025-03-03,0.8,0.2,fixed,1446.8597508888893,1638.3047979333346,78417.776053,48486.4557798948,0.0,0.0,48486.4557798948,1710.1726625925999,0,0.0
2025-03-04,0.8,0.2,fixed,1638.3047979333346,1635.5317861851838,77973.64789079,48258.48286196991,0.0,0.0,48258.48286196991,4718.2765156994665,0,0.0
2025-03-05,0.8,0.2,fixed,1635.5317861851838,1878.4863225925926,79656.8777783,49294.39921801869,0.0,0.0,49294.39921801869,9573.525511665433,0,0.0
2025-03-06,0.8,0.2,fixed,1878.4863225925926,2013.1093568518547,80387.7728802,50099.29049582608,0.0,0.0,50099.29049582608,10616.271688102888,0,0.0
2025-03-07,0.8,0.2,fixed,2013.1093568518547,2385.3391041481473,35489.617788999996,18829.5154542793,0.0,0.0,18829.5154542793,11303.505720176958,0,0.0
2025-03-08,0.8,0.2,fixed,2385.3391041481473,2346.3960887037065,33543.647218,17904.171452734998,0.0,0.0,17904.171452734998,11788.702400263375,0,0.0
2025-03-09,0.8,0.2,fixed,2346.3960887037065,1860.861157185186,78386.1351649,48748.659157028625,0.0,0.0,48748.659157028625,11993.4481119642,0,0.0
2025-03-10,0.8,0.2,fixed,1860.861157185186,1807.0832984814838,77721.14504999999,48099.355395684295,0.0,0.0,48099.355395684295,5912.311251016462,0,0.0
2025-03-11,0.8,0.2,fixed,1807.0832984814838,1694.802490851857,75122.20271,45955.5960835621,0.0,0.0,45955.5960835621,7507.660170246927,0,0.0
2025-03-12,0.8,0.2,fixed,1694.802490851857,1780.1759041111109,75832.15636600001,46502.5718262169,0.0,0.0,46502.5718262169,9667.403904160496,0,0.0
2025-03-13,0.8,0.2,fixed,1780.1759041111109,1751.3508912592602,76531.9300964,47106.751422693356,0.0,0.0,47106.751422693356,4839.565435843625,0,0.0
2025-03-14,0.8,0.2,fixed,1751.3508912592602,2484.132123222222,34009.79480250001,17990.9905874443,0.0,0.0,17990.9905874443,14375.989709981484,0,0.0
2025-03-15,0.8,0.2,fixed,2484.132123222222,1726.9298349259263,32248.929637,17052.642939202502,0.0,0.0,17052.642939202502,9468.057954242802,0,0.0
2025-03-16,0.8,0.2,fixed,1726.9298349259263,2056.1373505555584,75149.2886763,45995.951441057696,1.6400000000001,7.461180000000455,46003.412621057694,7737.203051649797,0,0.0
2025-03-17,0.8,0.2,fixed,2056.1373505555584,2027.0817594444463,74836.68055339999,45766.79727527512,0.0,0.0,45766.79727527512,13577.32219511235,0,0.0
2025-03-18,0.8,0.2,fixed,2027.0817594444463,1705.4765718148162,71311.35627999999,43363.857156634,0.0,0.0,43363.857156634,6583.315776543218,0,0.0
2025-03-19,0.8,0.2,fixed,1705.4765718148162,2135.6862030370394,72982.7049255,44505.79005331945,0.0,0.0,44505.79005331945,9214.092974567902,0,0.0
2025-03-20,0.8,0.2,fixed,2135.6862030370394,1864.3312703333352,72630.7507203,44451.62463440704,0.0,0.0,44451.62463440704,6803.49147617284,0,0.0
2025-03-21,0.8,0.2,fixed,1864.3312703333352,1990.21381451852,32358.712681999998,16998.2203928682,0.0,0.0,16998.2203928682,17421.722923893005,0,0.0
2025-03-22,0.8,0.2,fixed,1990.21381451852,2356.423515333332,31815.25107,16710.6620689903,0.0,0.0,16710.6620689903,13035.798954609054,0,0.0
2025-03-23,0.8,0.2,fixed,2356.423515333332,1684.7303748888883,69722.69288300001,42563.5463539817,0.0,0.0,42563.5463539817,7919.430984609049,0,0.0
2025-03-24,0.8,0.2,fixed,1684.7303748888883,2025.6259256296307,69825.42773319999,42485.69975924368,0.0,0.0,42485.69975924368,7746.415888024697,0,0.0
2025-03-25,0.8,0.2,fixed,2025.6259256296307,1361.3419991111127,67446.61749,40885.690184167,0.0,0.0,40885.690184167,3267.3638265020545,0,0.0
2025-03-26,0.8,0.2,fixed,1361.3419991111127,1815.6215575555566,70130.302627,42497.376250669295,0.0,0.0,42497.376250669295,10446.936630699598,0,0.0
2025-03-27,0.8,0.2,fixed,1815.6215575555566,1784.0645322962987,69289.803469,42097.0004845921,0.0,0.0,42097.0004845921,6774.7855544033,0,0.0
2025-03-28,0.8,0.2,fixed,1784.0645322962987,2247.7396629999976,31153.487355999998,16142.5835574592,0.0,0.0,16142.5835574592,17155.280056246913,0,0.0
2025-03-29,0.8,0.2,fixed,2247.7396629999976,2151.5134561481523,30359.0309358,15773.8294794741,0.0,0.0,15773.8294794741,20272.88300228148,0,0.0
2025-03-30,0.8,0.2,fixed,2151.5134561481523,2000.0128884814828,66273.88025,40218.230195083,0.0,0.0,40218.230195083,7439.298744979435,0,0.0
2025-03-31,0.8,0.2,fixed,2000.0128884814828,2097.4672363703726,66137.232519,40081.64815232561,0.0,0.0,40081.64815232561,5539.9980327983585,0,0.0
2025-04-01,0.8,0.2,fixed,2097.4672363703726,1470.3782075185193,63693.748906,38333.0009227072,61.36155719999863,419.7658315038571,38752.76675421106,505.45061452675947,0,0.0
2025-04-02,0.8,0.2,fixed,1470.3782075185193,1799.9689703333345,66121.65757,39664.627818830006,757.1147800000005,3677.989761316669,43342.617580146674,2037.1238339094689,0,0.0
2025-04-03,0.8,0.2,fixed,1799.9689703333345,1794.7865831111123,67405.21429,40638.307148171996,0.0,0.0,40638.307148171996,7566.161431399182,0,0.0
2025-04-04,0.8,0.2,fixed,1794.7865831111123,2338.425156296297,30572.4982799,15828.18824043234,0.0,0.0,15828.18824043234,21029.29685125926,0,0.0
2025-04-05,0.8,0.2,fixed,2338.425156296297,1935.709366259259,29131.354167,15057.2704726937,0.0,0.0,15057.2704726937,15133.794018481483,0,0.0
2025-04-06,0.8,0.2,fixed,1935.709366259259,1752.8724918888893,66168.635983,39739.14938394159,0.0,0.0,39739.14938394159,8246.3139102963,0,0.0
2025-04-07,0.8,0.2,fixed,1752.8724918888893,1978.9925370370397,66021.45897,39544.201921267,0.0,0.0,39544.201921267,9055.024938395067,0,0.0
2025-04-08,0.8,0.2,fixed,1978.9925370370397,1319.6167928518526,63534.057012000005,37857.941952634996,136.8067530000011,954.3639089280076,38812.305861563,6083.960206485603,0,0.0
2025-04-09,0.8,0.2,fixed,1319.6167928518526,1583.3162111851857,64796.042069999996,38629.45372681,0.0,0.0,38629.45372681,1426.3676230452759,0,0.0
2025-04-10,0.8,0.2,fixed,1583.3162111851857,1918.5233293703704,65294.789641,39159.2255916575,0.0,0.0,39159.2255916575,6497.933470094655,0,0.0
2025-04-11,0.8,0.2,fixed,1918.5233293703704,2016.4379326666663,29019.806716,14837.0272616998,0.0,0.0,14837.0272616998,21098.000479539092,0,0.0
2025-04-12,0.8,0.2,fixed,2016.4379326666663,2185.012746074075,28728.761125,14721.7245898789,0.0,0.0,14721.7245898789,17280.957871337443,0,0.0
2025-04-13,0.8,0.2,fixed,2185.012746074075,1837.092277925928,63101.196972000005,37786.1073626588,0.0,0.0,37786.1073626588,5377.8698641152305,0,0.0
2025-04-14,0.8,0.2,fixed,1837.092277925928,1769.3089918148153,63363.97876,37794.423957024,0.0,0.0,37794.423957024,7195.782157901243,0,0.0
2025-04-15,0.8,0.2,fixed,1769.3089918148153,1691.126246259259,61979.340552,36880.7851357528,0.0,0.0,36880.7851357528,8377.833315703705,0,0.0
2025-04-16,0.8,0.2,fixed,1691.126246259259,1575.2302447037039,62624.151979999995,37213.480839485,0.0,0.0,37213.480839485,3237.8511183950645,0,0.0
2025-04-17,0.8,0.2,fixed,1575.2302447037039,1959.7558146666643,62936.05899,37513.799022277,0.0,0.0,37513.799022277,5764.391660164615,0,0.0
2025-04-18,0.8,0.2,fixed,1959.7558146666643,2414.864097555556,28270.304382000002,14356.491939679101,0.0,0.0,14356.491939679101,19031.28454438683,0,0.0
2025-04-19,0.8,0.2,fixed,2414.864097555556,2226.7680812962935,27200.133283,13838.269282637499,0.0,0.0,13838.269282637499,18400.823343987653,0,0.0
2025-04-20,0.8,0.2,fixed,2226.7680812962935,2051.8895418888906,61174.700112000006,36467.5869485926,0.0,0.0,36467.5869485926,5688.004352246911,0,0.0
2025-04-21,0.8,0.2,fixed,2051.8895418888906,1619.050161185187,60927.945437,36255.858153810805,0.0,0.0,36255.858153810805,9342.899354407415,0,0.0
2025-04-22,0.8,0.2,fixed,1619.050161185187,1646.2712795925947,59330.476435000004,35234.475857069,0.0,0.0,35234.475857069,3593.372117016472,0,0.0
2025-04-23,0.8,0.2,fixed,1646.2712795925947,1832.5549755185202,60548.266441,35863.7935276614,0.0,0.0,35863.7935276614,5405.211616020578,0,0.0
2025-04-24,0.8,0.2,fixed,1832.5549755185202,1946.602541703707,60828.547192,36189.641228250795,0.0,0.0,36189.641228250795,10005.373728131693,0,0.0
2025-04-25,0.8,0.2,fixed,1946.602541703707,1993.7468339629647,27036.546327,13505.401190236098,0.0,0.0,13505.401190236098,22627.349354493832,0,0.0
2025-04-26,0.8,0.2,fixed,1993.7468339629647,1931.446330481484,26574.734818799996,13273.39778136208,0.0,0.0,13273.39778136208,24433.678261511937,0,0.0
2025-04-27,0.8,0.2,fixed,1931.446330481484,1554.4437415555565,57299.971257,34164.2474022631,3.5600738666644247,24.835075293851027,34189.08247755695,5434.581111403297,0,0.0
2025-04-28,0.8,0.2,fixed,1554.4437415555565,1562.2416031481487,57406.688527,34222.3222148372,3088.5661929333323,20923.88259909859,55146.204813935794,613.2536102469176,0,0.0
2025-04-29,0.8,0.2,fixed,1562.2416031481487,1629.030780000001,57316.304777,34016.2660209538,623.5083160333351,4349.594012648546,38365.860033602345,7057.069349465025,0,0.0
2025-04-30,0.8,0.2,fixed,1629.030780000001,1607.933201407409,57588.706345,34234.235173941204,0.0,0.0,34234.235173941204,6009.716919979426,0,0.0
2025-05-01,0.8,0.2,fixed,1607.933201407409,1207.7181540000001,57887.998575000005,34584.0538328982,2063.3299504000006,10884.06102335947,45468.11485625767,5424.759138004123,0,0.0
2025-05-02,0.8,0.2,fixed,1207.7181540000001,1200.0,27968.214684999995,14182.3850674234,1330.1750844999956,7526.1345612821715,21708.519628705573,12499.293103127573,0,0.0
2025-05-03,0.8,0.2,fixed,1200.0,1201.2067063703703,27799.716033,14098.425006465,861.0857404999992,4442.705545045396,18541.130551510396,17465.13352250617,0,0.0
2025-05-04,0.8,0.2,fixed,1201.2067063703703,1200.161613,60755.68122,36282.669251532,1115.226917666666,5800.665589173732,42083.334840705735,6842.2770622633825,0,0.0
2025-05-05,0.8,0.2,fixed,1200.161613,1213.072494,62219.26048999999,37383.80390828999,361.6089649333358,2304.7811848077536,39688.58509309775,3608.264210452682,0,0.0
2025-05-06,0.8,0.2,fixed,1213.072494,1286.9099040000003,60540.973753,36466.448642833,646.4543747333311,2411.417013580836,38877.86565641384,4455.162581724286,0,0.0
2025-05-07,0.8,0.2,fixed,1286.9099040000003,1281.289341,61335.614929,36809.76138155459,1049.9767822666654,6490.27453301901,43300.0359145736,3653.166862551446,0,0.0
2025-05-08,0.8,0.2,fixed,1281.289341,1246.785543703704,62989.582452999995,38082.54576076,208.88569559999922,1187.509550717896,39270.055311477896,3604.161823909466,0,0.0
2025-05-09,0.8,0.2,fixed,1246.785543703704,2000.978608240743,29706.02464475,15603.414604024776,0.0,0.0,15603.414604024776,17879.39561182716,0,0.0
2025-05-10,0.8,0.2,fixed,2000.978608240743,1291.979748,28188.210753,14853.540758015399,85.60521126666528,181.33311191039707,15034.873869925796,14687.887976666665,0,0.0
2025-05-11,0.8,0.2,fixed,1291.979748,1200.0,62837.955028,37676.4275218792,368.9854105999977,2415.1946580136537,40091.62217989286,4308.661681209889,0,0.0
2025-05-12,0.8,0.2,fixed,1200.0,1437.62452262963,63538.30542,38000.575406592005,138.23503669999536,809.7947475325014,38810.3701541245,8259.519657119337,0,0.0
2025-05-13,0.8,0.2,fixed,1437.62452262963,1274.030965740741,61166.883398000005,36430.8649812202,528.877366666665,3313.752367361656,39744.61734858186,5224.153465201659,0,0.0
2025-05-14,0.8,0.2,fixed,1274.030965740741,1200.0,62305.333620000005,37242.29941805999,353.83417173333237,1650.7868102284947,38893.086228288485,6294.7853672839565,0,0.0
2025-05-15,0.8,0.2,fixed,1200.0,1364.1645152222225,63003.635556,37654.6436867209,33.21233149999871,70.26386077933051,37724.907547500225,6353.823288205758,0,0.0
2025-05-16,0.8,0.2,fixed,1364.1645152222225,1200.0,27932.652818,14437.165556122502,89.45065533333523,190.45099501833735,14627.616551140838,23154.607906395064,0,0.0
2025-05-17,0.8,0.2,fixed,1200.0,1245.6691827777775,27854.997707000002,14335.392079454901,426.2149020666617,2506.8771455900337,16842.269225044936,15606.599855432101,0,0.0
2025-05-18,0.8,0.2,fixed,1245.6691827777775,1281.4943619629635,60970.4165688,36613.256027663796,5.236666666666679,35.318698333333415,36648.57472599713,3667.9912774938325,0,0.0
2025-05-19,0.8,0.2,fixed,1281.4943619629635,1287.316820444445,60654.005437,36293.4290276408,204.8718675333331,1405.5868765857656,37699.015904226566,9996.902079839509,0,0.0
2025-05-20,0.8,0.2,fixed,1287.316820444445,1200.0,58971.74452,35296.558636083995,543.5860001666637,2958.368396295701,38254.927032379695,1586.5507361728387,0,0.0
2025-05-21,0.8,0.2,fixed,1200.0,1200.0,59957.029332000006,35886.357338402,798.2186359333316,4781.85411824199,40668.211456643985,6193.1058079300465,0,0.0
2025-05-22,0.8,0.2,fixed,1200.0,1586.6121203333346,60313.8723982,36238.17160271012,39.25269260000266,273.23182857761856,36511.40343128774,5565.190595110288,0,0.0
2025-05-23,0.8,0.2,fixed,1586.6121203333346,1544.093419407411,27256.239514,14076.4897299249,0.0,0.0,14076.4897299249,18543.771752654324,0,0.0
2025-05-24,0.8,0.2,fixed,1544.093419407411,1481.5000861111112,27216.679367,14130.319812869599,0.0,0.0,14130.319812869599,21402.67162737038,0,0.0
2025-05-25,0.8,0.2,fixed,1481.5000861111112,1381.327034555556,59272.219295,35588.196631032,145.29849349999992,698.4604576075832,36286.65708863958,7621.660174979424,0,0.0
2025-05-26,0.8,0.2,fixed,1381.327034555556,1364.8401591111126,58594.657243099995,35345.808104613,344.72245006666213,2404.783811665035,37750.59191627804,827.263472798355,0,0.0
2025-05-27,0.8,0.2,fixed,1364.8401591111126,1200.8974011111113,58157.427339999995,34914.027518268,326.03799383333114,1941.5353986646367,36855.562916932635,5858.387619218116,0,0.0
2025-05-28,0.8,0.2,fixed,1200.8974011111113,1327.0007735555562,58613.592039999996,35099.256088058995,255.413517766663,1755.3785964407086,36854.6346844997,2854.6169143209886,0,0.0
2025-05-29,0.8,0.2,fixed,1327.0007735555562,1494.685495481482,59343.512933000005,35621.7203769566,316.34754863333194,2202.3237799161234,37824.04415687272,1460.3571349053516,0,0.0
2025-05-30,0.8,0.2,fixed,1494.685495481482,1392.3061262962963,27389.421993999997,14161.454234713601,11.679845566665819,71.39889594902814,14232.85313066263,18522.774867489716,0,0.0
2025-05-31,0.8,0.2,fixed,1392.3061262962963,1661.116089148146,27333.349834,14098.7624244514,0.0,0.0,14098.7624244514,16532.050997744856,0,0.0
2025-06-01,0.8,0.2,fixed,1661.116089148146,1200.0,60244.74608800001,36218.8551465734,13113.409256466664,78941.47484957604,115160.32999614943,24.15003333333368,0,0.0
2025-06-02,0.8,0.2,fixed,1200.0,1200.0,65293.80893,39231.656829542,7798.657977066667,48017.90603947172,87249.56286901372,758.5766833333337,0,0.0
2025-06-03,0.8,0.2,fixed,1200.0,1200.0,65696.08839,39403.560445918,6295.60221823333,36943.90995297864,76347.47039889664,138.37612333333402,0,0.0
2025-06-04,0.8,0.2,fixed,1200.0,1200.0,69315.8069924,41817.08887515399,4137.196087633329,25071.392955365078,66888.48183051907,131.57973666666658,0,0.0
2025-06-05,0.8,0.2,fixed,1200.0,1200.0,71560.3497314,43328.41562714528,3876.4743201666643,22801.020248940637,66129.43587608592,65.26116000000025,0,0.0
2025-06-06,0.8,0.2,fixed,1200.0,1200.0,30023.8202822,15884.243363142661,5589.692114066663,31436.153450287446,47320.39681343011,2166.419333333336,0,0.0
2025-06-07,0.8,0.2,fixed,1200.0,1200.0,31462.177465,17056.2074193785,2692.274935166664,15066.5787951756,32122.7862145541,720.4783666666611,0,0.0
2025-06-08,0.8,0.2,fixed,1200.0,1200.0,77970.44923999999,47952.6628167484,1113.3546845999963,5330.563665263278,53283.22648201168,10646.86739011112,0,0.0
2025-06-09,0.8,0.2,fixed,1200.0,1200.0,76670.24578669999,46871.41026226375,2129.6282322333313,13085.926582392252,59957.336844656005,3952.9260772428097,0,0.0
2025-06-10,0.8,0.2,fixed,1200.0,1200.0,76275.4380748,46525.93860962584,2189.3167556999942,12041.664084794478,58567.60269442032,2762.154374086421,0,0.0
2025-06-11,0.8,0.2,fixed,1200.0,1203.708945,76567.43203659999,46556.653883838095,4981.103866836664,29280.415096795074,75837.06898063316,1217.5086700000004,0,0.0
2025-06-12,0.8,0.2,fixed,1203.708945,1200.0,79052.414714,48697.8077754198,1313.291694433334,7717.395128150376,56415.20290357018,3715.593021432096,0,0.0
2025-06-13,0.8,0.2,fixed,1200.0,1373.9502430740747,34865.439708000005,19697.605246994302,383.5313889666667,2475.2210896848005,22172.826336679103,4173.139711086421,0,0.0
2025-06-14,0.8,0.2,fixed,1373.9502430740747,1200.0,33522.295737,18817.8353833977,869.3754704599978,4191.04515757243,23008.88054097013,5959.67585312346,0,0.0
2025-06-15,0.8,0.2,fixed,1200.0,1200.0,78747.75930420001,48565.864018067645,580.5716030333333,2264.40888917992,50830.27290724756,4693.531328382727,0,0.0
2025-06-16,0.8,0.2,fixed,1200.0,1228.9043334074074,79221.542566,48912.4636610984,747.6898163666647,4234.071234044604,53146.534895143006,3025.9495775761266,0,0.0
2025-06-17,0.8,0.2,fixed,1228.9043334074074,1200.0,78598.750657,48376.0698734723,2822.4880710999996,16290.469526177785,64666.53939965008,2825.1170674115265,0,0.0
2025-06-18,0.8,0.2,fixed,1200.0,1200.0,79393.22386059999,48929.333641725956,1090.948586966666,5930.526055451665,54859.85969717762,5879.952767082305,0,0.0
2025-06-19,0.8,0.2,fixed,1200.0,1277.2214940000001,79463.285187,49016.819145792295,753.659055399998,4450.257875899904,53467.077021692196,7863.167127403298,0,0.0
2025-06-20,0.8,0.2,fixed,1277.2214940000001,1200.0,32959.642144,18475.2761225711,611.0543883999982,2158.525253335525,20633.801375906623,8747.23423819753,0,0.0
2025-06-21,0.8,0.2,fixed,1200.0,1244.9629350000002,32928.384186,18330.779099246698,222.5709967999975,1136.2495929559157,19467.028692202613,11280.260847728397,0,0.0
2025-06-22,0.8,0.2,fixed,1244.9629350000002,1200.0,77561.7654224,47790.867634467664,422.71149823333167,1819.221760268225,49610.089394735885,6862.46151806585,0,0.0
2025-06-23,0.8,0.2,fixed,1200.0,1210.500468,76954.32522900001,47208.422338471195,889.6415982666706,4539.308613030314,51747.73095150151,6783.316749238687,0,0.0
2025-06-24,0.8,0.2,fixed,1210.500468,1219.4604960000004,75417.64685660001,46071.59513458881,5063.289524569991,28497.78339130692,74569.37852589574,97.97822000000053,0,0.0
2025-06-25,0.8,0.2,fixed,1219.4604960000004,1200.0,76005.0499039,46527.27578469724,447.28438446666405,1757.2409691054834,48284.51675380272,1721.1736310534993,0,0.0
2025-06-26,0.8,0.2,fixed,1200.0,1200.0,76858.484056,47244.9030732583,564.5364294333326,2514.1098047399983,49759.0128779983,5668.223500810705,0,0.0
2025-06-27,0.8,0.2,fixed,1200.0,1222.0520230370369,32269.877303,17904.8520646123,173.60415406666544,1101.8287456413266,19006.680810253627,10134.0530874856,0,0.0
2025-06-28,0.8,0.2,fixed,1222.0520230370369,1200.0,32183.944254,17790.4500241754,144.09951906000214,464.3689846801843,18254.819008855582,8235.724054156379,0,0.0
2025-06-29,0.8,0.2,fixed,1200.0,1396.5528348888893,77324.557047,47659.200487585396,229.87633596666458,1076.875856943686,48736.07634452908,4166.766808312761,0,0.0
2025-06-30,0.8,0.2,fixed,1396.5528348888893,1200.0,77199.43372,47649.7513975671,253.4436453666661,1253.6390943350157,48903.390491902115,3960.486566160498,0,0.0
2025-07-01,0.8,0.2,fixed,1200.0,1200.0,77003.112483,47257.344157585496,7022.7280869,36103.38335606365,83360.72751364915,1140.8558275967116,0,0.0
2025-07-02,0.8,0.2,fixed,1200.0,1200.0,81124.259432,50284.781288664504,3080.0230368333355,15841.674264504269,66126.45555316878,7674.282407411524,0,0.0
2025-07-03,0.8,0.2,fixed,1200.0,1200.0,82687.135268,51528.0185732566,2757.337370633333,14352.71177115085,65880.73034440745,1316.752218246912,0,0.0
2025-07-04,0.8,0.2,fixed,1200.0,1200.0,34246.379673999996,19327.406487655,6874.374440266665,29389.283080720397,48716.6895683754,9760.98953333333,0,0.0
2025-07-05,0.8,0.2,fixed,1200.0,1200.0,36184.516903,20442.7337602799,5324.724642266667,25896.740806371774,46339.474566651676,10377.494566666664,0,0.0
2025-07-06,0.8,0.2,fixed,1200.0,1200.0,78867.280717,48935.6046373919,6004.422628199997,35469.538071517265,84405.14270890917,1021.7158633333345,0,0.0
2025-07-07,0.8,0.2,fixed,1200.0,1200.0,80171.359424,49804.539201202,1977.5844265333321,9347.311199292199,59151.8504004942,4987.245364279843,0,0.0
2025-07-08,0.8,0.2,fixed,1200.0,1200.0,78634.009446,48816.2233075948,3883.560971633337,21766.232355787048,70582.45566338184,2813.5781466666663,0,0.0
2025-07-09,0.8,0.2,fixed,1200.0,1200.0,77623.85958299998,48172.47441561631,2275.7904577999902,11841.80509755306,60014.27951316937,1666.7940337860118,0,0.0
2025-07-10,0.8,0.2,fixed,1200.0,1209.869592,77823.430792,48359.144966022606,2408.572635033329,12359.22234426963,60718.36731029223,3043.2599155144044,0,0.0
2025-07-11,0.8,0.2,fixed,1209.869592,1200.0,40335.187146,22997.7848399185,1724.8622279999975,9670.403857992056,32668.188697910555,6968.940459333334,0,0.0
2025-07-12,0.8,0.2,fixed,1200.0,1200.0,38115.537895,22052.6258775555,3423.4227042999946,15825.258202566172,37877.88408012167,8016.247499999998,0,0.0
2025-07-13,0.8,0.2,fixed,1200.0,1200.0,78078.27502110001,48563.85024664044,1631.7280869333308,8080.016287817783,56643.866534458226,6498.995267366262,0,0.0
2025-07-14,0.8,0.2,fixed,1200.0,1200.0,76859.058596,47813.4233475043,1916.4946624333265,10309.427333248475,58122.850680752774,3150.60838041564,0,0.0
2025-07-15,0.8,0.2,fixed,1200.0,1200.0,76620.1338636,47713.43773889652,1273.939729933335,7015.515553622281,54728.9532925188,1231.1300545876543,0,0.0
2025-07-16,0.8,0.2,fixed,1200.0,1200.0,76077.20138700001,47208.7449970195,2326.964282999999,12408.552874644996,59617.2978716645,2294.183963251026,0,0.0
2025-07-17,0.8,0.2,fixed,1200.0,1200.0,76500.99839200001,47537.0536910254,2636.5536345000028,14026.226459221738,61563.28015024714,2110.9230500000012,0,0.0
2025-07-18,0.8,0.2,fixed,1200.0,1200.0,38450.731143,22291.3692703055,1820.3533816666663,8023.324019508296,30314.693289813797,6404.159514650204,0,0.0
2025-07-19,0.8,0.2,fixed,1200.0,1200.0,38169.865475,22148.9366195335,2312.155230099999,12074.25403313028,34223.190652663776,11031.210598333333,0,0.0
2025-07-20,0.8,0.2,fixed,1200.0,1200.0,75913.30715000001,47498.915544777,939.0418339333314,4001.804577470775,51500.720122247774,684.0808579012455,0,0.0
2025-07-21,0.8,0.2,fixed,1200.0,1200.0,76971.50105999998,48015.331437411995,1503.9988446999973,8683.099830420588,56698.43126783258,411.66588666666644,0,0.0
2025-07-22,0.8,0.2,fixed,1200.0,1200.0,76410.409022,47519.3729485539,2757.1140534000015,15995.926468255248,63515.299416809146,1488.7558466666674,0,0.0
2025-07-23,0.8,0.2,fixed,1200.0,1200.0,77706.74909699999,48361.4098834663,1793.6809024666632,10438.967123607115,58800.37700707342,1119.6109462139943,0,0.0
2025-07-24,0.8,0.2,fixed,1200.0,1251.043656,78812.74262,49161.962060652004,1660.3821033333331,9754.340859487966,58916.30292013997,2712.245205925932,0,0.0
2025-07-25,0.8,0.2,fixed,1251.043656,1200.0,38665.857865,22527.1417522115,1361.3766452666682,6766.359860735414,29293.501612946915,11053.011141666662,0,0.0
2025-07-26,0.8,0.2,fixed,1200.0,1245.7429650000001,38720.784567,22685.6338389191,1693.8116330999962,7814.886165333747,30500.52000425285,9513.786110333327,0,0.0
2025-07-27,0.8,0.2,fixed,1245.7429650000001,1200.902338814815,78449.67143,49026.25627005,1739.6693736333314,8478.58632620646,57504.84259625646,2386.759390823047,0,0.0
2025-07-28,0.8,0.2,fixed,1200.902338814815,1200.0,78796.97163,49171.646140037,3284.9163084999973,18956.241763407128,68127.88790344413,135.8739400000004,0,0.0
2025-07-29,0.8,0.2,fixed,1200.0,1200.0,79382.852575,49493.444072301994,1070.3140650666621,6768.166786300576,56261.61085860257,229.0328900000012,0,0.0
2025-07-30,0.8,0.2,fixed,1200.0,1233.558786037037,80072.93470000001,49879.093808943,1195.8172288999974,6729.724676786331,56608.81848572933,3001.133791481483,0,0.0
2025-07-31,0.8,0.2,fixed,1233.558786037037,1200.0,80684.38917000001,50365.962392912,616.7337240999997,3425.133033235018,53791.09542614702,2280.694061687253,0,0.0
2025-08-01,0.8,0.2,fixed,1200.0,1282.169001,39240.694674700004,22918.320378319808,509.1365359666639,2789.1448792135316,25707.46525753334,15772.185679370781,0,0.0
2025-08-02,0.8,0.2,fixed,1282.169001,1338.586769222223,39196.23480400001,23021.5355863202,279.5431707999982,1842.5827730507876,24864.118359370987,16162.852771160497,0,0.0
2025-08-03,0.8,0.2,fixed,1338.586769222223,1224.8638141111112,78688.38665999999,49125.65158201,984.4983993333313,4678.319723580988,53803.97130559099,13342.4521826749,0,0.0
2025-08-04,0.8,0.2,fixed,1224.8638141111112,1200.0,77422.9944,48392.455425363005,310.94855593333216,840.1787948288813,49232.63422019189,8799.75378711934,0,0.0
2025-08-05,0.8,0.2,fixed,1200.0,1200.0,75468.449711,47312.4759254957,221.78192706666292,782.5049998529267,48094.98092534863,6805.622131946504,0,0.0
2025-08-06,0.8,0.2,fixed,1200.0,1200.0,73479.721328,46149.2394419198,1591.117629533333,9931.279992633434,56080.519434553236,3420.848522839513,0,0.0
2025-08-07,0.8,0.2,fixed,1200.0,1215.7039049999998,73173.063514,46107.3185351444,277.8022030666685,1159.950818579838,47267.26935372424,6051.565475061729,0,0.0
2025-08-08,0.8,0.2,fixed,1215.7039049999998,1314.00849,38908.8811516,22727.886632254078,104.059334300001,222.45836003462216,22950.3449922887,20498.418109102062,0,0.0
2025-08-09,0.8,0.2,fixed,1314.00849,1233.48185562963,38303.257041000004,22432.848298181103,307.26781129999677,1079.0612683993857,23511.90956658049,17379.33871433333,0,0.0
2025-08-10,0.8,0.2,fixed,1233.48185562963,1200.0,71615.81205000001,45431.480130904994,91.61963523332932,525.8105142582776,45957.29064516327,2840.76477259259,0,0.0
2025-08-11,0.8,0.2,fixed,1200.0,1200.0,71842.78883,45476.2308223,281.943302633331,1320.5636808321883,46796.79450313219,3748.905966790126,0,0.0
2025-08-12,0.8,0.2,fixed,1200.0,1283.214485962963,71497.6807,45228.246323585,1065.7295729666648,7257.871188331386,52486.11751191639,1080.8519867489813,0,0.0
2025-08-13,0.8,0.2,fixed,1283.214485962963,1425.8339511851852,71842.48038200001,45506.069093080194,150.83376623333402,734.0602564042218,46240.129349484414,2151.9825340329253,0,0.0
2025-08-14,0.8,0.2,fixed,1425.8339511851852,1299.0357246666672,72105.58911,45668.377390046,333.84077763333084,2085.9160737017833,47754.29346374778,2516.2266069135717,0,0.0
2025-08-15,0.8,0.2,fixed,1299.0357246666672,1371.7504944074064,38879.806513999996,22858.940510032,398.9492368999986,1643.8124858715605,24502.75299590356,19461.089761465017,0,0.0
2025-08-16,0.8,0.2,fixed,1371.7504944074064,1366.5266183703707,38881.407458,22812.644671497797,139.32068766666725,971.9011171626707,23784.545788660467,19592.42913953498,0,0.0
2025-08-17,0.8,0.2,fixed,1366.5266183703707,1484.2770269629636,72496.46754,45990.580576262,194.53112999999996,1310.871985023333,47301.45256128533,5764.57888761317,0,0.0
2025-08-18,0.8,0.2,fixed,1484.2770269629636,1531.2073943703733,72100.91373999999,45780.034164512,178.37029333333373,1211.0464805883362,46991.08064510034,3995.8301406172905,0,0.0
2025-08-19,0.8,0.2,fixed,1531.2073943703733,1407.217925740742,71736.53016,45582.888826103,228.8558933333336,1543.5021795033351,47126.39100560633,4197.03092069959,0,0.0
2025-08-20,0.8,0.2,fixed,1407.217925740742,1307.0603932222225,71470.31033000001,45350.354201887996,3002.692073599995,19512.664795003217,64863.01899689122,345.40595921810586,0,0.0
2025-08-21,0.8,0.2,fixed,1307.0603932222225,1428.2552699629643,73026.50451999999,46312.213866825,42.59434666666698,287.93644743333545,46600.15031425833,3349.140464526747,0,0.0
2025-08-22,0.8,0.2,fixed,1428.2552699629643,1375.377072,39598.37508,23280.563514245,420.49479853333,1937.5804838722454,25218.143998117248,16133.37392868313,0,0.0
2025-08-23,0.8,0.2,fixed,1375.377072,1512.8824826296316,39734.828076000005,23446.6215619906,0.0,0.0,23446.6215619906,14671.16904716049,0,0.0
2025-08-24,0.8,0.2,fixed,1512.8824826296316,1489.2725439259257,74235.61391,47034.185512682,13.807756666666705,93.04974921000026,47127.235261892,6728.975820205759,0,0.0
2025-08-25,0.8,0.2,fixed,1489.2725439259257,1413.36172725926,74699.23019100001,47323.3648288627,673.6560407666622,4695.377913806568,52018.74274266927,724.5645921111161,0,0.0
2025-08-26,0.8,0.2,fixed,1413.36172725926,1705.9016341111105,75254.61353999999,47573.497232514,42.89955666666674,289.19824763666713,47862.695480150665,5572.913969629635,0,0.0
2025-08-27,0.8,0.2,fixed,1705.9016341111105,1384.7295532592602,74854.12732999999,47400.370592789,186.5084310333301,1293.3045348168444,48693.67512760584,3467.7977653909506,0,0.0
2025-08-28,0.8,0.2,fixed,1384.7295532592602,1500.0460529629693,75652.27696,48018.651651711,77.69034333333332,523.7751728183333,48542.426824529335,520.227603333335,0,0.0
2025-08-29,0.8,0.2,fixed,1500.0460529629693,1809.7803174074095,40915.103781,24396.7116530431,0.0,0.0,24396.7116530431,15317.126941781898,0,0.0
2025-08-30,0.8,0.2,fixed,1809.7803174074095,1449.8647229629637,40267.890566,24002.3153627898,0.0,0.0,24002.3153627898,19765.08529653498,0,0.0
2025-08-31,0.8,0.2,fixed,1449.8647229629637,1983.286171222222,76773.39797,48782.231791221,27.5002566666667,190.38066461166693,48972.61245583266,5631.132624650212,0,0.0
2025-09-01,0.8,0.2,fixed,1983.286171222222,5402.821419222225,76637.28088,48695.913766213,0.0,0.0,48695.913766213,16185.384968971202,0,0.0
2025-09-02,0.8,0.2,fixed,5402.821419222225,4002.774561666669,66341.693832,42572.313662600005,0.0,0.0,42572.313662600005,10242.585767325108,0,0.0
2025-09-03,0.8,0.2,fixed,4002.774561666669,3450.813233333334,67348.16213,42789.7252274534,0.0,0.0,42789.7252274534,9199.013247078186,0,0.0
2025-09-04,0.8,0.2,fixed,3450.813233333334,3677.077571222226,67822.504433,43003.644224801,0.0,0.0,43003.644224801,10093.993083950627,0,0.0
2025-09-05,0.8,0.2,fixed,3677.077571222226,5416.832962296296,37669.999533999995,22882.725106089598,0.0,0.0,22882.725106089598,26665.536575028807,0,0.0
2025-09-06,0.8,0.2,fixed,5416.832962296296,4693.6775582963,33402.6501,20212.0072922246,0.0,0.0,20212.0072922246,24110.18651312757,0,0.0
2025-09-07,0.8,0.2,fixed,4693.6775582963,3811.5256178518525,65831.53736500001,42256.50869560579,0.0,0.0,42256.50869560579,8328.305750864209,0,0.0
2025-09-08,0.8,0.2,fixed,3811.5256178518525,2902.551815703703,64885.562332999994,41165.823855371804,0.0,0.0,41165.823855371804,2918.701795967081,0,0.0
2025-09-09,0.8,0.2,fixed,2902.551815703703,3457.0767693333332,67427.975339,42658.5541721052,0.0,0.0,42658.5541721052,10181.39832497943,0,0.0
2025-09-10,0.8,0.2,fixed,3457.0767693333332,3076.87159385185,66653.876955,42306.8578150384,296.37601666666484,1462.1306876416575,43768.988502680055,2080.4046870370375,0,0.0
2025-09-11,0.8,0.2,fixed,3076.87159385185,3660.627778222225,69705.93747199999,44145.129101125596,0.0,0.0,44145.129101125596,11781.878568641976,0,0.0
2025-09-12,0.8,0.2,fixed,3660.627778222225,3843.013586814815,34422.152896,20222.29728064,0.0,0.0,20222.29728064,20184.7198985926,0,0.0
2025-09-13,0.8,0.2,fixed,3843.013586814815,4147.787479185186,33804.3814519,19977.58691404177,0.0,0.0,19977.58691404177,23236.593065644855,0,0.0
2025-09-14,0.8,0.2,fixed,4147.787479185186,3359.3180887037056,68653.524936,43853.6857134818,0.0,0.0,43853.6857134818,5723.677218600833,0,0.0
2025-09-15,0.8,0.2,fixed,3359.3180887037056,3678.798115962965,70657.610359,44924.8780918321,0.0,0.0,44924.8780918321,11469.96537736626,0,0.0
2025-09-16,0.8,0.2,fixed,3678.798115962965,3272.699240074073,68916.227899,43952.1832074824,0.0,0.0,43952.1832074824,6296.355208271614,0,0.0
2025-09-17,0.8,0.2,fixed,3272.699240074073,3295.514334222224,70148.20020400001,44443.8332786881,7.62916666666672,34.70889375000024,44478.5421724381,6329.951578888895,0,0.0
2025-09-18,0.8,0.2,fixed,3295.514334222224,3340.6796580740756,70888.6888545,45180.234895679154,0.0,0.0,45180.234895679154,7934.8388524279935,0,0.0
2025-09-19,0.8,0.2,fixed,3340.6796580740756,4331.598805370373,36005.793816000005,21257.9729436396,0.0,0.0,21257.9729436396,16370.160913242798,0,0.0
2025-09-20,0.8,0.2,fixed,4331.598805370373,4266.256827000004,34280.979545,20386.4518914055,0.0,0.0,20386.4518914055,16314.621642078193,0,0.0
2025-09-21,0.8,0.2,fixed,4266.256827000004,3694.427916962964,72299.541398,46318.000271117795,0.0,0.0,46318.000271117795,11281.421195267501,0,0.0
2025-09-22,0.8,0.2,fixed,3694.427916962964,3419.6858204814826,72417.73238071,46215.181563807724,0.0,0.0,46215.181563807724,8519.963542275722,0,0.0
2025-09-23,0.8,0.2,fixed,3419.6858204814826,3483.6217687407375,73213.701955,46544.8987672465,0.0,0.0,46544.8987672465,7212.1367535391,0,0.0
2025-09-24,0.8,0.2,fixed,3483.6217687407375,3692.290850222222,72985.510308,46407.411256985404,0.0,0.0,46407.411256985404,7988.662385160495,0,0.0
2025-09-25,0.8,0.2,fixed,3692.290850222222,3479.662469148151,73883.870723,47247.8973727381,0.0,0.0,47247.8973727381,10091.793844814818,0,0.0
2025-09-26,0.8,0.2,fixed,3479.662469148151,4240.938397740744,36597.6694642,21653.84379629138,0.0,0.0,21653.84379629138,15532.879719673258,0,0.0
2025-09-27,0.8,0.2,fixed,4240.938397740744,3685.8468049259272,35097.339538,20856.773632267505,0.0,0.0,20856.773632267505,15443.927103349799,0,0.0
2025-09-28,0.8,0.2,fixed,3685.8468049259272,3704.594923333336,74638.490452,47727.111609844505,0.0,0.0,47727.111609844505,7349.234769506185,0,0.0
2025-09-29,0.8,0.2,fixed,3704.594923333336,3564.9511368888893,75196.930563,48036.88880699519,20.39463333333333,95.52846253333333,48132.41726952852,8891.517858230458,0,0.0
2025-09-30,0.8,0.2,fixed,3564.9511368888893,3535.941827444448,75299.60832510001,48140.578041634086,0.0,0.0,48140.578041634086,5873.82797320988,0,0.0
2025-10-01,0.8,0.2,fixed,3535.941827444448,5305.467743259261,75158.5265596,47882.75489225068,0.0,0.0,47882.75489225068,20459.268539423876,0,0.0
2025-10-02,0.8,0.2,fixed,5305.467743259261,4706.848902185188,71570.6724409,45715.84176021218,0.0,0.0,45715.84176021218,16947.29135806585,0,0.0
2025-10-03,0.8,0.2,fixed,4706.848902185188,5982.174722555556,34803.1609437,20631.24338394798,0.0,0.0,20631.24338394798,23249.66275287696,0,0.0
2025-10-04,0.8,0.2,fixed,5982.174722555556,5132.078257851852,32414.288999,19264.1162763641,0.0,0.0,19264.1162763641,17849.321997609055,0,0.0
2025-10-05,0.8,0.2,fixed,5132.078257851852,4709.169900177778,70060.88012595999,44858.001226109314,0.0,0.0,44858.001226109314,12402.560863827166,0,0.0
2025-10-06,0.8,0.2,fixed,4709.169900177778,4174.553174662964,69172.55590683,44140.29199281293,0.0,0.0,44140.29199281293,8453.769219732516,0,0.0
2025-10-07,0.8,0.2,fixed,4174.553174662964,4443.081731666667,69039.6522678,43918.08342000474,0.0,0.0,43918.08342000474,7273.729900818934,0,0.0
2025-10-08,0.8,0.2,fixed,4443.081731666667,4094.8338501481503,66922.76112,42438.976501286,0.0,0.0,42438.976501286,7094.246985432108,0,0.0
2025-10-09,0.8,0.2,fixed,4094.8338501481503,4244.966817551855,69610.80039572,44257.18871308556,0.0,0.0,44257.18871308556,9902.755245090542,0,0.0
2025-10-10,0.8,0.2,fixed,4244.966817551855,5049.79818951852,34392.22526399999,20009.407488758203,0.0,0.0,20009.407488758203,21675.82345296708,0,0.0
2025-10-11,0.8,0.2,fixed,5049.79818951852,4952.439759740743,33825.780282,19756.203085721303,0.0,0.0,19756.203085721303,17328.907960559674,0,0.0
2025-10-12,0.8,0.2,fixed,4952.439759740743,3945.3452595925924,69384.680809,44352.2014505508,20.929933333333338,98.03580773333336,44450.237258284134,8415.226077366264,0,0.0
2025-10-13,0.8,0.2,fixed,3945.3452595925924,4252.40495828889,71347.09833806,45550.1653498295,0.0,0.0,45550.1653498295,10351.602151275725,0,0.0
2025-10-14,0.8,0.2,fixed,4252.40495828889,4253.931001111113,70647.6491919,45225.84010654222,0.0,0.0,45225.84010654222,6138.940735012353,0,0.0
2025-10-15,0.8,0.2,fixed,4253.931001111113,4444.33450477778,70350.83630669999,45012.73356439069,0.0,0.0,45012.73356439069,4531.434729917702,0,0.0
2025-10-16,0.8,0.2,fixed,4444.33450477778,4510.373597853407,71934.7698377014,46176.26321656203,0.0,0.0,46176.26321656203,4917.012831440341,0,0.0
2025-10-17,0.8,0.2,fixed,4510.373597853407,4833.7594471111115,35242.004436,20608.423811756198,0.0,0.0,20608.423811756198,16264.460305754812,0,0.0
2025-10-18,0.8,0.2,fixed,4833.7594471111115,5199.718799185187,34776.541711,20361.0416878943,0.0,0.0,20361.0416878943,15936.264360547322,0,0.0
2025-10-19,0.8,0.2,fixed,5199.718799185187,4219.6551956296325,73254.4846196,47050.37163520672,0.0,0.0,47050.37163520672,6638.096187530869,0,0.0
2025-10-20,0.8,0.2,fixed,4219.6551956296325,4145.9926382629665,75282.94141187,48284.1188548675,263.28539713333254,1269.557213003463,49553.67606787096,7322.30359160494,0,0.0
2025-10-21,0.8,0.2,fixed,4145.9926382629665,4340.678681133336,76115.87262041999,48777.422906606545,0.0,0.0,48777.422906606545,5507.313249757212,0,0.0
2025-10-22,0.8,0.2,fixed,4340.678681133336,4336.491311814814,76099.97175842599,48687.74238459907,602.634545674,2904.490063595214,51592.232448194285,7317.017915950626,0,0.0
2025-10-23,0.8,0.2,fixed,4336.491311814814,4423.769247870372,77563.62493205,49819.49575382701,0.0,0.0,49819.49575382701,10110.235564115235,0,0.0
2025-10-24,0.8,0.2,fixed,4423.769247870372,4703.2027385185165,36050.689199700006,21073.44532348199,0.0,0.0,21073.44532348199,14515.208166181481,0,0.0
2025-10-25,0.8,0.2,fixed,4703.2027385185165,4723.746548777782,35826.472486,20960.6398357343,0.0,0.0,20960.6398357343,13879.304154806581,0,0.0
2025-10-26,0.8,0.2,fixed,4723.746548777782,4492.381931185186,77946.8004356,50283.01268573856,0.0,0.0,50283.01268573856,10074.003876543224,0,0.0
2025-10-27,0.8,0.2,fixed,4492.381931185186,4183.3872080370365,78184.5487292,50356.661933930496,17.794014033333383,83.34716173213357,50440.00909566263,11339.7294655144,0,0.0
2025-10-28,0.8,0.2,fixed,4183.3872080370365,4384.808578574075,78214.58615975,50271.82817914608,0.0,0.0,50271.82817914608,8222.496690205764,0,0.0
2025-10-29,0.8,0.2,fixed,4384.808578574075,4205.728738925927,77201.06857029999,49652.40812512286,0.0,0.0,49652.40812512286,3923.338037716054,0,0.0
2025-10-30,0.8,0.2,fixed,4205.728738925927,4337.20957426667,78891.43516654,50885.49808216223,0.0,0.0,50885.49808216223,10141.084722150623,0,0.0
2025-10-31,0.8,0.2,fixed,4337.20957426667,4818.177972666669,37142.208657,21711.6245937882,0.0,0.0,21711.6245937882,9875.3394435926,0,0.0
2025-11-01,0.8,0.2,fixed,4818.177972666669,5056.324657222223,36539.630116,21449.2391026532,0.0,0.0,21449.2391026532,11158.063577810708,0,0.0
2025-11-02,0.8,0.2,fixed,5056.324657222223,4028.382637925928,79272.98875409999,51340.01993066106,0.0,0.0,51340.01993066106,7620.473903628815,0,0.0
2025-11-03,0.8,0.2,fixed,4028.382637925928,4360.304595465556,81158.468914219,52467.136315625896,0.0,0.0,52467.136315625896,7632.625095395888,0,0.0
2025-11-04,0.8,0.2,fixed,4360.304595465556,4062.4401945777795,81184.43119701999,52485.496698795774,30.518670700000143,141.386339392134,52626.88303818791,10270.026139068319,0,0.0
2025-11-05,0.8,0.2,fixed,4062.4401945777795,4325.273294233333,81030.29784731,52230.58772737067,0.0,0.0,52230.58772737067,7192.415672518527,0,0.0
2025-11-06,0.8,0.2,fixed,4325.273294233333,4127.607818074075,81786.8525328,52932.943506122174,0.0,0.0,52932.943506122174,6485.175932821408,0,0.0
2025-11-07,0.8,0.2,fixed,4127.607818074075,4849.988091148152,38111.2605648,22258.008978785998,0.0,0.0,22258.008978785998,11023.563414717699,0,0.0
2025-11-08,0.8,0.2,fixed,4849.988091148152,4873.646619074076,37147.061971999996,21727.9607585654,0.0,0.0,21727.9607585654,10612.818485786007,0,0.0
2025-11-09,0.8,0.2,fixed,4873.646619074076,4213.627049111112,81967.3521273,53313.73886285507,0.0,0.0,53313.73886285507,7578.873763390133,0,0.0
2025-11-10,0.8,0.2,fixed,4213.627049111112,4117.460545762967,83060.35339112,53869.50589534407,0.0,0.0,53869.50589534407,5357.945995286014,0,0.0
2025-11-11,0.8,0.2,fixed,4117.460545762967,4171.612121422222,83446.33294933,54152.94241441382,0.0,0.0,54152.94241441382,8100.9399642448625,0,0.0
2025-11-12,0.8,0.2,fixed,4171.612121422222,4165.306337370372,83466.35306825,54118.4831357781,0.0,0.0,54118.4831357781,8635.912277818932,0,0.0
2025-11-13,0.8,0.2,fixed,4165.306337370372,4118.31765462963,84368.66936710001,54918.404658321364,0.0,0.0,54918.404658321364,8206.698445633749,0,0.0
2025-11-14,0.8,0.2,fixed,4118.31765462963,4848.356619444448,38817.865288,22605.9999858523,0.0,0.0,22605.9999858523,7489.282582238686,0,0.0
2025-11-15,0.8,0.2,fixed,4848.356619444448,4669.977476222224,37759.385137,22128.493903116,0.0,0.0,22128.493903116,6830.266004901238,0,0.0
2025-11-16,0.8,0.2,fixed,4669.977476222224,4104.314058888888,85288.4857945,55673.249629176804,0.0,0.0,55673.249629176804,7531.427700753097,0,0.0
2025-11-17,0.8,0.2,fixed,4104.314058888888,4206.127681851852,86417.82851211,56327.62551425689,0.0,0.0,56327.62551425689,9679.16861751852,0,0.0
2025-11-18,0.8,0.2,fixed,4206.127681851852,4101.814928296297,85531.4678881,55717.11600418648,0.0,0.0,55717.11600418648,6906.505573847743,0,0.0
2025-11-19,0.8,0.2,fixed,4101.814928296297,3944.794207555558,86466.05149504,56284.841377868564,1.3850000000001046,6.301057500000476,56291.142435368565,7201.100978386837,0,0.0
2025-11-20,0.8,0.2,fixed,3944.794207555558,4092.889228111112,87489.3415028,56999.25034152424,0.0,0.0,56999.25034152424,8428.070421592598,0,0.0
2025-11-21,0.8,0.2,fixed,4092.889228111112,4829.936449925927,40919.969360999996,23622.959782095997,0.0,0.0,23622.959782095997,8194.117768572021,0,0.0
2025-11-22,0.8,0.2,fixed,4829.936449925927,4588.1709190370375,39989.514567000006,23146.6025401586,0.0,0.0,23146.6025401586,7105.275716506175,0,0.0
2025-11-23,0.8,0.2,fixed,4588.1709190370375,4125.056841074077,87499.7845073,57200.44439389106,0.0,0.0,57200.44439389106,8689.285187148154,0,0.0
2025-11-24,0.8,0.2,fixed,4125.056841074077,3779.4489197037046,87970.07354099999,57347.9865282311,18.83966666666663,88.2449986666665,57436.23152689777,10365.39640078602,0,0.0
2025-11-25,0.8,0.2,fixed,3779.4489197037046,4002.770084185188,88252.34572400001,57416.35145051179,0.0,0.0,57416.35145051179,7766.830667613176,0,0.0
2025-11-26,0.8,0.2,fixed,4002.770084185188,4262.124632777778,88423.08543360999,57656.84289234155,29.522948566666628,138.2854910862665,57795.128383427815,7330.235350399178,0,0.0
2025-11-27,0.8,0.2,fixed,4262.124632777778,4148.57305503704,88493.1526433,57819.275650422205,0.0,0.0,57819.275650422205,8717.787424851856,0,0.0
2025-11-28,0.8,0.2,fixed,4148.57305503704,4734.424819148151,42124.611917999995,24195.979915562202,0.0,0.0,24195.979915562202,7405.937286189309,0,0.0
2025-11-29,0.8,0.2,fixed,4734.424819148151,4534.526380703707,41628.73929,23950.113327485,0.0,0.0,23950.113327485,3888.5997860082325,0,0.0
2025-11-30,0.8,0.2,fixed,4534.526380703707,3868.1380902222227,89200.203572,58436.6263645028,6.062833333333515,28.398311333334185,58465.02467583613,5437.524175004133,0,0.0
2025-12-01,0.8,0.2,fixed,3868.1380902222227,3793.245812999999,90620.0781903,59209.10550503714,2868.3830535999996,13955.413208197631,73164.51871323478,2801.5513037860137,0,0.0
2025-12-02,0.8,0.2,fixed,3793.245812999999,3823.3447551481495,94358.9502609,61721.28420122668,1680.753155299998,8256.506680017208,69977.79088124388,2772.7634732921847,0,0.0
2025-12-03,0.8,0.2,fixed,3823.3447551481495,3961.943038259258,95215.9543781,62453.10383030453,20.453421333333267,119.10510775866626,62572.208938063195,3474.534952386839,0,0.0
2025-12-04,0.8,0.2,fixed,3961.943038259258,3826.9227650037046,96056.37440217001,63092.7075632575,741.2930224666657,3684.105630746095,66776.8131940036,5456.329165185187,0,0.0
2025-12-05,0.8,0.2,fixed,3826.9227650037046,4498.177551370373,48316.112134999996,27281.1892266695,173.05661332999506,850.0060062301054,28131.195232899605,2771.5503185390953,0,0.0
2025-12-06,0.8,0.2,fixed,4498.177551370373,4264.800578555557,48938.248380000005,27558.675292892003,85.68731779999689,405.69978280578533,27964.37507569779,1996.5728700000025,0,0.0
2025-12-07,0.8,0.2,fixed,4264.800578555557,3751.662832185185,96150.1110842,63349.25229332842,55.535109333333594,323.5121329566682,63672.76442628509,4600.5803753497985,0,0.0
2025-12-08,0.8,0.2,fixed,3751.662832185185,4100.978384703705,98841.2667401,65064.598735285086,0.0,0.0,65064.598735285086,6234.838149135803,0,0.0
2025-12-09,0.8,0.2,fixed,4100.978384703705,3854.1152206444463,97724.13120578,64407.32307776026,133.23256000000026,772.6729642876682,65179.996042047926,6219.124624650214,0,0.0
2025-12-10,0.8,0.2,fixed,3854.1152206444463,3775.3910116296306,97352.5642237,64079.58563799822,0.0,0.0,64079.58563799822,4704.299092279846,0,0.0
2025-12-11,0.8,0.2,fixed,3775.3910116296306,3902.364628851855,97845.342858,64490.56405455441,0.0,0.0,64490.56405455441,7236.953237078197,0,0.0
2025-12-12,0.8,0.2,fixed,3902.364628851855,4490.739410407408,52217.71572,29316.006622515004,0.0,0.0,29316.006622515004,4275.9497232510275,0,0.0
2025-12-13,0.8,0.2,fixed,4490.739410407408,4466.256897444443,51070.49115,28697.586404132002,0.0,0.0,28697.586404132002,3736.337536666671,0,0.0
2025-12-14,0.8,0.2,fixed,4466.256897444443,3699.2608244814814,97532.54296699999,64418.748916889104,0.0,0.0,64418.748916889104,5102.2600183127615,0,0.0
2025-12-15,0.8,0.2,fixed,3699.2608244814814,3814.098738962965,98603.095227,64926.732046210906,198.5105809000002,988.1876185562179,65914.91966476712,4626.473455884783,0,0.0
2025-12-16,0.8,0.2,fixed,3814.098738962965,3773.578804,98778.016794,65120.4803841932,111.0798528999974,565.8344240708709,65686.31480826407,5047.58578226338,0,0.0
2025-12-17,0.8,0.2,fixed,3773.578804,3757.098640259261,98726.77270500001,64913.64385876511,12.86418366666669,74.2575773721668,64987.901436137276,6097.354875514415,0,0.0
2025-12-18,0.8,0.2,fixed,3757.098640259261,3837.469844962965,99101.79243599999,65297.0470915455,12.947610999999938,72.40035113683301,65369.447442682336,6991.002898806596,0,0.0
2025-12-19,0.8,0.2,fixed,3837.469844962965,4170.70273485185,52696.30452,29492.484936811998,0.0,0.0,29492.484936811998,5828.655435349803,0,0.0
2025-12-20,0.8,0.2,fixed,4170.70273485185,4253.908527333335,52096.142,29187.615451697,0.0,0.0,29187.615451697,5543.058342427985,0,0.0
2025-12-21,0.8,0.2,fixed,4253.908527333335,3883.558418703705,98487.410909,65071.3942840319,0.0,0.0,65071.3942840319,5421.771974814825,0,0.0
2025-12-22,0.8,0.2,fixed,3883.558418703705,3622.9272189629646,98905.6253874,65184.42428413558,8.800151000000028,48.20722717800015,65232.63151131358,5771.538336502064,0,0.0
2025-12-23,0.8,0.2,fixed,3622.9272189629646,3836.1976963703714,99145.256846,65335.97455099339,0.0,0.0,65335.97455099339,7306.294854197541,0,0.0
2025-12-24,0.8,0.2,fixed,3836.1976963703714,3636.686115666666,98128.0070339,64551.997861050244,10.138436666666848,58.88910937833438,64610.886970428575,6031.57639337449,0,0.0
2025-12-25,0.8,0.2,fixed,3636.686115666666,3755.213291333334,98661.449081,65040.550903496594,0.0,0.0,65040.550903496594,6162.524081728391,0,0.0
2025-12-26,0.8,0.2,fixed,3755.213291333334,4566.511163666666,52123.66869,29161.274874855,0.0,0.0,29161.274874855,4542.296339135813,0,0.0
2025-12-27,0.8,0.2,fixed,4566.511163666666,4373.698408259259,51241.40106,28693.029714099,0.0,0.0,28693.029714099,4588.712445637863,0,0.0
2025-12-28,0.8,0.2,fixed,4373.698408259259,4024.5589230740734,98223.905928,64951.462895918805,46.30111533333354,268.2820377743345,65219.74493369314,7641.235420123465,0,0.0
2025-12-29,0.8,0.2,fixed,4024.5589230740734,3591.6701214074083,98312.5893017,64834.32007844682,0.0,0.0,64834.32007844682,7030.141588353922,0,0.0
2025-12-30,0.8,0.2,fixed,3591.6701214074083,3839.143636148151,98575.16872905,64883.154640901776,19.506740000000036,113.7465673300002,64996.90120823178,7738.567200308655,0,0.0
2025-12-31,0.8,0.2,fixed,3839.143636148151,3459.3546367407425,97670.026346,64198.02907290681,0.0,0.0,64198.02907290681,4974.200743703711,0,0.0
