date,official,soc0_actual,soc24_actual,soc24_plan,purchase_kwh,plan_cost,emergency_kwh,emergency_slots,emergency_cost,total_cost,curtail_kwh
2025-02-01,True,6000.0,2837.7529877037045,1200.0,47264.507807,20476.3579164882,0.0,0,0.0,20476.3579164882,12753.286674460907
2025-02-02,True,2837.7529877037045,2416.1172434814816,1200.0,93472.5174691,66915.86124072107,0.0,0,0.0,66915.86124072107,11730.54207493828
2025-02-03,True,2416.1172434814816,1580.3923988148158,1200.0,89509.3337429,63953.6577200771,8.755072233332271,1,58.33066875457625,64011.988388831676,6166.958583991773
2025-02-04,True,1580.3923988148158,1814.4359775925946,1200.0,88165.354318,62456.147983109804,0.0,0,0.0,62456.147983109804,2110.203690041162
2025-02-05,True,1814.4359775925946,1722.590931000004,1200.0,88754.43536199999,62814.9747339123,0.0,0,0.0,62814.9747339123,3319.7837307819036
2025-02-06,True,1722.590931000004,2265.9183512592626,1200.0,92311.89498699999,66256.409536148,0.0,0,0.0,66256.409536148,7131.262073004123
2025-02-07,True,2265.9183512592626,2732.810074407406,1200.0,50199.078755,21293.982107060503,0.0,0,0.0,21293.982107060503,13983.122254958857
2025-02-08,True,2732.810074407406,2251.9621595555554,1200.0,42588.360900499996,17733.32810800255,0.0,0,0.0,17733.32810800255,7923.842335623454
2025-02-09,True,2251.9621595555554,1799.676140629629,1200.0,88773.614973,62928.691837265,0.0,0,0.0,62928.691837265,5646.581994279848
2025-02-10,True,1799.676140629629,1889.7617054074067,1200.0,88869.91262300001,61053.6412040446,0.0,0,0.0,61053.6412040446,10554.892882057615
2025-02-11,True,1889.7617054074067,1342.9726237777786,1200.0,84662.3219447,58204.481916154604,153.97801573333246,6,877.3738703223105,59081.85578647692,5889.402484609058
2025-02-12,True,1342.9726237777786,2037.043417148146,1200.0,87148.815557,59259.385126602305,0.0,0,0.0,59259.385126602305,6920.83937812346
2025-02-13,True,2037.043417148146,2094.284369037038,1200.0,87942.0438947,60073.474594436935,0.0,0,0.0,60073.474594436935,12454.69383646091
2025-02-14,True,2094.284369037038,2459.9159891111103,1200.0,41470.048437,17278.9107209156,0.0,0,0.0,17278.9107209156,7457.6861753127605
2025-02-15,True,2459.9159891111103,2122.9919732222224,1200.0,39908.5499726,17164.954781287997,0.0,0,0.0,17164.954781287997,7575.489096920989
2025-02-16,True,2122.9919732222224,1922.1666741481504,1200.0,85132.894744,58279.707105252004,0.0,0,0.0,58279.707105252004,5474.957830637857
2025-02-17,True,1922.1666741481504,1754.414925925926,1200.0,84143.6840124,57140.97674583944,0.0,0,0.0,57140.97674583944,9254.464436013182
2025-02-18,True,1754.414925925926,1605.1617018148138,1200.0,80817.30208309999,53869.92262089814,0.0,0,0.0,53869.92262089814,4783.639851979422
2025-02-19,True,1605.1617018148138,1662.6075520740774,1200.0,82222.351264,54242.8986051265,43.72858400000007,2,236.18997749850035,54479.088582625,4649.660224987657
2025-02-20,True,1662.6075520740774,2317.292791037039,1200.0,84675.38967199999,57628.2332818084,0.0,0,0.0,57628.2332818084,8815.28520648149
2025-02-21,True,2317.292791037039,2602.5886394814806,1200.0,39147.954576000004,16634.2956506843,0.0,0,0.0,16634.2956506843,9664.330218551446
2025-02-22,True,2602.5886394814806,2334.9476576666657,1200.0,37022.345636,15916.264563601799,0.0,0,0.0,15916.264563601799,6044.070621514402
2025-02-23,True,2334.9476576666657,1922.991978444445,1200.0,81899.8003342,55036.905169555364,0.0,0,0.0,55036.905169555364,6689.103543913584
2025-02-24,True,1922.991978444445,1965.5054551111107,1200.0,81386.2927076,53928.57240329712,8.619785999999976,1,43.835921702999876,53972.40832500012,9108.968637292188
2025-02-25,True,1965.5054551111107,1258.9476875185187,1200.0,78011.352267,50970.654250004096,80.70203396666439,3,386.8671773136783,51357.52142731778,9272.433381851852
2025-02-26,True,1258.9476875185187,2033.6177513333355,1200.0,79253.383913,51966.18224455401,0.0,0,0.0,51966.18224455401,5467.986828711939
2025-02-27,True,2033.6177513333355,1988.6429387407427,1200.0,79582.08564800001,51649.6082586568,0.0,0,0.0,51649.6082586568,8370.98520971194
2025-02-28,True,1988.6429387407427,2427.9716076666687,1200.0,37551.5021518,15717.797327308062,0.0,0,0.0,15717.797327308062,10422.801502129221
2025-03-01,True,2427.9716076666687,2262.4396106666645,1200.0,36004.7821767,14875.389562965458,0.0,0,0.0,14875.389562965458,9250.570887564201
2025-03-02,True,2262.4396106666645,1256.5230837777783,1200.0,77006.136054,50529.01122159141,630.9896540666625,6,3870.471424169908,54399.48264576132,1576.3200284773638
2025-03-03,True,1256.5230837777783,1391.3727368888894,1200.0,76772.68476409999,49920.264876434376,926.3342328623266,9,5642.241924591332,55562.50680102571,982.3710288477372
2025-03-04,True,1391.3727368888894,1516.5736095185187,1200.0,75421.881967,48674.9674100141,0.6247333333334382,1,3.1064865000005213,48678.0738965141,1411.7500616090658
2025-03-05,True,1516.5736095185187,1813.016385592594,1200.0,77367.6543166,49006.88835812436,4.775967400000241,2,23.390382620201198,49030.27874074456,6741.757385069964
2025-03-06,True,1813.016385592594,2004.7018401111147,1200.0,78970.71067590002,51197.46449833992,0.0,0,0.0,51197.46449833992,8722.326586567908
2025-03-07,True,2004.7018401111147,2574.3509661111107,1200.0,35760.848226,14851.4147160198,0.0,0,0.0,14851.4147160198,11118.629104115234
2025-03-08,True,2574.3509661111107,2397.7753463703725,1200.0,32900.132987,13619.109914837001,0.0,0,0.0,13619.109914837001,10687.297301403289
2025-03-09,True,2397.7753463703725,1954.9653537037047,1200.0,76753.7326809,48874.52625487608,0.0,0,0.0,48874.52625487608,10178.525565220996
2025-03-10,True,1954.9653537037047,1835.9181475925952,1200.0,76413.1978934,49924.44953371004,0.0,0,0.0,49924.44953371004,4419.593109135811
2025-03-11,True,1835.9181475925952,1461.1063768888896,1200.0,71545.722392,45153.8735665853,490.1481792666617,3,3165.425234104885,48319.29880069019,4543.770035925928
2025-03-12,True,1461.1063768888896,1706.1090730740764,1200.0,73734.7689819,45907.76545723343,0.0,0,0.0,45907.76545723343,7030.622301570791
2025-03-13,True,1706.1090730740764,1905.1120192592612,1200.0,75456.4484,48606.88263710101,0.0,0,0.0,48606.88263710101,3508.573789053504
2025-03-14,True,1905.1120192592612,2776.646343444445,1200.0,34612.148853,13810.1962312656,0.0,0,0.0,13810.1962312656,14180.394629625513
2025-03-15,True,2776.646343444445,1752.2398967037043,1200.0,32099.758013399998,13309.912896801161,0.0,0,0.0,13309.912896801161,9143.73351833416
2025-03-16,True,1752.2398967037043,2167.8551952222265,1200.0,74316.349678,46768.525060777,1.6400000000001,1,8.081100000000493,46776.606160777,6529.761769604945
2025-03-17,True,2167.8551952222265,2135.8344548148184,1200.0,73975.7344424,45360.75450113204,0.0,0,0.0,45360.75450113204,12644.659391037869
2025-03-18,True,2135.8344548148184,1436.7662802962984,1200.0,68717.334268,42186.140343345,0.0,0,0.0,42186.140343345,4122.3651468724365
2025-03-19,True,1436.7662802962984,2267.462716555558,1200.0,72319.5573,44074.96344135799,0.0,0,0.0,44074.96344135799,7729.680152551452
2025-03-20,True,2267.462716555558,1930.1717094074086,1200.0,71882.2533941,45020.66783187185,0.0,0,0.0,45020.66783187185,5771.768904979432
2025-03-21,True,1930.1717094074086,2149.526225481482,1200.0,32915.136714,13059.158745726902,0.0,0,0.0,13059.158745726902,17215.315096880662
2025-03-22,True,2149.526225481482,2524.3254297407407,1200.0,32470.851419000002,12830.867195817502,0.0,0,0.0,12830.867195817502,12911.439603074075
2025-03-23,True,2524.3254297407407,1746.3842365185174,1200.0,69403.431633,42322.2535300874,0.0,0,0.0,42322.2535300874,7359.312667613171
2025-03-24,True,1746.3842365185174,2037.8940954814839,1200.0,69768.87976000001,42499.390700779,0.0,0,0.0,42499.390700779,7334.204164362139
2025-03-25,True,2037.8940954814839,1251.4828440000001,1200.0,65291.804149999996,39662.901216791004,254.6810056333368,5,1226.7358755993084,40889.637092390316,1178.2445543209903
2025-03-26,True,1251.4828440000001,1898.9450942962987,1200.0,69756.424084,41973.9211976784,0.0,0,0.0,41973.9211976784,9644.724834074079
2025-03-27,True,1898.9450942962987,2041.9422057037075,1200.0,68938.14663,41804.381753051,0.0,0,0.0,41804.381753051,6049.632780576141
2025-03-28,True,2041.9422057037075,2400.643797259258,1200.0,31648.370221200003,12514.265947541358,0.0,0,0.0,12514.265947541358,17132.56376115885
2025-03-29,True,2400.643797259258,2229.2343465555605,1200.0,30662.118347,12330.8412720036,0.0,0,0.0,12330.8412720036,20373.72676525926
2025-03-30,True,2229.2343465555605,2026.8003319629647,1200.0,66303.58045000001,39537.153668374,0.0,0,0.0,39537.153668374,7179.587208148161
2025-03-31,True,2026.8003319629647,2288.9424301111126,1200.0,66443.037892,40114.6593924974,0.0,0,0.0,40114.6593924974,5524.503319382725
2025-04-01,True,2288.9424301111126,1351.3268032222227,1200.0,61422.100916999996,37639.0302686073,1421.8391717966665,3,9296.183388504596,46935.21365711189,49.97631666666723
2025-04-02,True,1351.3268032222227,1763.46366266667,1200.0,65623.87602,39559.701253252,973.51053,8,5171.467118261668,44731.16837151367,1500.6830450205819
2025-04-03,True,1763.46366266667,1959.6601437037039,1200.0,67824.61998,41027.285689091004,0.0,0,0.0,41027.285689091004,7444.830371193419
2025-04-04,True,1959.6601437037039,2639.739417000001,1200.0,31129.242757,12534.4063560674,0.0,0,0.0,12534.4063560674,21333.025921855966
2025-04-05,True,2639.739417000001,2001.9278459259258,1200.0,29183.888097000003,11775.059982090801,0.0,0,0.0,11775.059982090801,15245.11334588889
2025-04-06,True,2001.9278459259258,2026.4544509629636,1200.0,66493.10054,40251.087489772995,0.0,0,0.0,40251.087489772995,8354.431756213997
2025-04-07,True,2026.4544509629636,2042.5658007037064,1200.0,66351.62324480001,39453.7471510832,0.0,0,0.0,39453.7471510832,9239.177271384367
2025-04-08,True,2042.5658007037064,1282.7662181481492,1200.0,62006.307570000004,36461.698262428,420.784399766667,2,2855.2604993205355,39316.95876174854,4837.787550000006
2025-04-09,True,1282.7662181481492,1519.3062336666671,1200.0,64463.372,38177.736200001,0.0,0,0.0,38177.736200001,907.7622463786116
2025-04-10,True,1519.3062336666671,2125.985240000002,1200.0,65660.48655,39028.127047033006,0.0,0,0.0,39028.127047033006,6417.433149135808
2025-04-11,True,2125.985240000002,2186.5930692592583,1200.0,29752.068580000003,11631.5425072673,0.0,0,0.0,11631.5425072673,21184.6976369177
2025-04-12,True,2186.5930692592583,2373.8979953703706,1200.0,29777.471609,11144.3396272434,0.0,0,0.0,11144.3396272434,17524.02753641975
2025-04-13,True,2373.8979953703706,2048.6337880370384,1200.0,63384.655402000004,38093.5121645234,0.0,0,0.0,38093.5121645234,5502.023213950616
2025-04-14,True,2048.6337880370384,1932.4690164444464,1200.0,63703.383905,37533.946600327,0.0,0,0.0,37533.946600327,7450.650431872433
2025-04-15,True,1932.4690164444464,1636.4671020370347,1200.0,61187.248018,35478.9579194138,0.0,0,0.0,35478.9579194138,7513.452786296304
2025-04-16,True,1636.4671020370347,1511.9341988518547,1200.0,62441.841536,37262.4341037618,0.0,0,0.0,37262.4341037618,3085.7671979753127
2025-04-17,True,1511.9341988518547,2160.4577942592623,1200.0,63406.22797,37395.029849198,0.0,0,0.0,37395.029849198,5923.028984814821
2025-04-18,True,2160.4577942592623,2543.6425600370376,1200.0,29279.074335999998,11467.7761014014,0.0,0,0.0,11467.7761014014,19582.958776411528
2025-04-19,True,2543.6425600370376,2356.7913459629617,1200.0,27824.386743000003,10978.713007375201,0.0,0,0.0,10978.713007375201,18640.205973823042
2025-04-20,True,2356.7913459629617,2237.2231744444452,1200.0,61563.364818,36325.990751809,0.0,0,0.0,36325.990751809,6017.873642814815
2025-04-21,True,2237.2231744444452,1749.3524243333347,1200.0,61374.104544999995,35766.090107129494,0.0,0,0.0,35766.090107129494,9746.493119588491
2025-04-22,True,1749.3524243333347,1627.144383703703,1200.0,58455.300099,34326.0477716889,0.0,0,0.0,34326.0477716889,2696.4316792222376
2025-04-23,True,1627.144383703703,1716.090062925927,1200.0,60344.050993000004,35647.736489031,0.0,0,0.0,35647.736489031,5127.934306197534
2025-04-24,True,1716.090062925927,2019.7306951111113,1200.0,61919.37295999999,36406.439909771,0.0,0,0.0,36406.439909771,10622.458947983541
2025-04-25,True,2019.7306951111113,2163.924123481483,1200.0,28156.305800000002,10545.806470424199,0.0,0,0.0,10545.806470424199,22943.242726707816
2025-04-26,True,2163.924123481483,1987.519709777781,1200.0,27725.172154,10243.198558105,0.0,0,0.0,10243.198558105,24823.316030810704
2025-04-27,True,1987.519709777781,1795.6740210370356,1200.0,58058.402576,33610.7785997896,0.0,0,0.0,33610.7785997896,5930.159427514408
2025-04-28,True,1795.6740210370356,1585.6560120000006,1200.0,57814.952155,34584.05834277101,2488.656320466664,6,16093.653646910283,50677.711989681295,731.5081846913602
2025-04-29,True,1585.6560120000006,1608.0036210370374,1200.0,56965.8494576,32715.961817874722,874.9358520999969,2,5755.831486624096,38471.79330449882,6774.86556460906
2025-04-30,True,1608.0036210370374,1480.3579973703713,1200.0,57643.205342999994,33294.961107633295,0.0,0,0.0,33294.961107633295,6077.521735921815
2025-05-01,True,1480.3579973703713,1218.7573200000002,1200.0,58445.02708500001,35021.37082032779,1930.2649476666652,22,9747.052120773875,44768.42294110167,5763.779812736635
2025-05-02,True,1218.7573200000002,1261.7625842222224,1200.0,29899.720674,12281.4103520738,370.8385540999988,4,2000.9449607333434,14282.355312807143,12633.309342185185
2025-05-03,True,1261.7625842222224,1268.7538356666669,1200.0,29109.737715299998,11791.93769483047,346.43208333333155,7,1522.478031406658,13314.415726237128,17792.036878057614
2025-05-04,True,1268.7538356666669,1214.3284992222223,1200.0,61986.946670000005,37578.374012718,687.6335507999985,14,3632.7556425345415,41211.12965525254,7570.30154366255
2025-05-05,True,1214.3284992222223,2148.057722555558,1200.0,65103.804110000005,39695.81677569299,0.0,0,0.0,39695.81677569299,5017.656366255151
2025-05-06,True,2148.057722555558,1625.9045470370372,1200.0,61300.083873,37849.8364853048,0.0,0,0.0,37849.8364853048,5113.218767032926
2025-05-07,True,1625.9045470370372,1643.9665261481503,1200.0,62732.28268999999,38691.281657944,0.0,0,0.0,38691.281657944,3863.7750864609034
2025-05-08,True,1643.9665261481503,2560.781627851853,1200.0,65161.13799559999,40464.05189740698,82.43748333333338,2,572.7872274833337,41036.83912489031,4614.134598683131
2025-05-09,True,2560.781627851853,3645.8159140740754,1200.0,31166.894082499995,13841.525343764799,0.0,0,0.0,13841.525343764799,18871.65197797325
2025-05-10,True,3645.8159140740754,2599.33769051852,1200.0,29288.830390900002,12903.942259085608,0.0,0,0.0,12903.942259085608,15552.165397596707
2025-05-11,True,2599.33769051852,1775.9949738185205,1200.0,64100.58740197,39442.7772091432,53.16201666666677,3,357.5388278916674,39800.31603703486,5838.739964925936
2025-05-12,True,1775.9949738185205,2361.5234563333365,1200.0,65386.825637,40211.623936944605,0.0,0,0.0,40211.623936944605,9540.787855728402
2025-05-13,True,2361.5234563333365,1383.792442666667,1200.0,61229.589415999995,36642.6808595974,259.3007371666665,6,1576.2929270660156,38218.97378666342,5632.578494477378
2025-05-14,True,1383.792442666667,1649.63428851852,1200.0,63330.366484,38041.801060676,0.0,0,0.0,38041.801060676,6604.828991687247
2025-05-15,True,1649.63428851852,2236.9352564444453,1200.0,64435.08842,39094.41840106099,0.0,0,0.0,39094.41840106099,7275.225276337451
2025-05-16,True,2236.9352564444453,2127.9119160740743,1200.0,29028.128446299997,12242.69796290156,0.0,0,0.0,12242.69796290156,23684.926991649794
2025-05-17,True,2127.9119160740743,1973.7068764074095,1200.0,28754.58887462,12117.195550860024,0.0,0,0.0,12117.195550860024,15983.734702558271
2025-05-18,True,1973.7068764074095,2231.391658111113,1200.0,62494.84448,38078.42490989,5.236666666666679,1,34.42846500000008,38112.85337489,4987.997700370377
2025-05-19,True,2231.391658111113,1736.006841333333,1200.0,62034.836630000005,36909.069664734,79.23650000000009,2,550.829460833334,37459.89912556733,11585.125134362146
2025-05-20,True,1736.006841333333,1273.9873980000011,1200.0,59430.310698,35761.1980709972,13.74297816666774,1,91.8855520223405,35853.083623019535,1938.672177736623
2025-05-21,True,1273.9873980000011,1344.8015098148178,1200.0,61360.059407,36973.826669878996,0.0,0,0.0,36973.826669878996,6427.933337407412
2025-05-22,True,1344.8015098148178,2318.46633251852,1200.0,61730.812159999994,37234.650500668,2.57000000000005,1,16.86434000000033,37251.514840668,6388.474263662554
2025-05-23,True,2318.46633251852,2569.3363881481505,1200.0,28801.253445999995,11928.549649265,0.0,0,0.0,11928.549649265,19195.016462790125
2025-05-24,True,2569.3363881481505,2441.986809333334,1200.0,28045.090262,12197.885364138298,0.0,0,0.0,12197.885364138298,22090.10032533334
2025-05-25,True,2441.986809333334,1914.9942994444466,1200.0,60552.868740000005,36408.089537162,12.048766666666666,1,78.16034936666667,36486.24988652867,8996.763522798357
2025-05-26,True,1914.9942994444466,2088.0404325555583,1200.0,60053.213939999994,36269.39618973099,0.0,0,0.0,36269.39618973099,1718.9345864609074
2025-05-27,True,2088.0404325555583,1278.5405743333342,1200.0,58111.71513,34695.174621152,42.2154399999979,2,281.25559181331937,34976.43021296532,5792.710021275723
2025-05-28,True,1278.5405743333342,1647.9672223333378,1200.0,59240.598368,35622.749718482795,0.0,0,0.0,35622.749718482795,3080.2357189053546
2025-05-29,True,1647.9672223333378,1860.291559185189,1200.0,60252.810574,36536.04727600221,17.817433333333497,1,119.80442173333444,36655.85169773555,2090.1052295061872
2025-05-30,True,1860.291559185189,2669.252199111112,1200.0,29292.341290999997,12416.571896859099,0.0,0,0.0,12416.571896859099,18921.566229259268
2025-05-31,True,2669.252199111112,2415.1005214814786,1200.0,28676.9694541,11324.41212010695,0.0,0,0.0,11324.41212010695,17322.11779099712
2025-06-01,True,2415.1005214814786,1200.0,1200.0,60983.55677,40537.389604735,11589.632877566666,42,73747.73341299908,114285.12301773408,97.7956333333342
2025-06-02,True,1200.0,1200.0,1200.0,69433.4695102,45401.62397347766,4701.593893166664,30,29731.502083765226,75133.12605724289,1680.432939711938
2025-06-03,True,1200.0,1200.0,1200.0,69380.32726700002,45243.847441629885,3205.0743428999976,29,20727.073409328208,65970.9208509581,370.1114433333346
2025-06-04,True,1200.0,1288.355916,1200.0,74501.33398200001,49404.4783145847,221.89438873332543,11,950.4040332633003,50354.882347848004,635.6515257201642
2025-06-05,True,1288.355916,1566.9518294444456,1200.0,76887.019165,51885.5184262564,157.15760543333136,5,1089.9729280488864,52975.49135430528,1171.606143748977
2025-06-06,True,1566.9518294444456,1200.0,1200.0,32441.3977246,15597.862439627439,3709.701779566664,24,18939.405469457975,34537.267909085414,2918.981774897119
2025-06-07,True,1200.0,1524.1790792962968,1200.0,35611.520843000006,17502.659379896897,138.98329913333208,1,889.2151478550587,18391.874527751956,1640.9722276913549
2025-06-08,True,1524.1790792962968,2443.9229996666672,1200.0,83475.058556,56205.64772532701,0.0,0,0.0,56205.64772532701,14260.032379769556
2025-06-09,True,2443.9229996666672,1765.949463481483,1200.0,80704.00487,55398.92012534049,102.4224403333335,5,720.7662005176678,56119.68632585816,6742.551048670784
2025-06-10,True,1765.949463481483,1412.1817607037044,1200.0,80282.354081,54134.9871706646,38.749385000000075,4,268.7305774920005,54403.7177481566,4885.800224226338
2025-06-11,True,1412.1817607037044,1537.5890225555556,1200.0,79903.949602,53533.187766806,2657.2144774933286,10,17543.436581978858,71076.62434878486,2162.7907839506197
2025-06-12,True,1537.5890225555556,2234.1282837037047,1200.0,83840.599567,57263.49046714499,0.0,0,0.0,57263.49046714499,6310.153396543215
2025-06-13,True,2234.1282837037047,3535.104142555555,1200.0,39769.667004,20365.3253463336,0.0,0,0.0,20365.3253463336,7347.3505200082345
2025-06-14,True,3535.104142555555,2418.3680901111106,1200.0,36517.902031000005,18789.1975160025,0.0,0,0.0,18789.1975160025,8458.164280876548
2025-06-15,True,2418.3680901111106,2408.576672481483,1200.0,82243.34052999999,56241.2495822913,5.7631573333334245,2,39.0602249706673,56280.30980726196,8038.5064780370385
2025-06-16,True,2408.576672481483,2066.5628350740744,1200.0,82487.119076,56937.4162817154,20.386623333333432,2,137.64956655416736,57075.065848269565,6190.200819353919
2025-06-17,True,2066.5628350740744,1247.0000160000002,1200.0,81561.19674330001,55443.85872791618,653.1986785333314,4,4434.934956973723,59878.793684889904,4078.618461399178
2025-06-18,True,1247.0000160000002,2090.6963196666666,1200.0,82714.89356,56556.762055637,0.0,0,0.0,56556.762055637,7345.4658703251125
2025-06-19,True,2090.6963196666666,2128.9586091851875,1200.0,82135.45525,55627.4179681629,105.46205533333364,3,731.6727351510023,56359.09070331391,10142.597783744863
2025-06-20,True,2128.9586091851875,2276.5519724444453,1200.0,35969.620179000005,17949.6474416903,0.0,0,0.0,17949.6474416903,10433.467002004121
2025-06-21,True,2276.5519724444453,2607.509558185184,1200.0,35485.508292000006,17485.6614409852,0.0,0,0.0,17485.6614409852,13109.848064633747
2025-06-22,True,2607.509558185184,2139.5698164444448,1200.0,80740.198357,54428.0499348351,0.0,0,0.0,54428.0499348351,9741.778669728395
2025-06-23,True,2139.5698164444448,1822.1827810000025,1200.0,79707.85849500001,53235.7123547298,0.0,0,0.0,53235.7123547298,9220.911388469145
2025-06-24,True,1822.1827810000025,1509.664556518519,1200.0,77452.317184,53111.17186029129,3057.750117929999,11,21112.39534134626,74223.56720163755,522.4883668312821
2025-06-25,True,1509.664556518519,2026.1275945925945,1200.0,78037.8247304,52313.36350370514,7.251236333333509,2,50.410921610167875,52363.774425315314,3097.264951279843
2025-06-26,True,2026.1275945925945,1837.1681841111115,1200.0,79459.565176,52528.1386279557,70.63461600000005,3,496.0659061068337,53024.204534062534,8006.546789213998
2025-06-27,True,1837.1681841111115,2402.305284740742,1200.0,34489.873573699995,16724.40921370723,13.98161393333281,2,27.464032000432297,16751.873245707662,11384.5305172428
2025-06-28,True,2402.305284740742,2244.8289008888896,1200.0,33857.8599553,16457.58248786493,0.0,0,0.0,16457.58248786493,9630.744229806174
2025-06-29,True,2244.8289008888896,2294.499561333337,1200.0,79616.710781,54055.389013329,0.0,0,0.0,54055.389013329,6645.254963004117
2025-06-30,True,2294.499561333337,2055.664860666668,1200.0,79542.44615599999,53325.0913235609,28.091370666666762,3,198.26508514516735,53523.356408706066,6343.98166415639
2025-07-01,True,2055.664860666668,1200.0,1200.0,78608.58569899999,56748.092172413104,5016.115534033331,35,31298.03897831878,88046.13115073188,1418.870169596708
2025-07-02,True,1200.0,1613.053907370372,1200.0,88994.102631,65028.19648164981,474.2362281666657,12,2327.768698984247,67355.96518063406,12798.545041123456
2025-07-03,True,1613.053907370372,1962.7868963333353,1200.0,92995.26600999999,70199.02540982899,9.36609999999996,1,83.99518479999965,70283.020594629,9055.871851028807
2025-07-04,True,1962.7868963333353,1200.0,1200.0,38044.719121999995,21584.224434710002,3151.3715126999964,25,11032.029615928088,32616.25405063809,10158.845732123455
2025-07-05,True,1200.0,1200.0,1200.0,43003.137728,23799.5313974064,457.5017559333357,9,2284.197518967686,26083.728916374086,11801.81243820576
2025-07-06,True,1200.0,1585.642754814816,1200.0,88434.46045099999,66089.39851095289,654.9776971533263,1,5806.7047741128135,71896.1032850657,4861.258669465022
2025-07-07,True,1585.642754814816,2178.4395920000024,1200.0,91058.56056299999,67120.1434061532,0.0,0,0.0,67120.1434061532,13772.044468473257
2025-07-08,True,2178.4395920000024,2450.49488614815,1200.0,88250.92584540001,65497.59773199269,0.0,0,0.0,65497.59773199269,8541.329052190125
2025-07-09,True,2450.49488614815,2273.162282111113,1200.0,85904.2055854,63663.32367550214,12.91563333333329,1,112.46933506666629,63775.79301056881,8418.536538733337
2025-07-10,True,2273.162282111113,1761.758133370373,1200.0,85859.110688,63472.323734844394,52.8045033333334,3,448.5802131000006,63920.903947944396,9719.572179481484
2025-07-11,True,1761.758133370373,2407.065560666669,1200.0,49293.474514500005,27830.22930020815,0.0,0,0.0,27830.22930020815,13517.5317071749
2025-07-12,True,2407.065560666669,1751.0310611851878,1200.0,44147.201036,25171.115448171302,0.0,0,0.0,25171.115448171302,10957.775335798357
2025-07-13,True,1751.0310611851878,2323.2355632222234,1200.0,86500.288165,62141.4782291068,33.013400000000274,2,273.3692915450023,62414.8475206518,13160.401150843627
2025-07-14,True,2323.2355632222234,2094.073681962965,1200.0,85110.97167,61815.208658541,17.389950000000226,2,148.14405816833525,61963.352716709334,9833.742710370376
2025-07-15,True,2094.073681962965,2442.8059410740752,1200.0,84371.07655999999,61446.805900759,0.0,0,0.0,61446.805900759,7350.138687736629
2025-07-16,True,2442.8059410740752,1848.0725508518542,1200.0,82219.446299,60772.461045261305,83.67440333333343,3,701.6597817316674,61474.12082699297,7261.0460244321075
2025-07-17,True,1848.0725508518542,1695.636530555557,1200.0,83849.97373,61093.116216678,22.67840000000035,3,192.2983327566696,61285.41454943467,7033.975044855975
2025-07-18,True,1695.636530555557,1958.358640592594,1200.0,44108.242763999995,24803.3370744527,0.0,0,0.0,24803.3370744527,10051.983659226342
2025-07-19,True,1958.358640592594,1941.518826185185,1200.0,43596.071540499994,24493.068793993298,0.0,0,0.0,24493.068793993298,13773.985125829222
2025-07-20,True,1941.518826185185,2265.9295535185174,1200.0,82603.29209,60352.156124443005,0.0,0,0.0,60352.156124443005,6522.320681399181
2025-07-21,True,2265.9295535185174,2461.881814296297,1200.0,83561.87861700001,62139.1097793494,0.0,0,0.0,62139.1097793494,5684.913680251032
2025-07-22,True,2461.881814296297,1696.6400095925953,1200.0,81065.97898,58751.865290967,88.33057999999994,5,739.8701502566662,59491.73544122367,4032.576179835392
2025-07-23,True,1696.6400095925953,2042.5991246666683,1200.0,83770.64916,60988.560344618,0.13492333333340412,1,1.1544715016672722,60989.71481611967,5185.219715925931
2025-07-24,True,2042.5991246666683,2360.492906962963,1200.0,84664.567487,62229.402789626205,0.0,0,0.0,62229.402789626205,6915.670373456806
2025-07-25,True,2360.492906962963,2179.956914111112,1200.0,42548.407653,23896.366479869495,0.0,0,0.0,23896.366479869495,13426.0148466214
2025-07-26,True,2179.956914111112,1926.5462121481505,1200.0,43230.206861,24155.1294429204,0.0,0,0.0,24155.1294429204,11711.037555386829
2025-07-27,True,1926.5462121481505,2411.679139185185,1200.0,84142.993969,61450.8639851066,0.0,0,0.0,61450.8639851066,5766.957264773672
2025-07-28,True,2411.679139185185,1816.2926418888921,1200.0,83863.320642,61504.3357723786,0.0,0,0.0,61504.3357723786,2201.5570249218167
2025-07-29,True,1816.2926418888921,2181.802996962966,1200.0,84086.86765,61359.930216105,51.38587000000018,3,446.4116223866682,61806.341838491666,3690.3425371605067
2025-07-30,True,2181.802996962966,2292.261336444446,1200.0,84103.116481,62284.6596890786,0.0,0,0.0,62284.6596890786,6119.026926144041
2025-07-31,True,2292.261336444446,1833.7611397407438,1200.0,85079.9967668,62116.63786073215,11.54515333333336,2,95.99725501000023,62212.63511574215,6848.605623548979
2025-08-01,True,1833.7611397407438,1990.2179568148144,1200.0,42850.258897499996,23952.42074935835,0.0,0,0.0,23952.42074935835,18515.012060467085
2025-08-02,True,1990.2179568148144,2355.113857111113,1200.0,42590.7807991,23659.44596633836,0.0,0,0.0,23659.44596633836,18751.067736441564
2025-08-03,True,2355.113857111113,1492.4433130370385,1200.0,82863.4810709,58189.31154916639,127.46248000000037,6,1065.1504039466697,59254.46195311306,17371.836899341568
2025-08-04,True,1492.4433130370385,2350.834318518518,1200.0,82385.51548200002,58439.4366887648,0.0,0,0.0,58439.4366887648,12717.10332942388
2025-08-05,True,2350.834318518518,2100.230187925927,1200.0,78754.76628,56338.611876975,1.3013200000000325,1,10.590142160000264,56349.202019135,10340.993998930044
2025-08-06,True,2100.230187925927,1486.817504148149,1200.0,76284.96173000001,55425.856448027,165.4086256000033,3,1395.283256454746,56821.13970448174,5365.322156831284
2025-08-07,True,1486.817504148149,1902.4208012962963,1200.0,76720.88062,54878.799057924996,47.07831333333331,3,400.0144262966665,55278.81348422166,9017.817224526749
2025-08-08,True,1902.4208012962963,2363.8375783333363,1200.0,41875.860915,22916.3418489791,0.0,0,0.0,22916.3418489791,22764.787644958848
2025-08-09,True,2363.8375783333363,2058.6965066296307,1200.0,40481.465240000005,22470.7274108583,0.0,0,0.0,22470.7274108583,19033.66232251029
2025-08-10,True,2058.6965066296307,2307.150885555558,1200.0,75203.5341,55239.91730655199,10.612690000000043,1,92.98308343500038,55332.90038998699,6283.146335843623
2025-08-11,True,2307.150885555558,1867.5094353333343,1200.0,75212.85684,53252.70508170601,101.57098603333068,4,488.2767315221252,53740.981813228136,7182.366413539098
2025-08-12,True,1867.5094353333343,1789.4822941851855,1200.0,73818.95052000001,53777.751573587,299.60797443333536,5,2508.2216152363335,56285.97318882333,2887.375588395067
2025-08-13,True,1789.4822941851855,2245.027946333333,1200.0,74307.97034,53774.973806732996,11.395173333333332,1,98.72208417333331,53873.69589090633,4235.0463004526755
2025-08-14,True,2245.027946333333,1841.0451426666693,1200.0,74879.78213,54067.575435768,51.92495666666662,2,445.13976656666625,54512.715202334664,5274.777663580252
2025-08-15,True,1841.0451426666693,1944.76707862963,1200.0,40641.581089,22804.4975552237,0.0,0,0.0,22804.4975552237,20720.78066887243
2025-08-16,True,1944.76707862963,1966.957943518518,1200.0,41045.970709,22707.713398104,19.79054923333274,1,49.001399901731865,22756.71479800573,21167.431556695476
2025-08-17,True,1966.957943518518,2190.3604017407415,1200.0,75325.10192,53975.33081806899,75.09001999999998,3,625.9073471033332,54601.238165172326,8477.049836543209
2025-08-18,True,2190.3604017407415,2149.58599862963,1200.0,74774.89285,54167.337997261,85.03032333333374,4,721.5329087966701,54888.870906057666,6624.0393819753135
2025-08-19,True,2149.58599862963,1867.4910825925922,1200.0,73520.00766,53467.850653748,136.03337,4,1157.570215598333,54625.42086934633,6093.581010493829
2025-08-20,True,1867.4910825925922,1583.4805794814815,1200.0,73100.09154,53580.081077723,1999.554242799993,9,15192.27083216266,68772.35190988566,1039.1778697119335
2025-08-21,True,1583.4805794814815,2016.1450307777775,1200.0,75096.54437,54338.04133642901,4.895746666666582,1,40.152466286665984,54378.19380271567,5155.891516131689
2025-08-22,True,2016.1450307777775,1653.9073541111122,1200.0,41072.846126,23112.2818234084,0.0,0,0.0,23112.2818234084,17433.574199382718
2025-08-23,True,1653.9073541111122,2006.1734911111118,1200.0,41524.988493,22933.552220355603,0.0,0,0.0,22933.552220355603,16240.429010753087
2025-08-24,True,2006.1734911111118,2187.978003074077,1200.0,76240.88446,54943.055098111,0.0,0,0.0,54943.055098111,8623.734932263375
2025-08-25,True,2187.978003074077,1857.822558111115,1200.0,76673.43028,55656.37263815,1.4399033333334046,1,12.072149546667264,55668.444787696666,2352.8584999588556
2025-08-26,True,1857.822558111115,2214.3122171851855,1200.0,76430.33942999999,54220.631743046004,13.598273333333509,2,114.82869303166815,54335.46043607767,6715.642856831289
2025-08-27,True,2214.3122171851855,1657.523175259266,1200.0,75569.451394,53858.0204755856,12.062227333333453,2,97.67420521366763,53955.69468079927,4089.0155843209895
2025-08-28,True,1657.523175259266,1876.233252925928,1200.0,76877.501685,55439.626671572,40.76988333333327,3,341.25654588499947,55780.883217457,1765.4543334362259
2025-08-29,True,1876.233252925928,2276.3998495925953,1200.0,42623.212891,23803.12265628,0.0,0,0.0,23803.12265628,16740.067356267493
2025-08-30,True,2276.3998495925953,1732.6594027777808,1200.0,41732.543766,23081.2893005546,0.0,0,0.0,23081.2893005546,20946.914393901236
2025-08-31,True,1732.6594027777808,2393.9571011851867,1200.0,78569.76881000001,55914.431252678005,12.62863666666658,1,107.55809848999925,56021.989351168006,7348.626918559683
2025-09-01,True,2393.9571011851867,6388.127386481483,1200.0,78062.462068,50174.554983044596,0.0,0,0.0,50174.554983044596,16994.969034691363
2025-09-02,True,6388.127386481483,2969.1837528518545,1200.0,61077.442783,39220.3624003285,0.0,0,0.0,39220.3624003285,6918.339853242805
2025-09-03,True,2969.1837528518545,1703.0636567407394,1200.0,63814.3417056,40779.97531284804,15.000043733333428,2,102.06599245148396,40882.04130529952,5758.183560617292
2025-09-04,True,1703.0636567407394,1846.7590888888897,1200.0,64756.42229125001,40478.81823523942,71.07121891666986,2,494.68017991764725,40973.49841515707,6661.083121728398
2025-09-05,True,1846.7590888888897,5303.990714666664,1200.0,40347.098297,19481.3278185386,0.0,0,0.0,19481.3278185386,27124.99475403704
2025-09-06,True,5303.990714666664,3564.9858320370404,1200.0,31742.903656,15085.492431210203,0.0,0,0.0,15085.492431210203,23055.374048427977
2025-09-07,True,3564.9858320370404,2490.3250967963013,1200.0,62575.12223685,39553.611841723716,10.860564066666711,1,73.2273532195003,39626.83919494322,4723.670217995892
2025-09-08,True,2490.3250967963013,1200.0,1200.0,60194.539009,37908.757763974994,2340.8547981166616,15,13920.722007697072,51829.479771672064,480.4996600000022
2025-09-09,True,1200.0,1483.547854111112,1200.0,63311.882159999994,39562.726944956,532.0449785000033,7,3316.6405240011904,42879.367468957185,6341.317950000007
2025-09-10,True,1483.547854111112,1366.1413781481485,1200.0,62747.556497,39946.7072414733,3100.4652169666624,16,19195.419069996206,59142.1263114695,712.4375099176964
2025-09-11,True,1366.1413781481485,1978.327936555555,1200.0,66902.34505050001,41835.796547171434,6.071666666666715,1,40.549625833333664,41876.34617300477,8592.71334425515
2025-09-12,True,1978.327936555555,1967.5752599259267,1200.0,33540.079117,14847.6040859516,0.0,0,0.0,14847.6040859516,18706.47640960905
2025-09-13,True,1967.5752599259267,1981.726074444444,1200.0,32484.479968000003,14445.7877026306,0.0,0,0.0,14445.7877026306,21414.105165061734
2025-09-14,True,1981.726074444444,1538.368357037038,1200.0,65986.91443,42366.161193046995,3.5550000000000637,1,23.455890000000423,42389.61708304699,2409.5643223045377
2025-09-15,True,1538.368357037038,2237.7146464074112,1200.0,68585.9431123,43535.00236622061,1.1717666666667128,1,7.876615533333644,43542.878981753944,8662.618747942386
2025-09-16,True,2237.7146464074112,1559.952021148148,1200.0,65221.41806,42083.984018052,13.092750000000137,2,88.18761655000094,42172.171634602,2521.062630781902
2025-09-17,True,1559.952021148148,1455.113189592595,1200.0,66558.50169,42220.90096668,7.62916666666672,1,38.19542291666694,42259.09638959666,2610.4748720987714
2025-09-18,True,1455.113189592595,1797.7292240148156,1200.0,68416.18730508,43090.371208569224,19.190433333333317,2,129.40313166666655,43219.77434023589,4799.349382181077
2025-09-19,True,1797.7292240148156,2685.4192380740747,1200.0,34921.3102238,15835.931436319199,0.0,0,0.0,15835.931436319199,14806.875878123457
2025-09-20,True,2685.4192380740747,2230.1473510370383,1200.0,32848.729085,14420.9735658667,0.0,0,0.0,14420.9735658667,14472.915254502062
2025-09-21,True,2230.1473510370383,2160.80745977778,1200.0,70485.47827719999,45565.91878037319,8.44500000000005,1,58.02559500000035,45623.94437537319,8470.413818065856
2025-09-22,True,2160.80745977778,2120.2323493703716,1200.0,69826.2145082,45681.23707757704,0.0,0,0.0,45681.23707757704,5499.148388189305
2025-09-23,True,2120.2323493703716,1765.624040814815,1200.0,69785.109485,44711.3119249415,42.99469793333135,4,232.48509641152387,44943.79702135303,4043.9640396296313
2025-09-24,True,1765.624040814815,2028.7056550000011,1200.0,69372.06580000001,44298.34837687,0.0,0,0.0,44298.34837687,4057.6267449382744
2025-09-25,True,2028.7056550000011,1825.5276190370382,1200.0,71428.2931334,45974.59665915643,31.88636666666673,2,217.35929008333375,46191.95594923976,7132.1923775720215
2025-09-26,True,1825.5276190370382,2447.648500777782,1200.0,35545.955294,15716.4452008774,0.0,0,0.0,15716.4452008774,14129.934767374489
2025-09-27,True,2447.648500777782,1604.5270171111124,1200.0,33554.050375,15246.850428819598,0.0,0,0.0,15246.850428819598,13582.710898962963
2025-09-28,True,1604.5270171111124,2517.4369965925944,1200.0,72611.50767420001,47333.07279072716,5.868333333333339,1,40.07191416666671,47373.14470489382,4182.175077201657
2025-09-29,True,2517.4369965925944,1896.1658867037036,1200.0,72539.503160967,47062.43814371881,25.997415699666703,2,142.76448317259542,47205.202626891405,6339.080600123467
2025-09-30,True,1896.1658867037036,1956.9040202185213,1200.0,72791.12285923,46739.12397392449,31.411150000000134,1,209.13543670000087,46948.259410624494,2501.743532592594
2025-10-01,True,1956.9040202185213,3874.238989074076,1200.0,71659.078062,43672.673887153396,0.0,0,0.0,43672.673887153396,16193.748923131692
2025-10-02,True,3874.238989074076,2250.3377645185205,1200.0,66908.75766999999,40942.5950008335,0.0,0,0.0,40942.5950008335,13091.763377078194
2025-10-03,True,2250.3377645185205,3858.382509407409,1200.0,34329.504455,14193.306661797,0.0,0,0.0,14193.306661797,21547.160689238684
2025-10-04,True,3858.382509407409,2376.2822192962963,1200.0,30528.033045,12668.498331886502,0.0,0,0.0,12668.498331886502,15872.158899650207
2025-10-05,True,2376.2822192962963,2362.278442518519,1200.0,67759.50063580001,41775.83727253872,0.0,0,0.0,41775.83727253872,9257.443203168732
2025-10-06,True,2362.278442518519,1604.2178196666662,1200.0,66400.79107870001,41563.03534506698,0.0,0,0.0,41563.03534506698,5411.557664115236
2025-10-07,True,1604.2178196666662,1782.3361962222239,1200.0,65581.55009,40176.017406158004,0.0,0,0.0,40176.017406158004,3494.270196008235
2025-10-08,True,1782.3361962222239,1454.0528040000004,1200.0,62351.76994,38265.843553856,353.645878799997,5,2249.3665760554145,40515.210129911415,2530.5403152263475
2025-10-09,True,1454.0528040000004,1496.502852259262,1200.0,66444.4059498,40904.12949958614,0.0,0,0.0,40904.12949958614,6397.7295268576145
2025-10-10,True,1496.502852259262,2239.7351401111127,1200.0,32957.012215,13441.162808054902,0.0,0,0.0,13441.162808054902,19648.052493275725
2025-10-11,True,2239.7351401111127,2045.338397185188,1200.0,32764.43421,13320.554240183,0.0,0,0.0,13320.554240183,15554.306090658443
2025-10-12,True,2045.338397185188,1259.0254735555557,1200.0,66741.1314187,40818.3185194018,195.47290163333344,2,1226.6464329783173,42044.96495238012,5295.343100099187
2025-10-13,True,1259.0254735555557,1980.1828740740743,1200.0,68966.8127951,42982.14304195553,0.0,0,0.0,42982.14304195553,7270.288460136215
2025-10-14,True,1980.1828740740743,1788.7715621111108,1200.0,67323.1963178,42111.44637562104,0.0,0,0.0,42111.44637562104,2612.8828974485664
2025-10-15,True,1788.7715621111108,1702.8057091966762,1200.0,67251.5565147,41828.84910541335,0.0,0,0.0,41828.84910541335,775.3513677366294
2025-10-16,True,1702.8057091966762,1611.1642882962965,1200.0,69581.58395239999,43919.003824569765,367.70404923333086,1,2425.559760767667,46344.56358533743,2609.8724292391125
2025-10-17,True,1611.1642882962965,2143.722866592594,1200.0,34494.396482,14307.3223474388,0.0,0,0.0,14307.3223474388,14418.967266938273
2025-10-18,True,2143.722866592594,2405.7283861111096,1200.0,33733.228008,13689.439733543399,0.0,0,0.0,13689.439733543399,14059.176531251032
2025-10-19,True,2405.7283861111096,1508.8576002222235,1200.0,71070.67354063,45192.88390825888,133.58655856666826,1,878.7991755308271,46071.68308378971,3894.048720613176
2025-10-20,True,1508.8576002222235,2016.398606185182,1200.0,73299.24112800001,46718.2586778184,137.36467329999988,3,716.0176839995328,47434.27636181793,4227.185498888894
2025-10-21,True,2016.398606185182,2102.452356222222,1200.0,72708.7291993,46922.55143252219,0.0,0,0.0,46922.55143252219,1980.3098848148159
2025-10-22,True,2102.452356222222,1883.246902962965,1200.0,72292.10209999999,46188.373310769,611.0598754999976,5,3206.5130966314864,49394.88640740048,3374.847983415646
2025-10-23,True,1883.246902962965,2265.28673188889,1200.0,74834.80587881,47406.712930626294,0.0,0,0.0,47406.712930626294,6625.484212560101
2025-10-24,True,2265.28673188889,2070.701904592592,1200.0,33944.166451,14494.597009393001,0.0,0,0.0,14494.597009393001,12513.614160794243
2025-10-25,True,2070.701904592592,1929.054150259263,1200.0,34373.177498,14530.025939338,0.0,0,0.0,14530.025939338,11978.069637423867
2025-10-26,True,1929.054150259263,2176.866325555556,1200.0,76125.9609288,49064.14935724175,0.0,0,0.0,49064.14935724175,7147.338945658445
2025-10-27,True,2176.866325555556,1970.887130666667,1200.0,75600.3514406,48461.9027755178,15.477485733333424,1,81.25680010000048,48543.15957561781,8246.06399522223
2025-10-28,True,1970.887130666667,2079.3283728518527,1200.0,74951.25393459998,48569.851619007444,0.0,0,0.0,48569.851619007444,4751.616194016466
2025-10-29,True,2079.3283728518527,1582.3391160000006,1200.0,73279.4722554219,47952.03498030506,552.7234069447632,1,3679.4797200312883,51631.51470033635,926.7103458847758
2025-10-30,True,1582.3391160000006,2078.9652472592625,1200.0,76466.4951425,50178.0267310051,0.0,0,0.0,50178.0267310051,6873.179801864206
2025-10-31,True,2078.9652472592625,2189.3835420000023,1200.0,35526.435817000005,15016.526380868301,0.0,0,0.0,15016.526380868301,8063.77083869548
2025-11-01,True,2189.3835420000023,2340.127284407413,1200.0,35184.6033125,14622.420503123998,0.0,0,0.0,14622.420503123998,9273.913462623463
2025-11-02,True,2340.127284407413,1664.8043913333363,1200.0,76826.9735347,50848.0257565007,0.0,0,0.0,50848.0257565007,4703.332942637871
2025-11-03,True,1664.8043913333363,2189.521098777779,1200.0,79106.2944021,52447.46466888666,0.0,0,0.0,52447.46466888666,4990.775251676961
2025-11-04,True,2189.521098777779,1746.4071742222236,1200.0,77981.312527,51299.2825016277,0.0,0,0.0,51299.2825016277,6999.954386008236
2025-11-05,True,1746.4071742222236,2073.471858333335,1200.0,77453.48423989999,51365.27093168904,0.0,0,0.0,51365.27093168904,3132.466609920174
2025-11-06,True,2073.471858333335,1873.3091142592598,1200.0,79025.6297659,53018.43821054499,291.9710014666627,4,1521.3779721498454,54539.816182694834,3793.915003806585
2025-11-07,True,1873.3091142592598,2297.086451333335,1200.0,36511.437733,15492.498912745099,0.0,0,0.0,15492.498912745099,9279.811619502063
2025-11-08,True,2297.086451333335,2205.732549444446,1200.0,35998.556513999996,15141.193599775199,0.0,0,0.0,15141.193599775199,8888.935359308645
2025-11-09,True,2205.732549444446,1980.6495987037074,1200.0,79998.220881,53745.78074747472,0.0,0,0.0,53745.78074747472,4785.89786153046
2025-11-10,True,1980.6495987037074,1858.6412704444474,1200.0,81218.0254446,55198.98006066082,0.0,0,0.0,55198.98006066082,2973.614235609065
2025-11-11,True,1858.6412704444474,2027.7881806296296,1200.0,80766.999869,54059.916873148,2.0516666666667334,1,10.46965500000034,54070.386528148,4938.4879935926
2025-11-12,True,2027.7881806296296,2126.315591629634,1200.0,80170.217261,54044.761513609104,11.773333333333426,1,60.579686666667136,54105.34120027577,5106.523705707823
2025-11-13,True,2126.315591629634,2043.675714925927,1200.0,81653.8203826,56225.980273867,0.0,0,0.0,56225.980273867,5303.804482045274
2025-11-14,True,2043.675714925927,2304.234672074079,1200.0,37159.248504999996,15873.8568488065,0.0,0,0.0,15873.8568488065,5881.684914629633
2025-11-15,True,2304.234672074079,2061.206009407407,1200.0,36564.608400619996,15665.419188294409,0.0,0,0.0,15665.419188294409,5013.997987574741
2025-11-16,True,2061.206009407407,1955.218892000001,1200.0,83586.4254445,57247.8683597566,2.7407333333334236,1,13.896888366667124,57261.765248123265,5073.424085946507
2025-11-17,True,1955.218892000001,2362.1602374814815,1200.0,84529.976349,57788.1150218158,0.0,0,0.0,57788.1150218158,7141.899060234573
2025-11-18,True,2362.1602374814815,2043.163947703705,1200.0,82218.86318362001,56613.11919912796,0.0,0,0.0,56613.11919912796,3606.590343979425
2025-11-19,True,2043.163947703705,1844.4567859259269,1200.0,83549.333205,58372.6635421103,0.0,0,0.0,58372.6635421103,4295.246461995887
2025-11-20,True,1844.4567859259269,2014.9551947407413,1200.0,84866.46718050001,58507.066351980306,0.0,0,0.0,58507.066351980306,5678.418331390958
2025-11-21,True,2014.9551947407413,2307.6129429259263,1200.0,38947.153501,16686.6137760993,0.0,0,0.0,16686.6137760993,6274.1650356378605
2025-11-22,True,2307.6129429259263,2040.0581583333353,1200.0,38567.861434,16377.4432871556,0.0,0,0.0,16377.4432871556,5082.964591530872
2025-11-23,True,2040.0581583333353,2033.7425449259288,1200.0,85552.67663,59525.4172143276,0.0,0,0.0,59525.4172143276,6249.506734650213
2025-11-24,True,2033.7425449259288,1746.1121871851872,1200.0,85832.9022061,59206.12397321888,18.83966666666663,1,99.5299589999998,59305.65393221888,7736.377375065853
2025-11-25,True,1746.1121871851872,1949.0478151481507,1200.0,85559.809449,58694.5864311639,0.0,0,0.0,58694.5864311639,4795.220626407412
2025-11-26,True,1949.0478151481507,2239.4778247777767,1200.0,86230.2571546,59995.36490371461,23.98673016666669,1,129.21651540783344,60124.58141912244,4700.51311026338
2025-11-27,True,2239.4778247777767,2096.173329333335,1200.0,85959.868879,60319.89670536051,0.0,0,0.0,60319.89670536051,6033.24922642387
2025-11-28,True,2096.173329333335,2311.216208888892,1200.0,40253.124557,16819.1250131325,0.0,0,0.0,16819.1250131325,5494.11756104116
2025-11-29,True,2311.216208888892,2044.729032666668,1200.0,40346.979089,16908.4943813097,0.0,0,0.0,16908.4943813097,2070.2387113580266
2025-11-30,True,2044.729032666668,1900.3655385185234,1200.0,87356.47548041,61579.1377770666,5.39054492333355,1,28.912187696299497,61608.0499647629,2920.6855389712046
2025-12-01,True,1900.3655385185234,1442.5922802962973,1200.0,88628.67567,65590.549804629,2756.075969666653,12,18296.391771284718,83886.94157591372,838.240373333335
2025-12-02,True,1442.5922802962973,1802.437096296299,1200.0,95546.131203,71595.7220726728,639.2218336666658,6,4418.106104242661,76013.82817691546,2226.2929827160583
2025-12-03,True,1802.437096296299,2076.681606703705,1200.0,96157.768916,72476.5170973898,0.0,0,0.0,72476.5170973898,4247.784550082316
2025-12-04,True,2076.681606703705,1882.6282808518536,1200.0,97169.7568501,72899.78797662052,44.22735323333336,1,312.9527514790669,73212.74072809958,5903.226330000011
2025-12-05,True,1882.6282808518536,2207.836039777782,1200.0,48623.00758,21769.890257413,121.38329543333009,2,589.4558143821671,22359.346071795168,2756.695652098768
2025-12-06,True,2207.836039777782,1905.3577771111109,1200.0,50299.606563999994,23221.0469312484,0.0,0,0.0,23221.0469312484,2934.0121779423976
2025-12-07,True,1905.3577771111109,1737.37887688889,1200.0,96959.2124034,73395.70718696236,8.700169666666739,1,62.80652482366718,73458.51371178603,5224.898678107003
2025-12-08,True,1737.37887688889,2328.2920986296313,1200.0,101851.782017,77281.08201363661,0.0,0,0.0,77281.08201363661,8927.874496419758
2025-12-09,True,2328.2920986296313,1883.631684148149,1200.0,99205.5433747,74532.54136168736,39.063573333333466,2,288.81031312000096,74821.35167480736,7643.954953251041
2025-12-10,True,1883.631684148149,1791.5105973333348,1200.0,97992.892426,74915.2687154109,0.0,0,0.0,74915.2687154109,5686.123168395067
2025-12-11,True,1791.5105973333348,1953.6838422962996,1200.0,98906.04341020001,73872.45307449723,0.0,0,0.0,73872.45307449723,8237.661010946511
2025-12-12,True,1953.6838422962996,2386.017620481483,1200.0,54391.518630000006,25465.258079184,0.0,0,0.0,25465.258079184,6620.640948806591
2025-12-13,True,2386.017620481483,2307.032966999999,1200.0,52692.40153,24773.426686926,0.0,0,0.0,24773.426686926,5382.498835802473
2025-12-14,True,2307.032966999999,1790.4000718518525,1200.0,99083.378888,75872.10576970321,0.0,0,0.0,75872.10576970321,6231.371345555561
2025-12-15,True,1790.4000718518525,1891.840577037037,1200.0,99912.4362853,76449.47605213244,0.0,0,0.0,76449.47605213244,5634.893687736635
2025-12-16,True,1891.840577037037,1821.9745355925957,1200.0,99843.2277398,76026.4836320434,0.0,0,0.0,76026.4836320434,5979.539304773675
2025-12-17,True,1821.9745355925957,1728.1277012222224,1200.0,99362.35758499999,75701.551297861,0.0,0,0.0,75701.551297861,6821.17021028808
2025-12-18,True,1728.1277012222224,1929.607090555557,1200.0,99973.88277,75535.7317032138,0.0,0,0.0,75535.7317032138,7874.942542469145
2025-12-19,True,1929.607090555557,1948.578001148147,1200.0,54260.269893000004,25133.999071715498,0.0,0,0.0,25133.999071715498,7341.420734732523
2025-12-20,True,1948.578001148147,2064.7701180000013,1200.0,53895.015944,24893.015841059598,0.0,0,0.0,24893.015841059598,6996.652459629633
2025-12-21,True,2064.7701180000013,2024.3156406296291,1200.0,99801.95449599999,76159.36799998919,0.0,0,0.0,76159.36799998919,6537.594046666672
2025-12-22,True,2024.3156406296291,1778.3289814074074,1200.0,99886.329653,76913.942572228,0.0,0,0.0,76913.942572228,6886.447412880666
2025-12-23,True,1778.3289814074074,1935.7285012962993,1200.0,100150.312684,76209.0492290913,0.0,0,0.0,76209.0492290913,8309.758674855977
2025-12-24,True,1935.7285012962993,1667.726124962965,1200.0,98449.97261990001,74475.27895750495,0.0,0,0.0,74475.27895750495,6551.774661604944
2025-12-25,True,1667.726124962965,1835.5469299259266,1200.0,99282.399267,75859.0281525991,0.0,0,0.0,75859.0281525991,6855.134179958853
2025-12-26,True,1835.5469299259266,2484.5275011111135,1200.0,53027.913086,24524.1026522238,0.0,0,0.0,24524.1026522238,5500.039242921812
2025-12-27,True,2484.5275011111135,2092.8621338148164,1200.0,52861.681246,23776.164526798602,0.0,0,0.0,23776.164526798602,5828.893037407412
2025-12-28,True,2092.8621338148164,2129.4306053333294,1200.0,99692.395892,75608.1068124525,0.0,0,0.0,75608.1068124525,8526.116590411533
2025-12-29,True,2129.4306053333294,1786.4397409259263,1200.0,99285.211304,75151.3558136223,0.0,0,0.0,75151.3558136223,7903.610063497949
2025-12-30,True,1786.4397409259263,1946.583672962965,1200.0,99053.646763,74136.58306010341,0.0,0,0.0,74136.58306010341,8232.86363242799
2025-12-31,True,1946.583672962965,1473.0543120740745,1200.0,97728.45663753,73702.50469434538,0.0,0,0.0,73702.50469434538,5055.052183699598
