date,total_cost,plan_cost,emergency_cost,emergency_kwh,label
2025-02-01,18106.148852712704,18994.200659918402,0.0,0.0,LA_h24_q65
2025-02-02,61949.81900380914,61510.8005180634,1720.4866778655903,271.4557711999985,LA_h24_q65
2025-02-03,65533.474842449876,61389.3635677452,4280.785748405074,717.6677743999984,LA_h24_q65
2025-02-04,64794.355128217496,63125.190769559,0.0,0.0,LA_h24_q65
2025-02-05,64094.76597101538,57800.8941165905,1034.7614722740834,161.41655249999744,LA_h24_q65
2025-02-06,64219.08372081422,66067.31613514997,265.4550730973338,42.14488433333338,LA_h24_q65
2025-02-07,18411.396890369502,19343.684173098,213.73906194019838,52.59944069999957,LA_h24_q65
2025-02-08,16208.49824172765,14949.3369581187,0.0,0.0,LA_h24_q65
2025-02-09,61953.10499348735,60474.6475785536,0.0,0.0,LA_h24_q65
2025-02-10,55584.106518789435,54808.016709222735,195.7267807523343,39.33921433333353,LA_h24_q65
2025-02-11,58627.79881874143,53803.2089837831,1719.3945137579806,326.95209163332663,LA_h24_q65
2025-02-12,60341.28443494892,55213.20576046221,4496.148806052201,840.2469867666639,LA_h24_q65
2025-02-13,52803.53810384501,52267.96727244668,54.22433359599967,10.7844736666666,LA_h24_q65
2025-02-14,15906.0564706615,15240.9448511134,0.0,0.0,LA_h24_q65
2025-02-15,15881.4968955843,15673.8540248274,0.0,0.0,LA_h24_q65
2025-02-16,57275.31283560581,57787.190132734904,172.41107071866708,32.79927400000008,LA_h24_q65
2025-02-17,54807.92447215445,56172.543164675735,550.9631259842636,87.91761280666265,LA_h24_q65
2025-02-18,55190.30017818575,45958.14333594772,124.42297586524279,25.163936336666893,LA_h24_q65
2025-02-19,56393.45049609586,47660.63287001409,2784.0102906977077,543.3379010333317,LA_h24_q65
2025-02-20,53312.466522700444,53411.999355058695,358.89322198,65.99036000000001,LA_h24_q65
2025-02-21,15124.056378415402,15131.738268798801,0.0,0.0,LA_h24_q65
2025-02-22,15254.421373318848,15046.576704052903,0.0,0.0,LA_h24_q65
2025-02-23,52739.58904419605,51490.344977232904,6.9218372666671915,1.3388466666667682,LA_h24_q65
2025-02-24,49569.6378775395,49024.928578951,252.96717298050038,49.63221900000008,LA_h24_q65
2025-02-25,48485.178241193644,47345.48383207794,461.9360997420005,89.96551066666677,LA_h24_q65
2025-02-26,51940.33594774104,44276.50525813543,529.0908757868734,102.17540423333462,LA_h24_q65
2025-02-27,47254.27574059467,45602.3994912551,217.04781231866735,43.51260760000014,LA_h24_q65
2025-02-28,14303.6689414106,14368.0534756356,0.0,0.0,LA_h24_q65
2025-03-01,16057.649018385706,15095.8070306682,1652.7443440917552,357.6881551666676,LA_h24_q65
2025-03-02,57998.23954054491,52536.7057888874,4603.779251282367,841.0875342999973,LA_h24_q65
2025-03-03,53301.79636377417,52722.364652308,244.11551677871827,72.88886876666676,LA_h24_q65
2025-03-04,50870.2572213006,43971.295956903,3.1064865000005213,0.6247333333334382,LA_h24_q65
2025-03-05,47042.689145547454,46270.4860863229,32.736535900001016,6.618300000000204,LA_h24_q65
2025-03-06,46057.3396606869,44546.8898870892,0.0,0.0,LA_h24_q65
2025-03-07,14693.491479143993,14563.184252722498,821.2226447474451,219.53281376666945,LA_h24_q65
2025-03-08,14234.311549705464,12811.16442786907,0.0,0.0,LA_h24_q65
2025-03-09,45339.228584725,45258.5112848107,0.0,0.0,LA_h24_q65
2025-03-10,49777.59840187962,44708.58191076999,544.1370504007779,84.61157679999656,LA_h24_q65
2025-03-11,48652.01827806615,36077.3084706417,0.0,0.0,LA_h24_q65
2025-03-12,44482.05081368379,43140.7582356736,473.1468520764864,96.97402103333391,LA_h24_q65
2025-03-13,48194.120008995844,46280.935381343006,365.87818014698587,58.56369366666445,LA_h24_q65
2025-03-14,12763.976423071072,12874.111496085801,0.0,0.0,LA_h24_q65
2025-03-15,13630.733478386768,12528.2805705282,750.0734866954176,247.10944269999996,LA_h24_q65
2025-03-16,45407.21711872,43349.0451273449,8.081100000000493,1.6400000000001,LA_h24_q65
2025-03-17,41717.60149674271,38697.0556588717,573.8757206666561,115.83354999999786,LA_h24_q65
2025-03-18,42933.08672552491,42830.99692541482,0.0,0.0,LA_h24_q65
2025-03-19,42773.994476872955,36418.029575706154,0.0,0.0,LA_h24_q65
2025-03-20,43706.209489050154,42561.9704582846,443.2023786917968,67.00973369999952,LA_h24_q65
2025-03-21,12534.527804738791,12046.3894714356,650.1552015832617,216.94536423333184,LA_h24_q65
2025-03-22,12427.625005220203,12576.766328963902,0.0,0.0,LA_h24_q65
2025-03-23,42288.1397947989,42261.6546044,1418.342955741899,248.07256743333306,LA_h24_q65
2025-03-24,40585.7434046974,39872.2700992834,0.0,0.0,LA_h24_q65
2025-03-25,42940.9222154895,41493.969013483,0.0,0.0,LA_h24_q65
2025-03-26,39817.43835062605,37952.072554317,1254.1599599371452,194.79070589999924,LA_h24_q65
2025-03-27,39891.15578034812,40405.116540021096,0.0,0.0,LA_h24_q65
2025-03-28,12696.359216331937,12177.717861659201,695.8235626603355,166.36546626666717,LA_h24_q65
2025-03-29,11995.975802136187,11515.300657996999,240.7852491451875,58.77828613333028,LA_h24_q65
2025-03-30,37649.4705239768,38537.4705189154,0.0,0.0,LA_h24_q65
2025-03-31,38573.044723448395,34634.4824856149,0.0,0.0,LA_h24_q65
2025-04-01,43536.94940751665,39614.5776016067,0.0,0.0,LA_h24_q65
2025-04-02,42907.711783261824,38954.381335517806,1684.1092434674242,252.94521530000367,LA_h24_q65
2025-04-03,40405.70462402845,41442.2218242804,638.2352572026522,92.05094933333123,LA_h24_q65
2025-04-04,11584.864555921167,11392.7214528796,368.991523717268,89.05310093333367,LA_h24_q65
2025-04-05,11618.309603137805,10974.0226727543,384.18202058254036,121.24594656666423,LA_h24_q65
2025-04-06,39856.663256097716,37902.723160702,1684.2472695082097,270.3877600999988,LA_h24_q65
2025-04-07,36806.22205656311,32970.0035755353,837.5127530993583,166.42852666666485,LA_h24_q65
2025-04-08,37916.43297300614,35522.9012191879,101.99040806449946,45.21429169999976,LA_h24_q65
2025-04-09,42255.17221183455,36749.377435659,2833.358064219051,446.3614196333311,LA_h24_q65
2025-04-10,38937.5250369423,37235.0759543797,1156.7628978970954,190.92709803333247,LA_h24_q65
2025-04-11,10933.655214308561,10359.2244739956,55.67338207231171,33.572360990000874,LA_h24_q65
2025-04-12,10562.7686858043,10760.6027734034,0.0,0.0,LA_h24_q65
2025-04-13,36955.82489815884,34896.928804253905,656.8014607512102,117.05064353333478,LA_h24_q65
2025-04-14,37039.9329257149,36753.406205195,1487.9680036687207,228.6543224999955,LA_h24_q65
2025-04-15,35030.073178849845,30151.431796892102,12.188472100835877,2.2756259999978283,LA_h24_q65
2025-04-16,39496.640319801074,34210.443565505804,1621.063089054519,243.85931063333362,LA_h24_q65
2025-04-17,37395.70960793588,33026.9158183556,1353.085065248387,207.08372593333138,LA_h24_q65
2025-04-18,10693.248092447202,10547.795997941801,0.0,0.0,LA_h24_q65
2025-04-19,10611.289202526144,9942.77271054281,0.0,0.0,LA_h24_q65
2025-04-20,35432.996716150104,32532.167531043804,0.0,0.0,LA_h24_q65
2025-04-21,34696.288239187204,33787.5434180451,1440.7458184038037,266.5947754000002,LA_h24_q65
2025-04-22,36338.9488878508,30216.2852757991,0.0,0.0,LA_h24_q65
2025-04-23,36033.381513423636,30102.6877957805,671.0484698153905,96.33196523333197,LA_h24_q65
2025-04-24,34905.14684518695,31561.229301580202,2049.3644484609954,305.19594949999924,LA_h24_q65
2025-04-25,9891.767030161536,9791.0465999386,234.87110596262607,105.71934373333089,LA_h24_q65
2025-04-26,10244.010494289809,9680.7201917959,360.06742678010886,135.14072243333123,LA_h24_q65
2025-04-27,34664.96685143612,30559.7971199817,1173.494426794567,186.80820496666624,LA_h24_q65
2025-04-28,39641.735158476724,36372.14942723355,342.4286627930065,67.69790223333175,LA_h24_q65
2025-04-29,33963.5678520457,28920.2239727486,395.5219277895946,59.76457053333252,LA_h24_q65
2025-04-30,32631.211823690872,28594.5201792074,1488.1005504974719,252.335064333329,LA_h24_q65
2025-05-01,48979.79101783315,32101.03819985137,13023.009777238338,2548.5675300000003,LA_h24_q65
2025-05-02,14643.972897152747,12112.6180172308,2517.916734535992,598.1375740333319,LA_h24_q65
2025-05-03,15660.800196054222,10951.1318057651,4514.089103503808,988.1373404333315,LA_h24_q65
2025-05-04,41602.98168682088,34197.1734489754,6727.760366687151,1272.4407343100047,LA_h24_q65
2025-05-05,39609.34156193827,37368.4606965992,2282.990799251574,351.6422875333294,LA_h24_q65
2025-05-06,39137.660373571096,32339.583361017198,0.0,0.0,LA_h24_q65
2025-05-07,40036.34152294263,34882.208873511,979.3929185526337,150.0829528666666,LA_h24_q65
2025-05-08,38540.821051220504,38023.13219571,0.0,0.0,LA_h24_q65
2025-05-09,13018.942621114698,13064.7732448953,0.0,0.0,LA_h24_q65
2025-05-10,11876.21907243026,11731.870438527407,0.0,0.0,LA_h24_q65
2025-05-11,41167.98583533075,35742.632241066,2659.01889021645,387.95558679999755,LA_h24_q65
2025-05-12,38081.82415922075,32326.807246209202,0.0,0.0,LA_h24_q65
2025-05-13,38781.87123535735,33935.5390146726,2133.6928347860526,334.7512671999978,LA_h24_q65
2025-05-14,36452.251758477054,34307.05169469,0.0,0.0,LA_h24_q65
2025-05-15,37641.6465073742,36036.9857871806,20.7190788549973,9.526013266665426,LA_h24_q65
2025-05-16,11513.030756481889,11417.736981735601,180.63477904783747,106.5599159333357,LA_h24_q65
2025-05-17,12245.700082425963,11355.47333368027,233.8688686262295,48.519088966662636,LA_h24_q65
2025-05-18,37664.565569919694,37329.0768485226,34.42846500000008,5.236666666666679,LA_h24_q65
2025-05-19,36047.98382845058,32732.532467314697,2320.1373515866853,354.5896838333336,LA_h24_q65
2025-05-20,38885.719798357924,31911.3382755246,1416.2570462647266,211.82426656666564,LA_h24_q65
2025-05-21,37335.69423500336,31583.638172829502,523.9194478490012,144.21062743333323,LA_h24_q65
2025-05-22,34972.21109202916,33720.6154721409,76.64285824163966,19.194512200000872,LA_h24_q65
2025-05-23,11965.0496189267,10928.7735324344,0.0,0.0,LA_h24_q65
2025-05-24,11382.886216047254,11396.22347672364,0.0,0.0,LA_h24_q65
2025-05-25,34868.386747546814,33444.114263767595,159.05838875412354,31.37988959999818,LA_h24_q65
2025-05-26,38272.11998531769,32531.420447935,147.42429812803525,23.36152889999737,LA_h24_q65
2025-05-27,35511.51585031565,30581.2424711354,0.0,0.0,LA_h24_q65
2025-05-28,36137.678606080146,33359.2141583572,0.0,0.0,LA_h24_q65
2025-05-29,40828.34230457055,34071.76598593251,291.26989834209337,43.28764673332739,LA_h24_q65
2025-05-30,12050.1790771829,11600.0207958928,0.0,0.0,LA_h24_q65
2025-05-31,11376.461137474009,11704.667234561919,0.0,0.0,LA_h24_q65
2025-06-01,66061.41395485148,48261.5564509588,9105.31657956995,1938.3648962666616,LA_h24_q65
2025-06-02,55841.07048998713,52507.14931399675,3082.0335877251473,731.4636464999992,LA_h24_q65
2025-06-03,58765.008022905815,46113.546719150996,6727.912651334596,1086.007599366666,LA_h24_q65
2025-06-04,55869.48138185052,56417.65524883079,994.8150148612355,147.66743276666654,LA_h24_q65
2025-06-05,55168.149802982196,49638.1268975043,1242.9685597340022,178.90620600000034,LA_h24_q65
2025-06-06,25668.36790581464,16079.840600652,5710.5989365372925,1539.2927639333307,LA_h24_q65
2025-06-07,20028.747822330613,18065.8052329841,1386.6715110266618,216.73515333333256,LA_h24_q65
2025-06-08,50352.98255786177,48267.587828334006,1.393361916666021,0.1983433333332414,LA_h24_q65
2025-06-09,55384.65966669046,54818.58979940369,1368.800325125168,194.78288033333354,LA_h24_q65
2025-06-10,55784.45245267793,49153.44679240748,1036.8132271585207,218.0247350333339,LA_h24_q65
2025-06-11,60646.87187809218,52727.14368118429,1171.197135283323,224.56764999999797,LA_h24_q65
2025-06-12,54070.22632894165,52835.820052731695,0.0,0.0,LA_h24_q65
2025-06-13,18833.969955532004,19085.682454058802,0.0,0.0,LA_h24_q65
2025-06-14,17809.68139566697,17907.1716489576,218.27557942666562,40.64630666666649,LA_h24_q65
2025-06-15,53882.514066757714,48768.3621384659,191.223501081667,27.84265133333338,LA_h24_q65
2025-06-16,56021.81232327739,50864.8138070424,513.0082701458339,76.04499533333342,LA_h24_q65
2025-06-17,57957.13044758614,50914.528064818194,1129.6299209053986,273.20926979999865,LA_h24_q65
2025-06-18,55357.232688117336,51165.10927795959,24.61645331233394,3.6406793333334235,LA_h24_q65
2025-06-19,54872.16675380522,47473.96451052666,1001.4486184775018,144.08627233333357,LA_h24_q65
2025-06-20,17002.351482307604,17174.119581545703,0.0,0.0,LA_h24_q65
2025-06-21,16868.784729351402,16673.7931857847,0.0,0.0,LA_h24_q65
2025-06-22,50803.740767132826,46301.253069720304,228.35438550101776,33.53346910000016,LA_h24_q65
2025-06-23,50271.46604594219,47336.98662488461,439.8401419990296,106.03151496666507,LA_h24_q65
2025-06-24,58772.201980622856,56020.712459540344,358.5962310651676,50.90268433333347,LA_h24_q65
2025-06-25,53533.774642287746,47009.703628819196,130.7053537440011,18.731252000000154,LA_h24_q65
2025-06-26,50227.37916496084,45907.97964510108,804.2579842568337,114.7037846666667,LA_h24_q65
2025-06-27,17030.81406752166,16670.3945829362,891.1674778561612,143.8901969999991,LA_h24_q65
2025-06-28,16013.21913199586,15969.9704414964,0.0,0.0,LA_h24_q65
2025-06-29,53480.482697257554,45857.18383268238,26.11410458999973,3.8431353333332936,LA_h24_q65
2025-06-30,51019.1220209979,49344.6396226425,739.0779580765018,104.91822300000024,LA_h24_q65
2025-07-01,75781.82585040713,45173.6554809785,3827.7080988833177,1258.948773666661,LA_h24_q65
2025-07-02,63086.418472351295,52904.9179567681,2283.5842357145966,641.512346599999,LA_h24_q65
2025-07-03,66867.80788756984,63536.838579382,1295.2957049416855,231.22028396666474,LA_h24_q65
2025-07-04,30652.61034836802,20209.765736001424,5794.877537398678,2336.9447099666677,LA_h24_q65
2025-07-05,25983.277711506085,21940.6807479886,1056.6590221733813,453.8519785666658,LA_h24_q65
2025-07-06,71269.99391389792,57324.648464996804,1395.20883034699,444.4594002666625,LA_h24_q65
2025-07-07,60648.983830769466,60427.506414712094,686.3720509019272,117.45050189999783,LA_h24_q65
2025-07-08,64368.107701260604,62947.80511529701,96.06130521000108,11.301326666666796,LA_h24_q65
2025-07-09,60767.974895493986,60754.29890050461,415.6310464433332,47.82087999999999,LA_h24_q65
2025-07-10,59952.204874424555,56839.834208568,1351.6306514540627,173.01024559999888,LA_h24_q65
2025-07-11,35748.34995481072,27761.2877183644,9659.02329428182,1541.435686499998,LA_h24_q65
2025-07-12,25859.802230983623,23841.6616209102,1050.8785322944773,224.31375656666313,LA_h24_q65
2025-07-13,60043.31786707341,60056.930126805804,65.27053587500025,7.52615000000003,LA_h24_q65
2025-07-14,58503.214702436824,55808.63875991199,508.41106107833457,59.72265333333348,LA_h24_q65
2025-07-15,59595.86369890546,58715.098869582915,83.71087344499995,10.030666666666662,LA_h24_q65
2025-07-16,58723.15055781563,56754.538110375994,557.8150597883325,66.79497666666657,LA_h24_q65
2025-07-17,61053.6507390226,54913.314385213,1612.108066292003,281.6447738666667,LA_h24_q65
2025-07-18,24173.12706548912,24558.945659251,290.94400455836836,122.17447913333407,LA_h24_q65
2025-07-19,25201.730051173716,24503.334543539,1167.0271641859665,198.89271453333328,LA_h24_q65
2025-07-20,59142.24522805121,57902.6416265656,83.5514026200016,9.819180000000188,LA_h24_q65
2025-07-21,60875.521222683994,60077.92765627999,225.1425233650026,26.14239666666697,LA_h24_q65
2025-07-22,62024.20138192635,54735.272035062815,988.0025988700008,118.39338000000009,LA_h24_q65
2025-07-23,61858.32647223041,62670.49552467582,507.3108177300019,59.84181333333356,LA_h24_q65
2025-07-24,61930.94794273253,63741.614520291696,26.88662148333378,3.23876666666672,LA_h24_q65
2025-07-25,25071.142599834,22311.379204426557,2739.919640053821,465.36778953333135,LA_h24_q65
2025-07-26,23632.12468977977,22645.460656729323,494.32718213998527,76.23211999999774,LA_h24_q65
2025-07-27,59970.45220303776,56456.927376341,25.855326561667983,3.126783333333492,LA_h24_q65
2025-07-28,62988.965354453016,58750.284563817695,71.16200549666756,8.458576666666772,LA_h24_q65
2025-07-29,63468.372638616,55802.500105422994,770.212827501997,91.67960976666632,LA_h24_q65
2025-07-30,64230.66608559,51886.400209608,0.0,0.0,LA_h24_q65
2025-07-31,61696.734148657095,54184.82603781381,1346.156157805637,166.9771232666688,LA_h24_q65
2025-08-01,23327.80549419507,22592.484922261803,104.46627057441452,53.50385176666556,LA_h24_q65
2025-08-02,23639.540431942893,22467.2944123948,1464.2099627199914,236.1921399999987,LA_h24_q65
2025-08-03,52961.51567391143,47932.1514790006,3364.5171882041295,573.0187711333315,LA_h24_q65
2025-08-04,53871.0950651491,52053.036496454,0.0,0.0,LA_h24_q65
2025-08-05,51926.7066996427,49423.326461122204,240.10925653000123,28.98661333333348,LA_h24_q65
2025-08-06,56091.6077516412,55327.032739029,0.0,0.0,LA_h24_q65
2025-08-07,55075.92511795302,53377.2886654433,515.0767747466672,60.990926666666724,LA_h24_q65
2025-08-08,22758.74329697269,21720.9011264792,1216.3993922575917,254.23484326666528,LA_h24_q65
2025-08-09,21974.808179754287,21605.19390382692,412.40900474086754,134.46886940000002,LA_h24_q65
2025-08-10,53392.03311662369,52840.25264414776,493.90199476500163,58.251810000000205,LA_h24_q65
2025-08-11,54059.486973564395,48832.264572242595,1187.4323016607036,151.85999713333393,LA_h24_q65
2025-08-12,56376.03190741127,52758.892816010804,478.84944210166896,57.68991000000028,LA_h24_q65
2025-08-13,54230.268562011566,47882.831179697,100.22878230666603,11.753226666666592,LA_h24_q65
2025-08-14,55456.33936731175,50928.757010115994,1983.1894148620656,269.7666345333331,LA_h24_q65
2025-08-15,22645.450777077487,22157.1181159383,246.33332334153624,48.54360076666728,LA_h24_q65
2025-08-16,24472.53197917208,23242.066497642183,1463.0673121669554,253.33688443333148,LA_h24_q65
2025-08-17,53621.56413850067,51525.3715719691,1738.5466419116653,209.04697999999985,LA_h24_q65
2025-08-18,54214.24539899478,51558.56070216861,1336.2986620366705,157.57520333333377,LA_h24_q65
2025-08-19,53768.95583456293,49291.651266208006,1251.752859241668,148.71319666666682,LA_h24_q65
2025-08-20,58859.13246079927,54215.00752833599,614.2932033247864,79.11569819999185,LA_h24_q65
2025-08-21,53916.524376964946,52080.149788202005,1029.8001113429448,123.12746846666414,LA_h24_q65
2025-08-22,24479.360294424783,22204.368341345697,1613.5230652141736,377.8469852333312,LA_h24_q65
2025-08-23,22236.291858361747,21194.792444263898,0.0,0.0,LA_h24_q65
2025-08-24,53720.58727899133,51313.925879541,51.49773733333373,6.204546666666715,LA_h24_q65
2025-08-25,60389.53292686151,64756.293261988,213.65325427000064,25.48614666666674,LA_h24_q65
2025-08-26,52754.55380192328,51055.66785156939,250.3257046483345,29.625666666666802,LA_h24_q65
2025-08-27,55998.34042884182,49553.5883939957,109.54261639666716,13.252993333333393,LA_h24_q65
2025-08-28,60497.34735297767,49489.177605816,1718.589578790164,251.24092713332752,LA_h24_q65
2025-08-29,23409.831916492745,23440.234391703703,374.4502979349909,58.68666999999857,LA_h24_q65
2025-08-30,23447.665810024853,22527.3653932355,916.8727032615013,284.9532777333303,LA_h24_q65
2025-08-31,53785.89327963078,50656.5149675623,783.2024141954525,104.9676457333305,LA_h24_q65
2025-09-01,45820.5087275022,49476.737272511,0.0,0.0,LA_h24_q65
2025-09-02,37546.37030570891,35173.61216925483,94.84927283470032,13.924288000000047,LA_h24_q65
2025-09-03,40639.759123796,38937.017015453996,0.0,0.0,LA_h24_q65
2025-09-04,39609.91822952094,38066.005736468,153.8820864833342,23.1623666666668,LA_h24_q65
2025-09-05,17062.192524772,18421.077379878,0.0,0.0,LA_h24_q65
2025-09-06,14745.326589586202,15002.118261029002,0.0,0.0,LA_h24_q65
2025-09-07,42609.428123749945,35635.471437152504,136.11534250000022,20.1876666666667,LA_h24_q65
2025-09-08,45232.68818472666,37854.142387195,1238.70795449276,404.330469533332,LA_h24_q65
2025-09-09,40958.4850782345,35547.51115742,15.661369150000068,2.352616666666677,LA_h24_q65
2025-09-10,47239.59189133804,39584.342161695895,1952.0251655949885,372.78446333333113,LA_h24_q65
2025-09-11,40504.18059867483,41445.103567993996,153.78255886537698,38.37465503333183,LA_h24_q65
2025-09-12,15026.86474542945,14219.2669505292,0.0,0.0,LA_h24_q65
2025-09-13,14827.116497326699,13770.700565106199,0.0,0.0,LA_h24_q65
2025-09-14,43951.820747823745,44799.3429015905,78.66956207999291,27.519408333330325,LA_h24_q65
2025-09-15,43608.33540812572,39054.126781843996,2943.9401200122234,533.3878034333288,LA_h24_q65
2025-09-16,44704.31084019805,43498.57321487,88.18761655000094,13.092750000000137,LA_h24_q65
2025-09-17,43479.52794631223,41643.2292648426,383.20211377267964,97.8401000999961,LA_h24_q65
2025-09-18,44463.10968915251,38695.7036245508,928.2118517969042,158.73334549999808,LA_h24_q65
2025-09-19,15410.345476893,15335.0983126848,0.0,0.0,LA_h24_q65
2025-09-20,14787.536184780154,13819.43701431992,177.26456017204447,60.17949956666479,LA_h24_q65
2025-09-21,42500.201613622005,42690.298428388,58.02559500000035,8.44500000000005,LA_h24_q65
2025-09-22,45634.03300532633,46045.045126865996,56.40597518333394,8.649233333333427,LA_h24_q65
2025-09-23,47133.17141009342,43550.588375164,2799.5808229512218,542.112180099998,LA_h24_q65
2025-09-24,45534.04568300501,38375.788811801205,0.0,0.0,LA_h24_q65
2025-09-25,45876.89795150038,41833.5309597179,106.25664583333337,15.37166666666667,LA_h24_q65
2025-09-26,14916.262007149102,15310.835049783102,0.0,0.0,LA_h24_q65
2025-09-27,16204.78277502262,14190.6099758928,111.07456606897178,20.519515999993814,LA_h24_q65
2025-09-28,48282.361972686864,42584.472475597606,40.07191416666671,5.868333333333339,LA_h24_q65
2025-09-29,48718.096719837384,44965.464325198,2979.3608825877786,567.8419406333297,LA_h24_q65
2025-09-30,49723.140991118504,43425.8561255242,0.0,0.0,LA_h24_q65
2025-10-01,39514.01308388766,37933.014516482006,628.844046241658,127.74748333333167,LA_h24_q65
2025-10-02,37724.056128265096,39342.4127304652,0.0,0.0,LA_h24_q65
2025-10-03,12933.2703957701,12793.459235561599,0.0,0.0,LA_h24_q65
2025-10-04,12658.459474100755,12255.58256350473,195.22338661119068,63.08721493333032,LA_h24_q65
2025-10-05,39919.130550846545,40722.5217912072,0.0,0.0,LA_h24_q65
2025-10-06,42891.29659101916,36257.6918352804,3297.6836837248616,514.9163090666659,LA_h24_q65
2025-10-07,41574.10087596291,35642.3211386079,675.0396751458645,130.73744906666627,LA_h24_q65
2025-10-08,44060.43753644748,33832.2587438392,5009.816515102438,864.491661886663,LA_h24_q65
2025-10-09,43892.213502452876,41793.80194348,3442.791818825075,596.0911344999986,LA_h24_q65
2025-10-10,13289.038893975501,12743.1800371557,0.0,0.0,LA_h24_q65
2025-10-11,13681.053376015436,12613.1035332464,955.0314124293865,188.06559513333067,LA_h24_q65
2025-10-12,43562.831868636116,36771.90946715836,4573.403014368646,792.4541773666631,LA_h24_q65
2025-10-13,42387.11689101189,39849.7947817274,716.0440710920789,116.65466799999656,LA_h24_q65
2025-10-14,43991.432208693324,41571.8017905131,89.8824561491818,17.98728359999636,LA_h24_q65
2025-10-15,44673.86491947629,42414.235179797,0.0,0.0,LA_h24_q65
2025-10-16,44692.2562611807,41884.5262640266,0.0,0.0,LA_h24_q65
2025-10-17,13541.313173114468,12334.86603145906,0.0,0.0,LA_h24_q65
2025-10-18,13708.137839050589,13388.962759719168,0.0,0.0,LA_h24_q65
2025-10-19,45803.77553210555,43303.169049552,1114.6087853093004,196.85240649999642,LA_h24_q65
2025-10-20,46737.23334459209,46943.103409729796,453.59458478832914,84.91896303333255,LA_h24_q65
2025-10-21,49059.12431302485,44962.333296738,1109.6830691986493,213.55653816666342,LA_h24_q65
2025-10-22,47668.41359161668,42232.624043716,461.4124276776794,91.79841109999921,LA_h24_q65
2025-10-23,48164.60444674693,49796.7737385088,215.78107486029347,43.649453799998675,LA_h24_q65
2025-10-24,14338.783374432593,13304.6455741301,418.93503939999226,88.91739166666503,LA_h24_q65
2025-10-25,14067.9248105858,13323.1621656812,0.0,0.0,LA_h24_q65
2025-10-26,47696.71381737815,46679.1894763983,0.0,0.0,LA_h24_q65
2025-10-27,47322.23696978552,42424.02250045221,103.66090000000031,19.744933333333393,LA_h24_q65
2025-10-28,48398.71124096277,42414.593040620995,0.0,0.0,LA_h24_q65
2025-10-29,50317.01508202379,46598.99427559,0.0,0.0,LA_h24_q65
2025-10-30,47696.282502103524,42854.892774406704,18.13268816666676,3.641833333333352,LA_h24_q65
2025-10-31,14483.570975570998,14548.066749645839,0.0,0.0,LA_h24_q65
2025-11-01,14267.167797290245,13466.58137597041,0.0,0.0,LA_h24_q65
2025-11-02,52560.84078922973,46653.1391147702,1300.2363042733311,207.43616333333296,LA_h24_q65
2025-11-03,50810.95613449234,50752.4377451855,0.0,0.0,LA_h24_q65
2025-11-04,49823.00961571341,45125.71113201742,532.4701823961121,94.97814213333008,LA_h24_q65
2025-11-05,53707.275495346476,50939.7179433796,2014.4859256938698,364.39875276666424,LA_h24_q65
2025-11-06,53623.16839093564,48726.373201299895,0.0,0.0,LA_h24_q65
2025-11-07,15068.515017394651,14166.6282239805,0.0,0.0,LA_h24_q65
2025-11-08,14877.180504647,14147.4345412898,0.0,0.0,LA_h24_q65
2025-11-09,52320.262733738346,50660.44763547152,0.0,0.0,LA_h24_q65
2025-11-10,56886.8949525099,52392.2844728787,0.0,0.0,LA_h24_q65
2025-11-11,53085.68820493696,52920.538231577906,112.88067103600324,22.024561066667296,LA_h24_q65
2025-11-12,53798.9232260649,49116.589765289,0.0,0.0,LA_h24_q65
2025-11-13,54432.361590642286,49521.555672989605,10.126051133333377,2.010533333333342,LA_h24_q65
2025-11-14,14882.07582844829,14593.06009657562,0.0,0.0,LA_h24_q65
2025-11-15,15510.972553230302,15002.885600417201,0.0,0.0,LA_h24_q65
2025-11-16,56972.13276250275,51400.1010027855,0.0,0.0,LA_h24_q65
2025-11-17,56808.078157952,49542.355672264996,0.0,0.0,LA_h24_q65
2025-11-18,57247.03838514775,51097.74436395989,729.4492666846575,145.54274533333154,LA_h24_q65
2025-11-19,61140.36499441291,51807.020780219005,0.0,0.0,LA_h24_q65
2025-11-20,57396.64107095991,51160.842189078205,0.0,0.0,LA_h24_q65
2025-11-21,16672.99141344025,15049.4683928218,0.0,0.0,LA_h24_q65
2025-11-22,15867.492960323705,15325.16949651969,0.0,0.0,LA_h24_q65
2025-11-23,58291.59636675033,52124.26797709371,0.0,0.0,LA_h24_q65
2025-11-24,55974.46174217963,51224.284325313005,157.94157313852034,46.173630366668384,LA_h24_q65
2025-11-25,58402.66121957768,59606.277560240545,0.0,0.0,LA_h24_q65
2025-11-26,59280.93919651248,56236.9852358309,177.73418883333318,32.99316666666664,LA_h24_q65
2025-11-27,59220.402484969774,54571.32877015672,0.0,0.0,LA_h24_q65
2025-11-28,15752.639650545829,14907.089676103002,0.0,0.0,LA_h24_q65
2025-11-29,17819.2630844698,18173.2060936214,0.0,0.0,LA_h24_q65
2025-11-30,63128.01733378895,57017.700260723,0.0,0.0,LA_h24_q65
2025-12-01,80823.41269466192,64155.481737825845,0.0,0.0,LA_h24_q65
2025-12-02,76113.72037801486,70686.1514743976,3052.519904546167,429.929938433331,LA_h24_q65
2025-12-03,75338.67679919502,62417.875313557,122.5227580621666,17.173184333333325,LA_h24_q65
2025-12-04,72122.52319640639,69755.8451099412,455.1682713453337,64.08332900000005,LA_h24_q65
2025-12-05,24321.318758855203,18838.2803518206,53.619998569004665,11.259974500000979,LA_h24_q65
2025-12-06,23644.447699116146,20825.967590509197,0.0,0.0,LA_h24_q65
2025-12-07,73087.2092928935,70799.238191114,510.9053334300007,72.15602933333344,LA_h24_q65
2025-12-08,73786.19442042214,74629.87511399822,741.8601753904004,101.87498969999604,LA_h24_q65
2025-12-09,71937.35048934705,70965.4320187543,1471.4165137395862,214.28909673333587,LA_h24_q65
2025-12-10,72911.63084781781,67213.50677880167,0.0,0.0,LA_h24_q65
2025-12-11,68981.28380902785,69215.21139152162,3.7235579465375146,1.6761458233344655,LA_h24_q65
2025-12-12,23001.215841396006,22253.464456658498,0.0,0.0,LA_h24_q65
2025-12-13,23575.5041476867,22253.6402752881,0.0,0.0,LA_h24_q65
2025-12-14,77032.56314516964,66184.5263215228,2736.9250327242735,397.01170459999605,LA_h24_q65
2025-12-15,76071.52026284518,66782.52317963421,36.67716317333488,5.088396666666881,LA_h24_q65
2025-12-16,72887.0784988938,70988.57177844472,34.17167574666744,4.791653333333443,LA_h24_q65
2025-12-17,71742.14261452999,70811.6742230002,104.2383219213332,14.361093666666648,LA_h24_q65
2025-12-18,72070.49375457701,67287.48241158758,0.0,0.0,LA_h24_q65
2025-12-19,22402.740293639545,20213.775556011897,0.0,0.0,LA_h24_q65
2025-12-20,22222.475633352646,21677.198022896395,0.0,0.0,LA_h24_q65
2025-12-21,74623.25758044164,69703.10634290511,656.2050726632291,105.09035649999697,LA_h24_q65
2025-12-22,74603.94050820099,69079.303513849,772.7769173400068,121.27223666666748,LA_h24_q65
2025-12-23,70708.41167532692,70505.11246353,50.608650066333816,7.0294673333334,LA_h24_q65
2025-12-24,71384.08764351235,68242.0860428748,792.4897292574649,114.37635553333303,LA_h24_q65
2025-12-25,73614.66794056937,65968.64099959991,685.9030699744983,103.19020039999972,LA_h24_q65
2025-12-26,23440.2879817029,20496.9601462422,0.0,0.0,LA_h24_q65
2025-12-27,22096.549435124947,20103.053680146397,0.0,0.0,LA_h24_q65
2025-12-28,70309.1199378488,68194.02783579411,73.67760762533449,9.762502666666819,LA_h24_q65
2025-12-29,72269.99526794326,66600.0409970372,159.6833563163656,54.594774333332865,LA_h24_q65
2025-12-30,69699.17740526573,67341.05852225769,477.25987951818206,75.78607779999743,LA_h24_q65
2025-12-31,73746.78744331945,68407.1906964469,1693.8273267480538,272.3408187999982,LA_h24_q65
