date,q_load,q_pv,q_source,feature,feature_value,feature_percentile,soc0_actual,soc24_actual,purchase_kwh,plan_cost,emergency_kwh,emergency_cost,total_cost,curtail_kwh,n_simultaneous_plan,max_unserved_kwh
2025-02-01,0.8,0.2,warmup,resid_vol7,283.1793647363486,,6000.0,2967.842313814815,46694.507971,25362.3011848204,0.0,0.0,25362.3011848204,12556.397740888891,0,0.0
2025-02-02,0.8,0.2,warmup,resid_vol7,275.68264781213804,,2967.842313814815,2318.014135,93532.621019,60387.6246134217,0.0,0.0,60387.6246134217,11974.549002304528,0,0.0
2025-02-03,0.8,0.2,warmup,resid_vol7,270.78561353355474,,2318.014135,1580.3923988148158,89935.0039973,56968.53490554313,6.148898366665321,42.89471500585728,57011.42962054899,6342.602006625519,0,0.0
2025-02-04,0.8,0.2,warmup,resid_vol7,272.3467785062559,,1580.3923988148158,1749.5589435185198,88218.33987600001,55762.8223459572,0.0,0.0,55762.8223459572,2222.676070000011,0,0.0
2025-02-05,0.8,0.2,warmup,resid_vol7,258.5900542822591,,1749.5589435185198,1721.150576555559,88645.605342,55891.7315605355,0.0,0.0,55891.7315605355,3351.521594897125,0,0.0
2025-02-06,0.8,0.2,warmup,resid_vol7,273.6611983040875,,1721.150576555559,2076.9519810000033,92345.162106,59048.958291123,0.0,0.0,59048.958291123,7405.755776913582,0,0.0
2025-02-07,0.8,0.2,warmup,resid_vol7,268.1608306560491,,2076.9519810000033,2776.8758276296285,49852.825785,26778.101869377002,0.0,0.0,26778.101869377002,13882.453722942399,0,0.0
2025-02-08,0.8,0.2,warmup,resid_vol7,306.93964634000895,,2776.8758276296285,2244.753220703703,42229.2723905,22433.5064505208,0.0,0.0,22433.5064505208,7920.23700290741,0,0.0
2025-02-09,0.8,0.2,warmup,resid_vol7,301.08131194317633,,2244.753220703703,1750.3807323703709,88952.65902316,56634.43908200551,0.0,0.0,56634.43908200551,5758.7720534485725,0,0.0
2025-02-10,0.8,0.2,warmup,resid_vol7,294.63134159116447,,1750.3807323703709,1846.514882111111,89065.64735799999,56485.4655690221,0.0,0.0,56485.4655690221,10885.659990699594,0,0.0
2025-02-11,0.8,0.2,warmup,resid_vol7,309.0317878519123,,1846.514882111111,1342.9726237777786,84774.15107600001,53177.1408091293,126.39342900000057,743.5809190397871,53920.72172816908,5966.183716049387,0,0.0
2025-02-12,0.8,0.2,warmup,resid_vol7,290.94336343429563,,1342.9726237777786,1976.5779823703688,87069.13972,54796.4769738643,0.0,0.0,54796.4769738643,7014.891405769546,0,0.0
2025-02-13,0.8,0.2,warmup,resid_vol7,274.6082763547825,,1976.5779823703688,2016.7363541481477,87887.1761109,55851.04323808236,0.0,0.0,55851.04323808236,12869.10022069959,0,0.0
2025-02-14,0.8,0.2,warmup,resid_vol7,302.27744022243644,,2016.7363541481477,2505.371109703703,41060.161797,21929.9475996419,0.0,0.0,21929.9475996419,7366.819811444444,0,0.0
2025-02-15,0.8,0.2,warmup,resid_vol7,274.02597376876145,,2505.371109703703,2110.9881943703704,39604.8892626,21145.69199385002,0.0,0.0,21145.69199385002,7570.804198361319,0,0.0
2025-02-16,0.8,0.2,warmup,resid_vol7,272.54606241433856,,2110.9881943703704,1839.9618525185206,84732.26830999998,53396.8901552967,28.319375000000036,128.83899656250017,53525.7291518592,5535.853306362141,0,0.0
2025-02-17,0.8,0.2,warmup,resid_vol7,269.2638603416224,,1839.9618525185206,1718.4671650740754,84111.2712304,52764.96499055356,0.0,0.0,52764.96499055356,9415.206469881496,0,0.0
2025-02-18,0.8,0.2,warmup,resid_vol7,257.56607243032016,,1718.4671650740754,1603.3932757037028,80914.67934999999,50406.2146808008,34.206666666666706,155.62323000000018,50561.837910800794,5004.428753246919,0,0.0
2025-02-19,0.8,0.2,warmup,resid_vol7,262.5890691714686,,1603.3932757037028,1555.672462703706,81826.599582,51022.4865367321,43.72858400000007,193.8397689380003,51216.3263056701,4811.706177193422,0,0.0
2025-02-20,0.8,0.2,warmup,resid_vol7,271.83913067220425,,1555.672462703706,2277.0700360740734,84675.453087,53186.7394560038,0.0,0.0,53186.7394560038,9017.732219526759,0,0.0
2025-02-21,0.8,0.2,warmup,resid_vol7,242.3564862758786,,2277.0700360740734,2659.410709814814,38737.959946,20799.7845616938,0.0,0.0,20799.7845616938,9589.741136288072,0,0.0
2025-02-22,0.7,0.3,rule,resid_vol7,239.79172947425394,0.0,2659.410709814814,2105.3878205925935,35262.712106,18747.4582786511,0.0,0.0,18747.4582786511,4922.214953448561,0,0.0
2025-02-23,0.7,0.3,rule,resid_vol7,235.39385462587234,0.0,2105.3878205925935,1581.5442397037057,79348.018105,49484.8792570005,0.0,0.0,49484.8792570005,4279.513133263372,0,0.0
2025-02-24,0.7,0.3,rule,resid_vol7,234.68313974895125,0.0,1581.5442397037057,1620.7093684074086,78903.38765084001,48756.39885023235,0.0,0.0,48756.39885023235,6773.991919185192,0,0.0
2025-02-25,0.7,0.3,rule,resid_vol7,237.49026698462436,0.08333333333333333,1620.7093684074086,1214.57022,76008.7650127,46643.51078819453,337.32082459999845,1639.8631438148052,48283.37393200934,7066.445356164612,0,0.0
2025-02-26,0.7,0.3,rule,resid_vol7,258.8424474170748,0.28,1214.57022,1662.5081465555618,76490.73273,47034.007321078694,0.0,0.0,47034.007321078694,3103.3921113991823,0,0.0
2025-02-27,0.7,0.3,rule,resid_vol7,252.27165285784952,0.19230769230769232,1662.5081465555618,1724.0452633333362,77390.829895,47869.2547685242,0.0,0.0,47869.2547685242,5985.16714353911,0,0.0
2025-02-28,0.7,0.3,rule,resid_vol7,261.46379723389805,0.3333333333333333,1724.0452633333362,2214.887231333335,36302.2837,19298.414044165598,0.0,0.0,19298.414044165598,9368.447828617293,0,0.0
2025-03-01,0.7,0.3,rule,resid_vol7,265.9171211877477,0.39285714285714285,2214.887231333335,2020.4702016666658,34572.412157,18275.2548057218,0.0,0.0,18275.2548057218,8213.085010209881,0,0.0
2025-03-02,0.8,0.2,rule,resid_vol7,283.0384441541291,0.7586206896551724,2020.4702016666658,1326.0312051111114,76728.302283,47748.2866390543,612.6559295999974,4107.169341918249,51855.45598097255,1477.2079955143981,0,0.0
2025-03-03,0.85,0.15,rule,resid_vol7,342.2326188451846,1.0,1326.0312051111114,1705.9809386592706,78279.6971655,48500.8745526632,0.0,0.0,48500.8745526632,1357.0304718930065,0,0.0
2025-03-04,0.85,0.15,rule,resid_vol7,372.50497368623724,1.0,1705.9809386592706,1558.3209648148145,76444.50354199999,47345.4190598032,0.6247333333334382,2.9262509333338245,47348.345310736535,3266.433340016478,0,0.0
2025-03-05,0.85,0.15,rule,resid_vol7,358.3230669660078,0.96875,1558.3209648148145,1859.236352333334,78751.56129700001,48597.449189440515,0.8206845666667277,3.733704436050278,48601.18289387657,8474.237216662554,0,0.0
2025-03-06,0.85,0.15,rule,resid_vol7,357.6749816112987,0.9393939393939394,1859.236352333334,2088.2414980000017,80351.99887010001,50244.0469909933,0.0,0.0,50244.0469909933,10475.941702165845,0,0.0
2025-03-07,0.85,0.15,rule,resid_vol7,349.00357098889407,0.9117647058823529,2088.2414980000017,2736.9474514444437,37119.515385,19980.864917751398,0.0,0.0,19980.864917751398,12683.223191008236,0,0.0
2025-03-08,0.85,0.15,rule,resid_vol7,366.9897731246558,0.9714285714285714,2736.9474514444437,2597.972010629632,32881.7260974,17948.82753422172,0.0,0.0,17948.82753422172,11275.996037852676,0,0.0
2025-03-09,0.85,0.15,rule,resid_vol7,363.2763279635316,0.9444444444444444,2597.972010629632,1978.7206062962987,78243.72789360001,48877.50171448118,0.0,0.0,48877.50171448118,11982.182790255154,0,0.0
2025-03-10,0.8,0.2,rule,resid_vol7,337.09433666547693,0.8108108108108109,1978.7206062962987,1795.9147016296326,76291.3593104,47210.39642797712,0.0,0.0,47210.39642797712,4513.515478604945,0,0.0
2025-03-11,0.8,0.2,rule,resid_vol7,312.0000336668382,0.7894736842105263,1795.9147016296326,1461.1063768888896,71608.414014,43527.850418916394,446.20487179999793,3022.139932260337,46549.99035117673,4552.45468238684,0,0.0
2025-03-12,0.8,0.2,rule,resid_vol7,309.96361883866666,0.7692307692307693,1461.1063768888896,1714.0790925555566,73572.54222999999,44948.21383088,0.0,0.0,44948.21383088,7064.032493004119,0,0.0
2025-03-13,0.8,0.2,rule,resid_vol7,311.0765744198616,0.775,1714.0790925555566,1806.5675949259276,75551.6175734,46524.63394330244,0.0,0.0,46524.63394330244,3639.8708413991812,0,0.0
2025-03-14,0.8,0.2,rule,resid_vol7,342.4792806874922,0.8536585365853658,1806.5675949259276,2802.2925841111114,34003.490703,18329.697833240098,0.0,0.0,18329.697833240098,14124.550005139918,0,0.0
2025-03-15,0.8,0.2,rule,resid_vol7,342.22687834419185,0.8095238095238095,2802.2925841111114,1750.3991194444452,31585.4584234,16906.480831803958,0.0,0.0,16906.480831803958,9136.235943148975,0,0.0
2025-03-16,0.85,0.15,rule,resid_vol7,350.48803144494593,0.8837209302325582,1750.3991194444452,2238.8080993333374,75997.498016,46742.407211172394,1.6400000000001,7.461180000000455,46749.86839117239,8440.575731209876,0,0.0
2025-03-17,0.8,0.2,rule,resid_vol7,337.2608723900994,0.7727272727272727,2238.8080993333374,1999.895770370373,73905.4911854,45251.422894806805,0.0,0.0,45251.422894806805,12866.261377622235,0,0.0
2025-03-18,0.85,0.15,rule,resid_vol7,356.0774663157589,0.8888888888888888,1999.895770370373,1568.088178481484,70567.68738,42894.09809218,0.0,0.0,42894.09809218,5882.250842057625,0,0.0
2025-03-19,0.8,0.2,rule,resid_vol7,348.02159387529974,0.8260869565217391,1568.088178481484,2118.066053481483,71922.62216,43788.11234224,0.0,0.0,43788.11234224,7877.101499300423,0,0.0
2025-03-20,0.85,0.15,rule,resid_vol7,356.9542544475519,0.8936170212765957,2118.066053481483,2005.2778038148165,73567.46435,45215.682970525,0.0,0.0,45215.682970525,7589.329585843613,0,0.0
2025-03-21,0.8,0.2,rule,resid_vol7,324.2421236212965,0.6875,2005.2778038148165,2184.094911407408,32103.710314000004,17160.4088637118,0.0,0.0,17160.4088637118,17142.16917214815,0,0.0
2025-03-22,0.8,0.2,rule,resid_vol7,328.4821579310494,0.6938775510204082,2184.094911407408,2558.5136534444446,31592.835399000003,16817.4925315805,0.0,0.0,16817.4925315805,12836.996700481483,0,0.0
2025-03-23,0.8,0.2,rule,resid_vol7,313.7686863340265,0.66,2558.5136534444446,1630.6846293333347,69062.216696,42200.8171001143,0.0,0.0,42200.8171001143,7474.042336954739,0,0.0
2025-03-24,0.8,0.2,rule,resid_vol7,318.88313335652913,0.6666666666666666,1630.6846293333347,2015.2451394074103,69555.60097,42390.275679724,0.0,0.0,42390.275679724,7385.99110164609,0,0.0
2025-03-25,0.7,0.3,rule,resid_vol7,287.4059053723169,0.46153846153846156,2015.2451394074103,1237.7823150000002,62573.55527,37694.217937467,1587.3008804333256,9306.231313281494,47000.4492507485,16.65201666666701,0,0.0
2025-03-26,0.8,0.2,rule,resid_vol7,306.1091187779293,0.5471698113207547,1237.7823150000002,1771.179789925928,69635.5024019,42150.97862413578,0.0,0.0,42150.97862413578,9770.388993086424,0,0.0
2025-03-27,0.8,0.2,rule,resid_vol7,312.0022402364577,0.6481481481481481,1771.179789925928,1843.0567640740778,68921.77482,41922.580308124,0.0,0.0,41922.580308124,6258.190939794245,0,0.0
2025-03-28,0.8,0.2,rule,resid_vol7,316.75866521279465,0.6727272727272727,1843.0567640740778,2432.796572851851,31172.4958912,16367.5512683384,0.0,0.0,16367.5512683384,17061.97709757861,0,0.0
2025-03-29,0.7,0.3,rule,resid_vol7,298.95430560430884,0.48214285714285715,2432.796572851851,2024.5219052222255,29327.3380095,15261.665674315851,0.0,0.0,15261.665674315851,19570.01863988683,0,0.0
2025-03-30,0.8,0.2,rule,resid_vol7,321.3521851509636,0.7017543859649122,2024.5219052222255,2095.8431489259256,66258.61374999999,40243.560864390995,0.0,0.0,40243.560864390995,7143.878410452691,0,0.0
2025-03-31,0.8,0.2,rule,resid_vol7,307.918821976645,0.5517241379310345,2095.8431489259256,2141.279643703706,66207.990412,40212.207802253804,0.0,0.0,40212.207802253804,5671.10303222223,0,0.0
2025-04-01,0.8,0.2,rule,resid_vol7,323.84258566224037,0.711864406779661,2141.279643703706,1350.8593742222226,61595.686045999995,36975.4654218896,1380.6244824666674,9471.009237121438,46446.474659011044,30.42043333333379,0,0.0
2025-04-02,0.85,0.15,rule,resid_vol7,371.7648943313512,0.9833333333333333,1350.8593742222226,1933.026101222222,67335.707097,40400.8337307084,913.5069499999998,4451.111026016666,44851.94475672507,3141.40505239095,0,0.0
2025-04-03,0.85,0.15,rule,resid_vol7,399.4668669642135,1.0,1933.026101222222,2027.3337546296316,69099.06534,41900.068963319995,0.0,0.0,41900.068963319995,9227.416147037042,0,0.0
2025-04-04,0.85,0.15,rule,resid_vol7,402.60008775594355,1.0,2027.3337546296316,2848.219400740742,31552.268803,16732.614280350303,0.0,0.0,16732.614280350303,21777.078114069962,0,0.0
2025-04-05,0.85,0.15,rule,resid_vol7,424.12743265087397,1.0,2848.219400740742,2181.145849777777,29376.994405000005,15471.330636108001,0.0,0.0,15471.330636108001,15715.506724790124,0,0.0
2025-04-06,0.85,0.15,rule,resid_vol7,407.7371418458876,0.984375,2181.145849777777,1994.1006142222222,68073.56682000001,41158.069074001,0.0,0.0,41158.069074001,10267.718099300419,0,0.0
2025-04-07,0.85,0.15,rule,resid_vol7,408.23463726634975,0.9846153846153847,1994.1006142222222,2191.0027399259284,67830.79002,40901.66374274,0.0,0.0,40901.66374274,10984.243839999997,0,0.0
2025-04-08,0.85,0.15,rule,resid_vol7,416.137829790362,0.9848484848484849,2191.0027399259284,1361.9560371851858,63622.81135999999,37955.028534808,118.44418580000001,826.2666401408001,38781.2951749488,6334.63229333333,0,0.0
2025-04-09,0.85,0.15,rule,resid_vol7,367.1264241587446,0.8805970149253731,1361.9560371851858,1615.7225579259277,66006.69827,39351.428410034,0.0,0.0,39351.428410034,2691.085003333334,0,0.0
2025-04-10,0.8,0.2,rule,resid_vol7,347.48309190639924,0.7352941176470589,1615.7225579259277,2024.2567310740758,65434.96170700001,39335.55839318941,0.0,0.0,39335.55839318941,6549.773740658438,0,0.0
2025-04-11,0.8,0.2,rule,resid_vol7,351.7012459998441,0.782608695652174,2024.2567310740758,2214.3458205555544,29127.13681,15082.8004005561,0.0,0.0,15082.8004005561,21137.306805395063,0,0.0
2025-04-12,0.8,0.2,rule,resid_vol7,342.80222360760473,0.7142857142857143,2214.3458205555544,2395.343969666667,28876.928488999998,14972.778805006601,0.0,0.0,14972.778805006601,17451.047656460905,0,0.0
2025-04-13,0.8,0.2,rule,resid_vol7,344.0671583275228,0.7183098591549296,2395.343969666667,1940.1835516296314,63202.49348700001,37975.852907427296,0.0,0.0,37975.852907427296,5621.9955959465,0,0.0
2025-04-14,0.8,0.2,rule,resid_vol7,344.964785296192,0.7222222222222222,1940.1835516296314,1808.2074187037044,63665.55083000001,38059.672353589,0.0,0.0,38059.672353589,7570.749420082308,0,0.0
2025-04-15,0.8,0.2,rule,resid_vol7,322.8267715280623,0.5753424657534246,1808.2074187037044,1633.2536458518507,61048.606938,36363.1300897382,0.0,0.0,36363.1300897382,7514.514924197539,0,0.0
2025-04-16,0.8,0.2,rule,resid_vol7,348.7525302751809,0.7567567567567568,1633.2536458518507,1479.4931942962987,62492.037580000004,37154.425357331,0.0,0.0,37154.425357331,3137.6150155967102,0,0.0
2025-04-17,0.8,0.2,rule,resid_vol7,326.98184192322395,0.6,1479.4931942962987,2048.186951333333,63395.53334000001,37908.429896053,0.0,0.0,37908.429896053,6034.972678930049,0,0.0
2025-04-18,0.8,0.2,rule,resid_vol7,317.961784179469,0.5263157894736842,2048.186951333333,2568.0124661111117,28805.568116000002,14829.686641478002,0.0,0.0,14829.686641478002,19518.58442217284,0,0.0
2025-04-19,0.7,0.3,rule,resid_vol7,299.135969715665,0.36363636363636365,2568.0124661111117,2052.4937430740715,26479.171229,13479.9178787151,0.0,0.0,13479.9178787151,18021.95299063786,0,0.0
2025-04-20,0.7,0.3,rule,resid_vol7,298.4257632394972,0.34615384615384615,2052.4937430740715,1866.0777928518532,59160.426922,35342.5727510059,0.0,0.0,35342.5727510059,3656.106220395067,0,0.0
2025-04-21,0.7,0.3,rule,resid_vol7,299.6732747846999,0.379746835443038,1866.0777928518532,1381.9266781851861,58941.887564000004,35123.2099998246,0.0,0.0,35123.2099998246,7367.391788567915,0,0.0
2025-04-22,0.8,0.2,rule,resid_vol7,318.7120056760856,0.55,1381.9266781851861,1623.8499121481489,58716.262052,34798.2256091398,0.0,0.0,34798.2256091398,2706.9182640329354,0,0.0
2025-04-23,0.7,0.3,rule,resid_vol7,295.26938209096505,0.3333333333333333,1623.8499121481489,1494.143431518519,57583.27375000001,34082.679747324,0.0,0.0,34082.679747324,2666.04821094651,0,0.0
2025-04-24,0.7,0.3,rule,resid_vol7,296.2385898359026,0.34146341463414637,1494.143431518519,1750.063872629633,59172.512329000005,35242.6443660916,0.0,0.0,35242.6443660916,8167.985904102886,0,0.0
2025-04-25,0.8,0.2,rule,resid_vol7,315.4342004180287,0.5301204819277109,1750.063872629633,2201.8036403333363,27705.022210000003,13952.6264668174,0.0,0.0,13952.6264668174,22885.410175102883,0,0.0
2025-04-26,0.8,0.2,rule,resid_vol7,316.3715258951089,0.5357142857142857,2201.8036403333363,2072.9967920370395,26726.202059000003,13469.7193725907,0.0,0.0,13469.7193725907,24683.10344924692,0,0.0
2025-04-27,0.8,0.2,rule,resid_vol7,351.3922909327785,0.8117647058823529,2072.9967920370395,1798.2970989259231,57822.096976,34537.7269935172,0.0,0.0,34537.7269935172,5936.786028884778,0,0.0
2025-04-28,0.8,0.2,rule,resid_vol7,356.3472927013653,0.8372093023255814,1798.2970989259231,1585.6560120000006,57953.529165,34677.1438421904,2450.5404852666647,16632.14865025255,51309.29249244295,711.7426436625539,0,0.0
2025-04-29,0.85,0.15,rule,resid_vol7,414.21915569229594,0.9770114942528736,1585.6560120000006,1704.7236240000009,58458.931205,34665.0282970278,497.33101749999776,3469.3811780799842,38134.40947510778,8064.41862753087,0,0.0
2025-04-30,0.85,0.15,rule,resid_vol7,414.94108059336577,0.9772727272727273,1704.7236240000009,1619.0512248518537,59148.545839,35128.4655645406,0.0,0.0,35128.4655645406,7733.768555049388,0,0.0
2025-05-01,0.85,0.15,rule,resid_vol7,423.6278535025479,0.9887640449438202,1619.0512248518537,1222.837434,60090.737596000006,35977.5463031754,1710.2650966666656,8571.783727276663,44549.33003045206,7363.0756869053575,0,0.0
2025-05-02,0.85,0.15,rule,resid_vol7,421.81704479535637,0.9777777777777777,1222.837434,1381.1917150740742,29655.1253719,15620.03046582807,154.53893483333303,868.1915554373315,16488.2220212654,12819.635345292181,0,0.0
2025-05-03,0.85,0.15,rule,resid_vol7,454.5254775954995,1.0,1381.1917150740742,1343.5292681111112,29085.774359000003,15211.570196988101,223.42581413333156,1087.458354918856,16299.028551906957,18167.365147901233,0,0.0
2025-05-04,0.85,0.15,rule,resid_vol7,411.53665838186936,0.9239130434782609,1343.5292681111112,1239.8656464444446,63628.228633,38193.2700815551,565.676006466665,3061.50650512859,41254.77658668369,9287.001291230456,0,0.0
2025-05-05,0.85,0.15,rule,resid_vol7,417.1026298305157,0.956989247311828,1239.8656464444446,2277.359588592593,66707.5839339,40565.01943785728,0.0,0.0,40565.01943785728,6732.877085967082,0,0.0
2025-05-06,0.8,0.2,rule,resid_vol7,378.75502432158567,0.8617021276595744,2277.359588592593,1635.427109925927,61018.175943,37463.1184829872,0.0,0.0,37463.1184829872,5120.16430361729,0,0.0
2025-05-07,0.8,0.2,rule,resid_vol7,380.8659935102691,0.8631578947368421,1635.427109925927,1643.1089981851867,62638.843636000005,38157.0950682334,0.0,0.0,38157.0950682334,3868.156466131686,0,0.0
2025-05-08,0.8,0.2,rule,resid_vol7,365.85182370263425,0.8020833333333334,1643.1089981851867,2135.107198011112,65056.63205401,40055.94072957361,35.999250000000075,243.2289326250005,40299.16966219861,5030.469141312761,0,0.0
2025-05-09,0.8,0.2,rule,resid_vol7,369.717031605596,0.8247422680412371,2135.107198011112,3559.178167111113,31305.059472499997,17408.93816255615,0.0,0.0,17408.93816255615,18938.046397039096,0,0.0
2025-05-10,0.8,0.2,rule,resid_vol7,332.8480274302653,0.5714285714285714,3559.178167111113,2584.3124122222252,28616.6877909,16096.92807402211,0.0,0.0,16096.92807402211,15559.901384798352,0,0.0
2025-05-11,0.8,0.2,rule,resid_vol7,347.8548082269922,0.6666666666666666,2584.3124122222252,1835.694879744446,63858.19967297,39083.93592324953,41.18071666666674,277.36103945833383,39361.29696270787,5794.3041551852,0,0.0
2025-05-12,0.8,0.2,rule,resid_vol7,341.0740498931555,0.59,1835.694879744446,2268.1889249259284,65232.10218,39686.252524330004,0.0,0.0,39686.252524330004,9721.127904448564,0,0.0
2025-05-13,0.8,0.2,rule,resid_vol7,366.12621550519697,0.801980198019802,2268.1889249259284,1443.2088593703706,61033.510339,36767.858180179595,314.34949473333245,1946.8930646973945,38714.75124487699,5619.314089041165,0,0.0
2025-05-14,0.8,0.2,rule,resid_vol7,348.79815465640957,0.6862745098039216,1443.2088593703706,1606.0152094074074,63264.34827,38334.20310986,0.0,0.0,38334.20310986,6686.054113045271,0,0.0
2025-05-15,0.8,0.2,rule,resid_vol7,347.64073141343414,0.6504854368932039,1606.0152094074074,2183.0784518888904,64338.854783,38996.8857498812,0.0,0.0,38996.8857498812,7349.513116662553,0,0.0
2025-05-16,0.8,0.2,rule,resid_vol7,338.65812267841255,0.5673076923076923,2183.0784518888904,2142.8047255925926,28497.7404663,15431.91475566517,0.0,0.0,15431.91475566517,23648.81820374856,0,0.0
2025-05-17,0.8,0.2,rule,resid_vol7,356.93949805424194,0.7523809523809524,2142.8047255925926,1973.7068764074095,28334.354446619996,15221.602937306678,0.0,0.0,15221.602937306678,15965.750257990368,0,0.0
2025-05-18,0.8,0.2,rule,resid_vol7,357.21653348180956,0.7641509433962265,1973.7068764074095,2078.595536740741,62384.9921762,38037.9802826829,5.236666666666679,35.318698333333415,38073.29898101624,5137.411163415644,0,0.0
2025-05-19,0.8,0.2,rule,resid_vol7,362.4563150003689,0.7850467289719626,2078.595536740741,1770.9598032962965,61915.22242,37545.311274316,67.00333333333344,451.90398166666745,37997.21525598267,11532.530488930042,0,0.0
2025-05-20,0.8,0.2,rule,resid_vol7,358.8790443752605,0.7777777777777778,1770.9598032962965,1273.9873980000011,59400.836888000005,36001.17078700061,13.742978166666148,95.87101569066306,36097.04180269127,1948.984188353913,0,0.0
2025-05-21,0.85,0.15,rule,resid_vol7,382.5231017965185,0.8807339449541285,1273.9873980000011,1697.3100363703704,62933.1726,38026.221390549006,0.0,0.0,38026.221390549006,7923.357126707819,0,0.0
2025-05-22,0.85,0.15,rule,resid_vol7,402.08927255295106,0.8909090909090909,1697.3100363703704,2449.41661562963,63180.897247,38356.9403691325,2.57000000000005,17.333365000000338,38374.2737341325,8111.650337452679,0,0.0
2025-05-23,0.8,0.2,rule,resid_vol7,393.5680498905157,0.8738738738738738,2449.41661562963,2617.2706665185215,27887.211976,15076.1243466758,0.0,0.0,15076.1243466758,19112.100072090536,0,0.0
2025-05-24,0.8,0.2,rule,resid_vol7,369.6542216103815,0.8125,2617.2706665185215,2487.2488081481483,27594.810892,15042.843404258601,0.0,0.0,15042.843404258601,22022.05181718519,0,0.0
2025-05-25,0.8,0.2,rule,resid_vol7,370.10441146729414,0.8230088495575221,2487.2488081481483,1924.0613004444456,60108.59077,36631.892431931,0.0,0.0,36631.892431931,9016.58720399177,0,0.0
2025-05-26,0.8,0.2,rule,resid_vol7,361.7918559530881,0.7456140350877193,1924.0613004444456,2122.3849080962973,60007.43025642,36665.76692271634,0.0,0.0,36665.76692271634,1694.4684409465044,0,0.0
2025-05-27,0.8,0.2,rule,resid_vol7,360.4799225910562,0.7391304347826086,2122.3849080962973,1306.0050583333343,57626.4189622,35037.54777762622,42.215439999998694,293.95471746665766,35331.50249509288,5763.79098555803,0,0.0
2025-05-28,0.8,0.2,rule,resid_vol7,342.7485428468488,0.5517241379310345,1306.0050583333343,1653.3657971111134,59335.01947,35750.979448554994,0.0,0.0,35750.979448554994,3090.898139917695,0,0.0
2025-05-29,0.8,0.2,rule,resid_vol7,349.3744323766218,0.6410256410256411,1653.3657971111134,1885.0141147777797,60248.576667,36541.4408561148,17.817433333333497,119.77769558333443,36661.21855169813,2095.335420333344,0,0.0
2025-05-30,0.8,0.2,rule,resid_vol7,364.04242758552766,0.7711864406779662,1885.0141147777797,2678.1070331481524,28594.619655000002,15425.938944683501,0.0,0.0,15425.938944683501,18905.855687078194,0,0.0
2025-05-31,0.8,0.2,rule,resid_vol7,379.238123548826,0.8571428571428571,2678.1070331481524,2547.951963592592,27377.063496100003,14766.06742763339,0.0,0.0,14766.06742763339,17155.29654873375,0,0.0
2025-06-01,0.8,0.2,rule,resid_vol7,366.6664341003246,0.7833333333333333,2547.951963592592,1200.0,61185.78275,37293.248018225,11359.418487166664,69250.42838072497,106543.67639894997,34.484333333333666,0,0.0
2025-06-02,0.85,0.15,rule,resid_vol7,489.3830750624994,1.0,1200.0,1200.0,71467.370416,43626.471901811296,3311.571581166665,21056.437704557946,64682.90960636924,2148.6304926749076,0,0.0
2025-06-03,0.85,0.15,rule,resid_vol7,513.1821569559107,1.0,1200.0,1202.969206518519,71227.9357683,43271.71900923921,1574.4373591133358,9831.74794335097,53103.466952590185,481.99136333333456,0,0.0
2025-06-04,0.85,0.15,rule,resid_vol7,511.93306116504164,0.991869918699187,1202.969206518519,1749.060233518519,76215.210198,46964.4467480402,8.164115333333484,56.77048821033437,47021.21723625054,1997.5425818107133,0,0.0
2025-06-05,0.85,0.15,rule,resid_vol7,508.588201736255,0.9838709677419355,1749.060233518519,1946.2855768888921,78432.971191,48735.06767237649,56.11045800000022,378.8863498835015,49113.95402225999,2845.3335912757307,0,0.0
2025-06-06,0.85,0.15,rule,resid_vol7,508.68531220544065,0.984,1946.2855768888921,1200.0,32565.510667,18077.1632554883,2761.8429150333322,17165.19989741081,35242.36315289911,2588.04498938272,0,0.0
2025-06-07,0.85,0.15,rule,resid_vol7,517.7230808847432,1.0,1200.0,1672.683116259261,36110.218814,20605.520758965602,0.0,0.0,20605.520758965602,2136.4313383209865,0,0.0
2025-06-08,0.85,0.15,rule,resid_vol7,510.2688846353591,0.9763779527559056,1672.683116259261,2616.2587900000017,85588.0430366,53989.905234302,0.0,0.0,53989.905234302,16327.594201316877,0,0.0
2025-06-09,0.85,0.15,rule,resid_vol7,512.1960527644483,0.984375,2616.2587900000017,2101.064677888891,82653.254428,52019.2576527304,51.43767200000002,346.8946968106668,52366.152349541066,8668.935407633757,0,0.0
2025-06-10,0.85,0.15,rule,resid_vol7,484.66466733727435,0.937984496124031,2101.064677888891,1611.6229706666707,81945.595865,51224.9445072674,13.998626000000172,94.51913651366783,51319.46364378107,6974.854966921816,0,0.0
2025-06-11,0.85,0.15,rule,resid_vol7,478.7856695918194,0.9307692307692308,1611.6229706666707,1646.847546444445,81991.979368,50805.2602113647,1332.7559939999976,7651.5287360404855,58456.788947405184,2792.7319062963006,0,0.0
2025-06-12,0.85,0.15,rule,resid_vol7,481.60196194947747,0.9312977099236641,1646.847546444445,2434.5008510000025,85718.91526000001,53976.535637882,0.0,0.0,53976.535637882,8358.194346345681,0,0.0
2025-06-13,0.85,0.15,rule,resid_vol7,475.8258836374112,0.9166666666666666,2434.5008510000025,3936.366122629631,41325.133734999996,24665.813678073202,0.0,0.0,24665.813678073202,9050.691876646097,0,0.0
2025-06-14,0.85,0.15,rule,resid_vol7,431.59952002871375,0.9022556390977443,3936.366122629631,2642.1974338518517,37031.203150600006,22171.6927857373,0.0,0.0,22171.6927857373,10080.747086196712,0,0.0
2025-06-15,0.8,0.2,rule,resid_vol7,404.09638029100523,0.8208955223880597,2642.1974338518517,2408.9850965185215,82241.772452,51945.1847442538,5.016469333333362,33.83357741866686,51979.01832167246,8098.36762385186,0,0.0
2025-06-16,0.8,0.2,rule,resid_vol7,363.6012561761931,0.674074074074074,2408.9850965185215,2060.0891578148157,82560.03115499999,52079.826564308794,24.762771000000043,167.13007879666696,52246.95664310546,6224.652596925929,0,0.0
2025-06-17,0.8,0.2,rule,resid_vol7,357.24422310363286,0.6176470588235294,2060.0891578148157,1247.0000160000002,81278.911078,50854.6405444595,543.6869271999985,3463.70625375056,54318.34679821006,3983.817016283953,0,0.0
2025-06-18,0.8,0.2,rule,resid_vol7,373.8202987105449,0.7591240875912408,1247.0000160000002,2042.5456754814827,82743.163516,51662.637380846805,0.0,0.0,51662.637380846805,7352.736398802477,0,0.0
2025-06-19,0.7,0.3,rule,resid_vol7,329.6149144725437,0.4057971014492754,2042.5456754814827,1881.4841651851868,79374.24204099999,49539.55670682999,133.71773233333352,900.6264179711679,50440.18312480116,7395.756806909475,0,0.0
2025-06-20,0.8,0.2,rule,resid_vol7,352.6723149898553,0.5755395683453237,1881.4841651851868,2259.230233814816,35573.478254,20912.580543793098,0.0,0.0,20912.580543793098,10447.91262566667,0,0.0
2025-06-21,0.7,0.3,rule,resid_vol7,331.8025309100072,0.40714285714285714,2259.230233814816,2351.467103407406,33950.751655,19582.5547147004,0.0,0.0,19582.5547147004,12174.770447139917,0,0.0
2025-06-22,0.8,0.2,rule,resid_vol7,373.57196495819204,0.7588652482269503,2351.467103407406,2134.2478098888896,80508.988458,50646.910977871696,0.0,0.0,50646.910977871696,9766.366531090538,0,0.0
2025-06-23,0.8,0.2,rule,resid_vol7,380.94822315182324,0.7887323943661971,2134.2478098888896,1804.0128088518538,79740.0967096,49794.2674397541,0.0,0.0,49794.2674397541,9195.324953353094,0,0.0
2025-06-24,0.8,0.2,rule,resid_vol7,384.4878400650436,0.7972027972027972,1804.0128088518538,1509.664556518519,77663.202761,48056.3703564007,3104.660867679996,16973.3866776029,65029.7570340036,594.9699511111171,0,0.0
2025-06-25,0.85,0.15,rule,resid_vol7,431.7028061111982,0.9097222222222222,1509.664556518519,2175.5258483703715,80585.6868919,50181.924657587806,0.0,0.0,50181.924657587806,5331.527504020584,0,0.0
2025-06-26,0.85,0.15,rule,resid_vol7,450.2790949036238,0.9103448275862069,2175.5258483703715,1938.082472555557,81251.891349,51028.3426179002,59.596925000000056,402.06883414283374,51430.41145204303,10113.741994444452,0,0.0
2025-06-27,0.85,0.15,rule,resid_vol7,442.2265934856479,0.9041095890410958,1938.082472555557,2602.6585814444447,34854.151066,20124.168137696,0.0,0.0,20124.168137696,11990.602685876544,0,0.0
2025-06-28,0.85,0.15,rule,resid_vol7,447.94752238053906,0.9047619047619048,2602.6585814444447,2465.3847636296327,33980.321276,19578.873844593298,0.0,0.0,19578.873844593298,10252.004986370373,0,0.0
2025-06-29,0.8,0.2,rule,resid_vol7,417.05092802043305,0.8513513513513513,2465.3847636296327,2422.493964888892,79472.169704,49855.0036112233,0.0,0.0,49855.0036112233,6559.667739633753,0,0.0
2025-06-30,0.8,0.2,rule,resid_vol7,416.7358390345039,0.8456375838926175,2422.493964888892,2026.474902407409,79511.753139,49878.0081261234,28.091370666666762,189.27671780850065,50067.2848439319,6444.522652983542,0,0.0
2025-07-01,0.8,0.2,rule,resid_vol7,414.1748074883834,0.82,2026.474902407409,1200.0,78492.302954,48703.772294916096,5032.57752013333,25784.021441262048,74487.79373617814,1451.011423596708,0,0.0
2025-07-02,0.8,0.2,rule,resid_vol7,396.7704690188564,0.7682119205298014,1200.0,1613.053907370372,89116.857735,56198.4916062014,174.8690999999999,1179.4431069516659,57377.93471315307,12486.78695331276,0,0.0
2025-07-03,0.8,0.2,rule,resid_vol7,415.53154604684175,0.8355263157894737,1613.053907370372,1974.9307915185195,93244.686214,59462.237583676004,9.36609999999996,65.33791359999972,59527.575497276004,9128.674256839506,0,0.0
2025-07-04,0.8,0.2,rule,resid_vol7,413.2936595961428,0.8104575163398693,1974.9307915185195,1200.0,37639.671077,22191.5123432705,3147.402972599996,13564.623810359913,35756.13615363042,10158.486765456788,0,0.0
2025-07-05,0.85,0.15,rule,resid_vol7,444.7519304614437,0.9025974025974026,1200.0,1286.4260706666676,43640.112948,25615.060051538,121.23271333333037,845.7194082133126,26460.779459751313,12374.68002088066,0,0.0
2025-07-06,0.85,0.15,rule,resid_vol7,457.9866229731296,0.9225806451612903,1286.4260706666676,1705.7321673703716,90544.649224,57694.9616728856,49.51803523333297,345.43781378773076,58040.39948667333,6352.422971325108,0,0.0
2025-07-07,0.85,0.15,rule,resid_vol7,461.9911720612181,0.9230769230769231,1705.7321673703716,2371.6979560000013,93265.954535,59609.725759023,0.0,0.0,59609.725759023,15917.373583106997,0,0.0
2025-07-08,0.85,0.15,rule,resid_vol7,478.73762095779017,0.9299363057324841,2371.6979560000013,2877.071168259259,90193.3759999,57789.7672637248,0.0,0.0,57789.7672637248,10416.69795014691,0,0.0
2025-07-09,0.85,0.15,rule,resid_vol7,451.1867446933466,0.8987341772151899,2877.071168259259,2459.172731666667,87654.477539,56116.0855278985,7.875563333333275,53.09311021166628,56169.17863811016,10508.079579534984,0,0.0
2025-07-10,0.8,0.2,rule,resid_vol7,429.2721268697576,0.8553459119496856,2459.172731666667,1761.7581333703738,85716.355858,54497.0868670664,52.8045033333334,356.18715865833383,54853.274025724735,9751.761791580244,0,0.0
2025-07-11,0.8,0.2,rule,resid_vol7,427.22599524491983,0.85,1761.7581333703738,2438.2013051111135,49278.9401875,28849.21745594805,0.0,0.0,28849.21745594805,13474.094048816874,0,0.0
2025-07-12,0.8,0.2,rule,resid_vol7,424.9047630357402,0.84472049689441,2438.2013051111135,1773.1660477777793,43699.447570000004,26379.282202620303,0.0,0.0,26379.282202620303,10908.059764399179,0,0.0
2025-07-13,0.8,0.2,rule,resid_vol7,408.6335704384973,0.7592592592592593,1773.1660477777793,2323.2355632222234,86508.9308155,54970.38496764726,33.013400000000274,222.04305924500187,55192.42802689226,13201.060555088483,0,0.0
2025-07-14,0.8,0.2,rule,resid_vol7,413.0747821078505,0.7668711656441718,2323.2355632222234,2135.250361962965,84799.82271000001,53880.241309583,17.389950000000226,117.12224359333486,53997.363553176336,9809.797488847746,0,0.0
2025-07-15,0.8,0.2,rule,resid_vol7,400.51943287676795,0.7195121951219512,2135.250361962965,2511.43312925926,83936.737515,53246.707404581,0.0,0.0,53246.707404581,7272.5432718107,0,0.0
2025-07-16,0.8,0.2,rule,resid_vol7,410.78177396603274,0.7575757575757576,2511.43312925926,1800.4537434444471,82291.74878999998,52056.694249059,40.81747666666661,275.7196721599996,52332.413921219,7322.837383415648,0,0.0
2025-07-17,0.8,0.2,rule,resid_vol7,419.256160356492,0.8253012048192772,1800.4537434444471,1756.2767112962983,83825.805937,52823.6874902224,19.686836666666977,136.81403293666878,52960.501523159066,7015.12137205762,0,0.0
2025-07-18,0.8,0.2,rule,resid_vol7,425.1068514326306,0.8502994011976048,1756.2767112962983,2017.889156703703,43936.230494,26286.920622564,0.0,0.0,26286.920622564,9975.449964699592,0,0.0
2025-07-19,0.8,0.2,rule,resid_vol7,395.69345296531674,0.6904761904761905,2017.889156703703,2016.9803671851848,43020.0469105,25760.7608491368,0.0,0.0,25760.7608491368,13699.949980314814,0,0.0
2025-07-20,0.8,0.2,rule,resid_vol7,391.0821700944538,0.6804733727810651,2016.9803671851848,2265.9295535185174,82647.02614999999,52468.848117613,0.0,0.0,52468.848117613,6527.923543991784,0,0.0
2025-07-21,0.7,0.3,rule,resid_vol7,356.0398440233742,0.4823529411764706,2265.9295535185174,2189.7458302962987,80553.540695,51021.466266301504,3.8187133333334486,26.639344213334137,51048.10561051484,2732.6370183539075,0,0.0
2025-07-22,0.7,0.3,rule,resid_vol7,354.4448312807084,0.47953216374269003,2189.7458302962987,1269.7222484074075,78080.12700000001,49089.829731579,300.15053006666403,2063.475754606715,51153.30548618571,1523.3637266666678,0,0.0
2025-07-23,0.7,0.3,rule,resid_vol7,343.04667839011114,0.3953488372093023,1269.7222484074075,1604.2966383703715,81109.75450099999,50903.4791447539,25.94915666666691,175.0686195316683,51078.54776428557,2388.566620246919,0,0.0
2025-07-24,0.7,0.3,rule,resid_vol7,334.1927955201891,0.34104046242774566,1604.2966383703715,1757.4302435555603,82122.41139,51683.2197322,0.0,0.0,51683.2197322,4276.071441111117,0,0.0
2025-07-25,0.7,0.3,rule,resid_vol7,343.3370456057488,0.40229885057471265,1757.4302435555603,1831.9302234074084,41519.852809,24631.663972969698,0.0,0.0,24631.663972969698,12465.264028012352,0,0.0
2025-07-26,0.7,0.3,rule,resid_vol7,330.8645256439368,0.32571428571428573,1831.9302234074084,1814.8693772592617,41355.733902399996,24758.61308947482,0.0,0.0,24758.61308947482,10498.60301441646,0,0.0
2025-07-27,0.7,0.3,rule,resid_vol7,336.0817964676113,0.3465909090909091,1814.8693772592617,2133.864815925927,81095.47607399999,51215.9480207408,369.79923949999903,1852.446342228245,53068.39436296904,3246.3377012016476,0,0.0
2025-07-28,0.7,0.3,rule,resid_vol7,342.9942941183715,0.4011299435028249,2133.864815925927,1314.5054374444449,80843.35647,50980.461399405,1252.1335042999972,8062.730190574668,59043.19158997967,954.3117072839569,0,0.0
2025-07-29,0.8,0.2,rule,resid_vol7,360.7194664939871,0.5617977528089888,1314.5054374444449,2181.802996962966,84674.98519,53249.542931223,51.38587000000018,346.1174107916679,53595.660342014664,3756.461357078201,0,0.0
2025-07-30,0.8,0.2,rule,resid_vol7,358.82888978797416,0.547486033519553,2181.802996962966,2292.2613475555577,84282.3686704,53222.12632545564,0.0,0.0,53222.12632545564,6199.664748836225,0,0.0
2025-07-31,0.8,0.2,rule,resid_vol7,361.2963215967735,0.5666666666666667,2292.2613475555577,1833.7611397407438,85082.1363136,53851.95881143037,11.54515333333336,77.65880709333351,53929.617618523705,6866.265489855148,0,0.0
2025-08-01,0.7,0.3,rule,resid_vol7,339.8575680611424,0.35911602209944754,1833.7611397407438,1928.8764516296317,41027.3216309,24306.892211245868,0.0,0.0,24306.892211245868,17212.945831969966,0,0.0
2025-08-02,0.8,0.2,rule,resid_vol7,383.3119425083682,0.6923076923076923,1928.8764516296317,2355.1138458888904,42291.0337291,25391.49916505464,0.0,0.0,25391.49916505464,18757.78914923992,0,0.0
2025-08-03,0.8,0.2,rule,resid_vol7,417.2149154741338,0.8306010928961749,2355.1138458888904,1507.7385160000013,82546.8143009,52127.156835426285,127.46248000000037,859.0615275566691,52986.21836298295,17350.63680761318,0,0.0
2025-08-04,0.85,0.15,rule,resid_vol7,471.4627103850217,0.9293478260869565,1507.7385160000013,2544.7097981111115,84465.69548,53351.255856460004,0.0,0.0,53351.255856460004,14745.783221728398,0,0.0
2025-08-05,0.85,0.15,rule,resid_vol7,455.47318176348443,0.9135135135135135,2544.7097981111115,2287.5802270000013,80783.62784,51122.397958231,0.0,0.0,51122.397958231,12409.776326502059,0,0.0
2025-08-06,0.8,0.2,rule,resid_vol7,430.8392323093715,0.8655913978494624,2287.5802270000013,1486.817504148149,76002.4646,48105.180140204,165.40862560000295,1137.0198224375715,49242.19996264157,5388.46336246914,0,0.0
2025-08-07,0.85,0.15,rule,resid_vol7,445.0948489640354,0.8877005347593583,1486.817504148149,2062.0492830000017,78948.33843,49804.353066925,23.02937666666685,155.49974639833457,49959.85281332334,11105.930476131689,0,0.0
2025-08-08,0.85,0.15,rule,resid_vol7,448.93361717285393,0.8936170212765957,2062.0492830000017,2488.3766525925953,42184.5542313,25257.21981051216,0.0,0.0,25257.21981051216,23503.643787918933,0,0.0
2025-08-09,0.8,0.2,rule,resid_vol7,436.4192027979019,0.8677248677248677,2488.3766525925953,2168.667091518519,39705.23388,23823.8683681058,0.0,0.0,23823.8683681058,18896.636465679014,0,0.0
2025-08-10,0.8,0.2,rule,resid_vol7,418.4701533678918,0.8052631578947368,2168.667091518519,2307.150885555558,75128.75980999999,47970.503514990996,10.612690000000043,74.0341254400003,48044.53764043099,6318.035351399183,0,0.0
2025-08-11,0.8,0.2,rule,resid_vol7,366.36115079000496,0.581151832460733,2307.150885555558,1867.5094242222235,74831.68471999999,47636.910304272,34.08365666666657,229.8229971683327,47866.733301440334,7098.468591193431,0,0.0
2025-08-12,0.8,0.2,rule,resid_vol7,359.1045861400577,0.5260416666666666,1867.5094242222235,1789.4822941851855,73818.95064,46873.985808582,299.6079744333349,2074.346989133611,48948.332797715615,2893.8319320164705,0,0.0
2025-08-13,0.8,0.2,rule,resid_vol7,375.5552312988979,0.6373056994818653,1789.4822941851855,2245.027946333333,74307.97033,47231.281143913,11.395173333333332,79.49272917333333,47310.773873086335,4260.2647832510265,0,0.0
2025-08-14,0.8,0.2,rule,resid_vol7,370.3382323862617,0.6134020618556701,2245.027946333333,1841.0451426666693,74731.42616,47499.321929594,51.92495666666662,358.47659169166633,47857.798521285666,5267.57259584363,0,0.0
2025-08-15,0.8,0.2,rule,resid_vol7,365.59504751678264,0.5641025641025641,1841.0451426666693,2159.6706197037033,40506.249272,24205.350743030598,0.0,0.0,24205.350743030598,20488.215632781892,0,0.0
2025-08-16,0.7,0.3,rule,resid_vol7,353.0714264266786,0.45408163265306123,2159.6706197037033,1630.8726799259266,39011.3468218,23082.715300189702,5.25215666666486,36.63904490665406,23119.354345096355,20223.15615340494,0,0.0
2025-08-17,0.8,0.2,rule,resid_vol7,358.10366283879705,0.5025380710659898,1630.8726799259266,2190.3603906296307,75698.53028,48115.324577167,75.09001999999998,505.7073655683332,48621.03194273533,8477.050135884772,0,0.0
2025-08-18,0.7,0.3,rule,resid_vol7,353.2854496448621,0.45454545454545453,2190.3603906296307,1911.020172074078,71449.09538000001,45698.598466834,124.50358333333384,846.5603488383367,46545.15881567234,3619.961178148152,0,0.0
2025-08-19,0.7,0.3,rule,resid_vol7,353.35858748256356,0.457286432160804,1911.020172074078,1622.635272037038,70594.44593,45070.266944336996,181.62922333333336,1225.1813078083335,46295.44825214533,3070.6714707818956,0,0.0
2025-08-20,0.7,0.3,rule,resid_vol7,330.50146226796363,0.285,1622.635272037038,1437.0117063333337,70250.16428,44773.457125801,4328.607414533327,27562.99698840666,72336.45411420765,720.3119004526775,0,0.0
2025-08-21,0.8,0.2,rule,resid_vol7,369.99559741669646,0.6169154228855721,1437.0117063333337,2016.1450307777784,75306.78235,47876.873415946,4.895746666666582,33.01936339333277,47909.89277933933,5177.099118024692,0,0.0
2025-08-22,0.8,0.2,rule,resid_vol7,372.7580191281536,0.6386138613861386,2016.1450307777784,1658.4539765925958,40906.928926,24328.3700222246,0.0,0.0,24328.3700222246,17426.669349835396,0,0.0
2025-08-23,0.8,0.2,rule,resid_vol7,368.017620352654,0.6009852216748769,1658.4539765925958,2156.3629499259273,41424.111833,24678.2524071821,0.0,0.0,24678.2524071821,16073.613892358026,0,0.0
2025-08-24,0.8,0.2,rule,resid_vol7,365.2882068716049,0.5637254901960784,2156.3629499259273,2187.9780030740753,76074.00716000001,48431.484337991,0.0,0.0,48431.484337991,8624.903683251037,0,0.0
2025-08-25,0.8,0.2,rule,resid_vol7,378.29890176024924,0.6585365853658537,2187.9780030740753,1857.8225581111155,76709.8385,48805.232847527,1.4399033333334046,9.707108321667148,48814.93995584866,2348.6165553909555,0,0.0
2025-08-26,0.8,0.2,rule,resid_vol7,384.5828452147161,0.6941747572815534,1857.8225581111155,2214.312228296297,76430.33963,48410.163468468,13.598273333333509,91.62665221500117,48501.79012068301,6716.1628813580355,0,0.0
2025-08-27,0.8,0.2,rule,resid_vol7,390.80918450297287,0.6956521739130435,2214.312228296297,1657.5231752592642,75391.627666,47928.492104517594,12.062227333333453,81.22047939366747,48009.71258391126,4114.309859300417,0,0.0
2025-08-28,0.7,0.3,rule,resid_vol7,354.29626754770715,0.44711538461538464,1657.5231752592642,1385.7671087037043,73642.011096,46973.4796601738,1306.637428766665,9001.796358230104,55975.2760184039,453.6555132510416,0,0.0
2025-08-29,0.8,0.2,rule,resid_vol7,389.82760644338174,0.69377990430622,1385.7671087037043,2448.160403592595,42917.526591,25757.9694520071,0.0,0.0,25757.9694520071,16564.692224621394,0,0.0
2025-08-30,0.8,0.2,rule,resid_vol7,389.17115670475863,0.6904761904761905,2448.160403592595,1913.220630814816,40953.845776,24615.795191854202,0.0,0.0,24615.795191854202,20742.760707399182,0,0.0
2025-08-31,0.8,0.2,rule,resid_vol7,407.60825915980627,0.7440758293838863,1913.220630814816,2393.9571011851867,78369.14489,49955.162322876,12.62863666666658,88.09736938666606,50043.25969226267,7348.626585267495,0,0.0
2025-09-01,0.8,0.2,rule,resid_vol7,389.0909823586058,0.6839622641509434,2393.9571011851867,5658.569806000003,78062.462053,49776.496772664206,0.0,0.0,49776.496772664206,17829.236664691372,0,0.0
2025-09-02,0.85,0.15,rule,resid_vol7,438.48134348162597,0.8826291079812206,5658.569806000003,2952.4053882222224,63950.055605,40597.635209104395,0.0,0.0,40597.635209104395,9194.996205226344,0,0.0
2025-09-03,0.85,0.15,rule,resid_vol7,436.878918299556,0.8785046728971962,2952.4053882222224,2053.297733407408,65582.1580864,40928.49098292087,0.0,0.0,40928.49098292087,7646.274096502057,0,0.0
2025-09-04,0.8,0.2,rule,resid_vol7,431.1662591910457,0.8604651162790697,2053.297733407408,1846.7590888888897,64069.618578249996,39842.68019149482,76.82813415000135,524.3285454554094,40367.00873695023,6661.639743703706,0,0.0
2025-09-05,0.8,0.2,rule,resid_vol7,392.5268438184012,0.6944444444444444,1846.7590888888897,5311.198234296295,39957.136697,23986.0746131615,0.0,0.0,23986.0746131615,27045.629697781893,0,0.0
2025-09-06,0.8,0.2,rule,resid_vol7,418.03993824747147,0.8110599078341014,5311.198234296295,3562.0830145185214,31298.350386,18546.9496455318,0.0,0.0,18546.9496455318,23055.708513654317,0,0.0
2025-09-07,0.8,0.2,rule,resid_vol7,431.7454260096641,0.8715596330275229,3562.0830145185214,2171.273488574075,62143.24516215,39240.87428620258,0.0,0.0,39240.87428620258,5031.732950753096,0,0.0
2025-09-08,0.85,0.15,rule,resid_vol7,437.3527562522704,0.8812785388127854,2171.273488574075,1200.0,62272.059429,38422.439488365606,1567.529246233334,9517.850915027208,47940.29040339281,1832.7126088271634,0,0.0
2025-09-09,0.85,0.15,rule,resid_vol7,441.7096267613653,0.8863636363636364,1200.0,1641.115551555555,65187.53384,40218.351325270996,2.352616666666677,15.868399416666735,40234.21972468766,7811.927642592598,0,0.0
2025-09-10,0.85,0.15,rule,resid_vol7,448.3134987293637,0.9049773755656109,1641.115551555555,1473.9993569259261,64446.780880000006,39819.360323127,1551.557841833324,9913.242464070408,49732.60278719741,941.4527522633763,0,0.0
2025-09-11,0.85,0.15,rule,resid_vol7,493.0214444281639,0.9684684684684685,1473.9993569259261,2131.1407756666695,68774.27895770001,42643.90611904136,6.071666666666715,40.929105000000334,42684.835224041366,10671.332868633745,0,0.0
2025-09-12,0.85,0.15,rule,resid_vol7,491.06503459656403,0.9641255605381166,2131.1407756666695,2218.996959555554,33569.2410094,18852.596704035903,0.0,0.0,18852.596704035903,19263.63535907078,0,0.0
2025-09-13,0.8,0.2,rule,resid_vol7,432.333998688798,0.8526785714285714,2218.996959555554,2027.356856777776,31656.708028,17779.4364073992,0.0,0.0,17779.4364073992,21367.304358230453,0,0.0
2025-09-14,0.8,0.2,rule,resid_vol7,407.96501578450835,0.7155555555555555,2027.356856777776,1490.7076940370407,65955.62252,41143.833119566,0.0,0.0,41143.833119566,2492.1010612345735,0,0.0
2025-09-15,0.8,0.2,rule,resid_vol7,413.7255936318529,0.7433628318584071,1490.7076940370407,2125.6567683703693,68480.5658523,42626.17921460586,1.1717666666667128,7.89360615000031,42634.07282075586,8792.64151794239,0,0.0
2025-09-16,0.8,0.2,rule,resid_vol7,395.0028269107014,0.6696035242290749,2125.6567683703693,1461.3864010000007,65200.138430000006,40652.076297333,8.238266666666732,55.38174766666711,40707.458044999665,2635.2928849382774,0,0.0
2025-09-17,0.8,0.2,rule,resid_vol7,394.55901940083254,0.6666666666666666,1461.3864010000007,1456.4040568888904,66668.01907000001,41141.953391083,7.62916666666672,34.70889375000024,41176.662284833,2639.6181555555577,0,0.0
2025-09-18,0.7,0.3,rule,resid_vol7,352.31028220510916,0.388646288209607,1456.4040568888904,1432.9987914074077,65099.777008000005,40479.62772311219,46.534802633332646,201.45691764847982,40681.08464076067,1912.338507489717,0,0.0
2025-09-19,0.7,0.3,rule,resid_vol7,339.5941610899551,0.28695652173913044,1432.9987914074077,2355.0278868888913,33634.374150999996,18822.3396746931,0.0,0.0,18822.3396746931,13774.587446954729,0,0.0
2025-09-20,0.7,0.3,rule,resid_vol7,347.7538794001769,0.35064935064935066,2355.0278868888913,1889.3438185185205,31341.725382000004,17492.767887568,85.7634034999953,304.7275080732338,17797.495395641232,13590.608819094652,0,0.0
2025-09-21,0.7,0.3,rule,resid_vol7,332.606822568515,0.25862068965517243,1889.3438185185205,1765.6678943333359,67396.85227999999,42034.254600471,0.0,0.0,42034.254600471,5542.593481028805,0,0.0
2025-09-22,0.7,0.3,rule,resid_vol7,337.7619230082042,0.2832618025751073,1765.6678943333359,1542.328864111112,67116.793407,41830.5535000359,19.555900000000065,131.78740035000044,41962.340900385905,2795.954594530871,0,0.0
2025-09-23,0.7,0.3,rule,resid_vol7,315.54782430441054,0.19230769230769232,1542.328864111112,1613.1000268888895,67285.63618,41684.705569688,782.3420341999972,5339.0669614731805,47023.77253116118,1747.2537268312803,0,0.0
2025-09-24,0.7,0.3,rule,resid_vol7,307.6232161871957,0.1574468085106383,1613.1000268888895,1672.241120740745,66410.7627779,41097.86915749888,652.9792599333313,3316.7041694773225,44414.5733269762,1923.8549033333368,0,0.0
2025-09-25,0.7,0.3,rule,resid_vol7,296.87472648711315,0.1228813559322034,1672.241120740745,1476.9997541851874,68392.220058,42673.2009995566,15.37166666666667,103.4974316666667,42776.69843122327,4184.137141769551,0,0.0
2025-09-26,0.7,0.3,rule,resid_vol7,293.3440867959283,0.10970464135021098,1476.9997541851874,2100.243048074077,34239.37026,19134.076878102,0.0,0.0,19134.076878102,13089.088861234572,0,0.0
2025-09-27,0.7,0.3,rule,resid_vol7,292.8519121677288,0.1092436974789916,2100.243048074077,1267.7135738148154,32281.634136,17938.616126339002,268.6665240666636,1874.2176718890453,19812.833798228046,12841.73043144033,0,0.0
2025-09-28,0.7,0.3,rule,resid_vol7,296.8006804288353,0.1297071129707113,1267.7135738148154,1880.4727758518525,69860.648105,43513.2590182435,289.5453849333318,1416.1300679209257,44929.389086164425,1919.246537386838,0,0.0
2025-09-29,0.7,0.3,rule,resid_vol7,283.85746408873996,0.1,1880.4727758518525,1604.2912756666676,69860.55785,43509.399605617,26.015016666666725,134.7362566666671,43644.13586228367,3371.509685473261,0,0.0
2025-09-30,0.7,0.3,rule,resid_vol7,282.28048747916097,0.0912863070539419,1604.2912756666676,1482.4441217037045,69396.65147489999,43205.019773391316,1005.6201744000011,6165.228801929366,49370.248575320686,859.3063833333347,0,0.0
2025-10-01,0.7,0.3,rule,resid_vol7,286.11529131584444,0.10743801652892562,1482.4441217037045,3225.646261592594,68634.2846215,42384.5521304112,0.0,0.0,42384.5521304112,13612.053343333337,0,0.0
2025-10-02,0.8,0.2,rule,resid_vol7,386.12803754378007,0.654320987654321,3225.646261592594,2219.499893444449,67592.43942899999,41570.7418291238,0.0,0.0,41570.7418291238,13138.26628455556,0,0.0
2025-10-03,0.8,0.2,rule,resid_vol7,418.56041790733906,0.8073770491803278,2219.499893444449,3898.940184074075,33661.697665,18666.3897446235,0.0,0.0,18666.3897446235,21470.153418827165,0,0.0
2025-10-04,0.8,0.2,rule,resid_vol7,416.57990911594385,0.7795918367346939,3898.940184074075,2394.558903222222,29896.050225,16283.4575312435,0.0,0.0,16283.4575312435,15821.26309141975,0,0.0
2025-10-05,0.8,0.2,rule,resid_vol7,398.50962386763365,0.6951219512195121,2394.558903222222,2412.3268115185188,67580.8597558,41587.186667965696,0.0,0.0,41587.186667965696,9213.955736502057,0,0.0
2025-10-06,0.8,0.2,rule,resid_vol7,385.2209548076468,0.6437246963562753,2412.3268115185188,1620.3302225555565,66072.9301487,40560.29860500616,0.0,0.0,40560.29860500616,5401.335659670788,0,0.0
2025-10-07,0.8,0.2,rule,resid_vol7,388.86575994599,0.6491935483870968,1620.3302225555565,1717.061378925927,65426.434425,39874.5366137925,0.0,0.0,39874.5366137925,3562.373125823048,0,0.0
2025-10-08,0.8,0.2,rule,resid_vol7,378.58373332126934,0.606425702811245,1717.061378925927,1454.0528040000004,62384.808247999994,37677.9298228912,351.07775443333054,2342.1395829919643,40020.069405883165,2524.1410221563883,0,0.0
2025-10-09,0.7,0.3,rule,resid_vol7,324.2045348721575,0.248,1454.0528040000004,1381.110111074075,63242.11363000001,38419.791227609,186.4231800666647,1232.9104927217197,39652.70172033072,3513.7033653498015,0,0.0
2025-10-10,0.7,0.3,rule,resid_vol7,283.37658195700305,0.099601593625498,1381.110111074075,1897.8377810740742,31442.367773,16587.723725222502,0.0,0.0,16587.723725222502,18665.983056378598,0,0.0
2025-10-11,0.7,0.3,rule,resid_vol7,271.15961807225545,0.05952380952380952,1897.8377810740742,1719.7077950370403,31334.458455,16450.640852340097,0.0,0.0,16450.640852340097,14547.260940679012,0,0.0
2025-10-12,0.7,0.3,rule,resid_vol7,278.0210231854066,0.09090909090909091,1719.7077950370403,1200.2346214814818,63907.669501,38877.7546472834,442.6516012333301,2786.594584105978,41664.34923138938,2434.668166954737,0,0.0
2025-10-13,0.7,0.3,rule,resid_vol7,278.69286698998474,0.09448818897637795,1200.2346214814818,1575.3735674074092,65973.635987,40465.9231036776,0.0,0.0,40465.9231036776,4548.194660699593,0,0.0
2025-10-14,0.7,0.3,rule,resid_vol7,284.6569383753097,0.11764705882352941,1575.3735674074092,1306.4851021481484,64596.28874999999,39709.509814809,640.0722567000016,3692.093304539215,43401.60311934821,694.4308909053544,0,0.0
2025-10-15,0.7,0.3,rule,resid_vol7,287.6450250968121,0.12890625,1306.4851021481484,1527.7633890000002,64053.813472999995,39314.2007559912,2085.2750573666626,14194.440421474708,53508.64117746591,286.8187239506167,0,0.0
2025-10-16,0.7,0.3,rule,resid_vol7,307.0970013890923,0.19455252918287938,1527.7633890000002,1608.4821746666664,66471.48813000001,40987.339056587996,1273.6915586666623,8555.276318195643,49542.615374783636,462.85563386831666,0,0.0
2025-10-17,0.7,0.3,rule,resid_vol7,321.368557584545,0.2596899224806202,1608.4821746666664,1826.5623521851865,32585.632611999998,17379.7297336238,0.0,0.0,17379.7297336238,13382.249837267489,0,0.0
2025-10-18,0.7,0.3,rule,resid_vol7,300.4684492025769,0.1776061776061776,1826.5623521851865,2154.1159941481474,32132.480985000006,17045.4349837015,0.0,0.0,17045.4349837015,12947.728515823048,0,0.0
2025-10-19,0.7,0.3,rule,resid_vol7,299.2244319082626,0.17307692307692307,2154.1159941481474,1479.1835260370374,68008.393371,41832.003558668104,937.5987989333336,6411.650252394134,48243.653811062235,1674.4949010288112,0,0.0
2025-10-20,0.7,0.3,rule,resid_vol7,297.2181044566605,0.16091954022988506,1479.1835260370374,1567.0571931481493,70184.96267988,43347.38734048158,730.3971024866644,3531.628640461342,46879.015980942924,2274.065343086423,0,0.0
2025-10-21,0.7,0.3,rule,resid_vol7,299.08693419354717,0.1717557251908397,1567.0571931481493,1357.9913074074086,70191.92969,43248.689827322,619.5312822666672,3342.7135147584117,46591.40334208041,408.57228337448544,0,0.0
2025-10-22,0.7,0.3,rule,resid_vol7,306.94685258743027,0.20532319391634982,1357.9913074074086,1439.800262962963,69966.8793154,42915.971639916286,1393.6029150666604,7080.359309851447,49996.33094976773,1609.5162614905346,0,0.0
2025-10-23,0.7,0.3,rule,resid_vol7,293.7157682562221,0.14015151515151514,1439.800262962963,1758.2517730000027,72074.46101,44571.269169404,0.0,0.0,44571.269169404,4067.5072540740784,0,0.0
2025-10-24,0.7,0.3,rule,resid_vol7,282.54778457408486,0.09811320754716982,1758.2517730000027,1757.393209925928,33060.0867654,17674.821303587363,0.0,0.0,17674.821303587363,11481.096388321814,0,0.0
2025-10-25,0.7,0.3,rule,resid_vol7,282.06887071291453,0.09398496240601503,1757.393209925928,1579.5751711851885,33082.907548,17602.1801195554,0.0,0.0,17602.1801195554,10966.22373725926,0,0.0
2025-10-26,0.7,0.3,rule,resid_vol7,277.68952502777057,0.08614232209737828,1579.5751711851885,1864.596218222227,73241.59154,45335.059456191,0.0,0.0,45335.059456191,4393.35878386832,0,0.0
2025-10-27,0.7,0.3,rule,resid_vol7,269.2360362891973,0.048507462686567165,1864.596218222227,1495.1123927037006,73033.394225,45279.495088074,19.744933333333393,92.48526773333361,45371.98035580733,5777.374642016466,0,0.0
2025-10-28,0.7,0.3,rule,resid_vol7,282.84091329556315,0.11152416356877323,1495.1123927037006,1697.6502607777777,72510.00517799999,44825.9827337804,0.0,0.0,44825.9827337804,2151.158150740741,0,0.0
2025-10-29,0.7,0.3,rule,resid_vol7,266.522374466813,0.044444444444444446,1697.6502607777777,1435.9023630740744,70818.5704406,43838.91491996468,2685.6237142599985,17028.48569319699,60867.40061316167,527.6125523456811,0,0.0
2025-10-30,0.7,0.3,rule,resid_vol7,286.46677093249355,0.14022140221402213,1435.9023630740744,1684.6645973703728,73586.64554396001,45638.22617009173,3.4752793733333647,16.27820858469348,45654.50437867642,4269.587307983552,0,0.0
2025-10-31,0.7,0.3,rule,resid_vol7,279.87912724828226,0.10294117647058823,1684.6645973703728,1914.8959611111136,34280.858821,18396.1881322306,0.0,0.0,18396.1881322306,6953.398135514411,0,0.0
2025-11-01,0.7,0.3,rule,resid_vol7,290.81104128405434,0.15384615384615385,1914.8959611111136,2095.3658579259295,33809.45212,18118.4010523608,0.0,0.0,18118.4010523608,8120.995846790129,0,0.0
2025-11-02,0.7,0.3,rule,resid_vol7,289.6892317834985,0.15328467153284672,2095.3658579259295,1431.290498851853,74363.282936,46169.556791814604,150.14310333333307,1040.0759338133316,47209.63272562793,1965.1673678189395,0,0.0
2025-11-03,0.7,0.3,rule,resid_vol7,289.2008481092097,0.15272727272727274,1431.290498851853,1890.05455525926,76347.0325595,47570.9769444786,0.0,0.0,47570.9769444786,2246.139848559679,0,0.0
2025-11-04,0.7,0.3,rule,resid_vol7,268.86175542935325,0.050724637681159424,1890.05455525926,1390.7891749259265,75523.284847,46972.054639680704,83.03054783333278,489.649060707963,47461.703700388665,4367.889031358031,0,0.0
2025-11-05,0.7,0.3,rule,resid_vol7,270.7862030853607,0.06498194945848375,1390.7891749259265,1412.2315146296316,74937.90152339,46397.71485394875,86.71723997666592,427.94710834760804,46825.66196229636,827.6997734156415,0,0.0
2025-11-06,0.7,0.3,rule,resid_vol7,231.4375015757927,0.0,1412.2315146296316,1526.1402233703702,76947.53837560001,47887.327142123075,915.7941808666645,4432.286203854523,52319.613345977596,1903.6492725514481,0,0.0
2025-11-07,0.7,0.3,rule,resid_vol7,245.65540961340346,0.021505376344086023,1526.1402233703702,1981.7005884444472,35309.393111,19002.921291463797,0.0,0.0,19002.921291463797,8182.167838942391,0,0.0
2025-11-08,0.7,0.3,rule,resid_vol7,257.44587627696126,0.02857142857142857,1981.7005884444472,1910.4127728148173,34552.932035000005,18478.681563205202,0.0,0.0,18478.681563205202,7779.104123971194,0,0.0
2025-11-09,0.7,0.3,rule,resid_vol7,257.2806492921182,0.028469750889679714,1910.4127728148173,1613.95982751852,77520.75127040001,48472.530267997085,0.0,0.0,48472.530267997085,2208.8064408567943,0,0.0
2025-11-10,0.7,0.3,rule,resid_vol7,262.4957780854569,0.04964539007092199,1613.95982751852,1431.5427458888894,78476.681742,49097.468845752,135.12423183333217,938.6240730073251,50036.09291875933,498.3122460082346,0,0.0
2025-11-11,0.7,0.3,rule,resid_vol7,262.44608794102425,0.04946996466431095,1431.5427458888894,1656.0424897037046,78410.60649840001,49016.474769399196,2.0516666666667334,8.98527416666696,49025.460043565865,2306.853574465848,0,0.0
2025-11-12,0.7,0.3,rule,resid_vol7,256.93022594026615,0.028169014084507043,1656.0424897037046,1662.609039111112,77907.260654,48654.105356343,11.773333333333426,51.56131333333374,48705.666669676335,2523.072653547332,0,0.0
2025-11-13,0.7,0.3,rule,resid_vol7,255.44097032579413,0.028070175438596492,1662.609039111112,1614.6287805555546,79347.061818,49882.7793818024,2.010533333333342,9.417338133333374,49892.19671993573,2727.014274650215,0,0.0
2025-11-14,0.7,0.3,rule,resid_vol7,250.1942583691453,0.024475524475524476,1614.6287805555546,2018.5037522963007,35943.318453,19361.137252634002,0.0,0.0,19361.137252634002,4646.559502218103,0,0.0
2025-11-15,0.7,0.3,rule,resid_vol7,227.25204979800455,0.0,2018.5037522963007,1742.6402795555562,34994.334129999996,18835.7952780821,0.0,0.0,18835.7952780821,3823.1641835802566,0,0.0
2025-11-16,0.7,0.3,rule,resid_vol7,228.0296373400526,0.003472222222222222,1742.6402795555562,1589.5241720740755,81051.4709874,51095.46913147984,0.0,0.0,51095.46913147984,2451.5941265316887,0,0.0
2025-11-17,0.7,0.3,rule,resid_vol7,230.50645478635417,0.006920415224913495,1589.5241720740755,1828.6331985555576,82077.26332292,51870.81939804306,0.0,0.0,51870.81939804306,4881.806049518524,0,0.0
2025-11-18,0.7,0.3,rule,resid_vol7,221.43135067543253,0.0,1828.6331985555576,1455.50059612593,80076.10098599999,50407.7932916728,0.0,0.0,50407.7932916728,1315.5374464362149,0,0.0
2025-11-19,0.7,0.3,rule,resid_vol7,234.17817216020177,0.01718213058419244,1455.50059612593,1502.387030259262,81592.670584,51386.3550809026,1.3850000000001046,6.301057500000476,51392.6561384026,1714.6045531317009,0,0.0
2025-11-20,0.7,0.3,rule,resid_vol7,230.26213992589646,0.010273972602739725,1502.387030259262,1657.1556273333351,82554.49495005999,52141.16192854981,0.0,0.0,52141.16192854981,3170.026585522641,0,0.0
2025-11-21,0.7,0.3,rule,resid_vol7,218.04379088735195,0.0,1657.1556273333351,1990.3019225925939,36590.47874,19767.673120503503,0.0,0.0,19767.673120503503,3956.08805711935,0,0.0
2025-11-22,0.7,0.3,rule,resid_vol7,215.5083777869271,0.0,1990.3019225925939,1681.7975062592616,36036.19070399999,19368.0201423804,0.0,0.0,19368.0201423804,2842.1714942880676,0,0.0
2025-11-23,0.7,0.3,rule,resid_vol7,212.2742194882583,0.0,1681.7975062592616,1702.6440915555556,83360.593973,52734.9862160656,0.0,0.0,52734.9862160656,3724.0318700617395,0,0.0
2025-11-24,0.7,0.3,rule,resid_vol7,216.20762311857004,0.006756756756756757,1702.6440915555556,1343.3028993703726,83339.420849,52674.612879915796,18.83966666666663,88.2449986666665,52762.857878582465,5429.608028456795,0,0.0
2025-11-25,0.7,0.3,rule,resid_vol7,219.4883625275705,0.013468013468013467,1343.3028993703726,1568.0771963333352,83124.525902,52395.2677970444,0.0,0.0,52395.2677970444,2315.1906663292284,0,0.0
2025-11-26,0.7,0.3,rule,resid_vol7,206.51609523736641,0.0,1568.0771963333352,1902.0571304444463,83628.65089300001,52881.62766136418,31.255815466666604,146.4022396458664,53028.02990101005,2110.9703018411624,0,0.0
2025-11-27,0.7,0.3,rule,resid_vol7,209.56313977420893,0.0033444816053511705,1902.0571304444463,1771.574666740742,83699.43108800001,53011.3024750346,0.0,0.0,53011.3024750346,3577.502364061739,0,0.0
2025-11-28,0.7,0.3,rule,resid_vol7,208.02853408877814,0.0033333333333333335,1771.574666740742,2026.046624518522,37581.646508000005,20278.0175733164,0.0,0.0,20278.0175733164,2915.1532382139867,0,0.0
2025-11-29,0.7,0.3,rule,resid_vol7,208.06266023047723,0.006644518272425249,2026.046624518522,1324.1146244074073,37517.137817,20170.1097356796,201.45646710000136,1231.5033833823081,21401.61311906191,199.4180833333338,0,0.0
2025-11-30,0.7,0.3,rule,resid_vol7,248.51430432312452,0.0728476821192053,1324.1146244074073,1410.926229111114,85559.02947149999,54126.16143113385,6.062833333333515,28.398311333334185,54154.55974246718,515.04048650206,0,0.0
2025-12-01,0.7,0.3,rule,resid_vol7,245.52590203960048,0.06930693069306931,1410.926229111114,1303.8120423333344,86454.0401637,54761.247202143786,4698.438519066661,23948.83103609221,78710.07823823599,335.96712333333437,0,0.0
2025-12-02,0.7,0.3,rule,resid_vol7,277.1519427018696,0.17434210526315788,1303.8120423333344,1413.3044778888952,92805.0250146,58974.003183596185,1292.3183872666636,6320.9932042445525,65294.996387840736,508.01569131687904,0,0.0
2025-12-03,0.7,0.3,rule,resid_vol7,290.20413113168496,0.23934426229508196,1413.3044778888952,1923.7996506666668,93787.37802899998,59954.365346377694,0.0,0.0,59954.365346377694,1501.0834258847892,0,0.0
2025-12-04,0.7,0.3,rule,resid_vol7,295.85115833418246,0.2647058823529412,1923.7996506666668,1625.8089171851852,94615.92218000001,60619.623465785,67.44808,374.80412940333326,60994.42759518833,3283.6147936625607,0,0.0
2025-12-05,0.7,0.3,rule,resid_vol7,298.5515094877127,0.28338762214983715,1625.8089171851852,1776.501891333338,45665.439506,24258.439984289602,309.06664319999607,1541.6608844259795,25800.10086871558,571.6644333333343,0,0.0
2025-12-06,0.7,0.3,rule,resid_vol7,298.68507177028204,0.2857142857142857,1776.501891333338,1600.0019007407416,47780.60548,25125.775858322,62.6380923333265,297.11488163230115,25422.8907399543,439.6872202469162,0,0.0
2025-12-07,0.7,0.3,rule,resid_vol7,280.9711423872162,0.18770226537216828,1600.0019007407416,1427.3158426666662,94865.582051,60782.5471013005,56.04160233333346,326.7184699191674,61109.265571219665,2742.178809259268,0,0.0
2025-12-08,0.7,0.3,rule,resid_vol7,275.5712454367777,0.16774193548387098,1427.3158426666662,2095.477458111114,99375.06640099999,63855.9548812492,0.0,0.0,63855.9548812492,6312.200033209887,0,0.0
2025-12-09,0.7,0.3,rule,resid_vol7,252.7029622915601,0.08360128617363344,2095.477458111114,1625.4326385555564,96523.54456400001,62118.8547592187,94.05367433333356,547.7396403381679,62666.59439955687,5088.035925555558,0,0.0
2025-12-10,0.7,0.3,rule,resid_vol7,238.3902473394629,0.060897435897435896,1625.4326385555564,1508.9798005185187,95889.30426589999,61602.89060145461,0.0,0.0,61602.89060145461,3128.0493380658518,0,0.0
2025-12-11,0.7,0.3,rule,resid_vol7,230.17535146712638,0.038338658146964855,1508.9798005185187,1673.4265650370407,96524.449272,62093.2206893222,0.0,0.0,62093.2206893222,5708.467201275721,0,0.0
2025-12-12,0.7,0.3,rule,resid_vol7,230.13079431223477,0.03821656050955414,1673.4265650370407,2041.7730490740753,51899.196386,27700.5302398298,0.0,0.0,27700.5302398298,4130.583007942397,0,0.0
2025-12-13,0.7,0.3,rule,resid_vol7,240.6494105116153,0.07301587301587302,2041.7730490740753,2000.5285775925909,50377.09838,26630.053094737,0.0,0.0,26630.053094737,2863.478021275725,0,0.0
2025-12-14,0.7,0.3,rule,resid_vol7,228.11081320790313,0.0379746835443038,2000.5285775925909,1512.7728976296298,96563.2876823,62188.09025956888,0.0,0.0,62188.09025956888,3681.0945346502067,0,0.0
2025-12-15,0.7,0.3,rule,resid_vol7,227.0679006030567,0.031545741324921134,1512.7728976296298,1610.673751925928,97398.882753,62655.168589899105,0.0,0.0,62655.168589899105,3072.159898271609,0,0.0
2025-12-16,0.7,0.3,rule,resid_vol7,228.3754201492369,0.0440251572327044,1610.673751925928,1541.0756870370406,97358.787755,62700.03851047139,0.0,0.0,62700.03851047139,3380.0462490946593,0,0.0
2025-12-17,0.7,0.3,rule,resid_vol7,223.30164638235595,0.03134796238244514,1541.0756870370406,1451.7266441851866,96972.22516460001,62202.32564269696,0.0,0.0,62202.32564269696,4258.910951028819,0,0.0
2025-12-18,0.7,0.3,rule,resid_vol7,215.9526542898484,0.01875,1451.7266441851866,1649.9763914814846,97736.09376799999,62883.409679674805,0.0,0.0,62883.409679674805,5353.935255473255,0,0.0
2025-12-19,0.7,0.3,rule,resid_vol7,222.52110054962364,0.03426791277258567,1649.9763914814846,1683.6657795925942,51481.10858,27310.587087209,0.0,0.0,27310.587087209,4784.8369201646165,0,0.0
2025-12-20,0.7,0.3,rule,resid_vol7,203.45410649009472,0.0,1683.6657795925942,1771.4748466666667,51156.382399999995,27090.465717337,0.0,0.0,27090.465717337,4442.988683909465,0,0.0
2025-12-21,0.7,0.3,rule,resid_vol7,199.21411234360045,0.0,1771.4748466666667,1735.256027333335,97592.01506199999,62901.855364711206,0.0,0.0,62901.855364711206,4014.3831348148165,0,0.0
2025-12-22,0.7,0.3,rule,resid_vol7,205.27532927412273,0.006172839506172839,1735.256027333335,1499.675682407407,97676.95254540001,62889.56129949376,0.0,0.0,62889.56129949376,4365.187214197544,0,0.0
2025-12-23,0.7,0.3,rule,resid_vol7,196.65085687631517,0.0,1499.675682407407,1691.3320850000014,97706.42266400001,62921.1225443898,0.0,0.0,62921.1225443898,5721.939449588479,0,0.0
2025-12-24,0.7,0.3,rule,resid_vol7,193.89104554735533,0.0,1691.3320850000014,1437.166219592593,96208.1330285,61725.35268804215,41.266128333332745,287.8725112533292,62013.22519929548,4021.4680245267546,0,0.0
2025-12-25,0.7,0.3,rule,resid_vol7,198.82039762042461,0.0061162079510703364,1437.166219592593,1578.5122415925937,97014.8959503,62414.183803801265,0.0,0.0,62414.183803801265,4303.916883333341,0,0.0
2025-12-26,0.7,0.3,rule,resid_vol7,189.6827469991946,0.0,1578.5122415925937,2181.1831832592616,50515.989749,26799.1231828396,0.0,0.0,26799.1231828396,3007.4068551851924,0,0.0
2025-12-27,0.7,0.3,rule,resid_vol7,191.10025011113763,0.00303951367781155,2181.1831832592616,1807.8508082222231,49923.358804999996,26378.53294885,0.0,0.0,26378.53294885,3282.733725390952,0,0.0
2025-12-28,0.7,0.3,rule,resid_vol7,190.8151462695732,0.0030303030303030303,1807.8508082222231,1845.3411992962951,97299.4899418,62761.61573481321,11.6597996666668,68.11071975283411,62829.726454566044,6079.380050329225,0,0.0
2025-12-29,0.7,0.3,rule,resid_vol7,193.61166016620223,0.00906344410876133,1845.3411992962951,1506.677110962965,96938.444068,62433.559702586805,0.0,0.0,62433.559702586805,5394.866320534988,0,0.0
2025-12-30,0.7,0.3,rule,resid_vol7,195.85553894493682,0.015060240963855422,1506.677110962965,1667.2769553703718,96677.584153,62149.4615781483,0.0,0.0,62149.4615781483,5725.435977530875,0,0.0
2025-12-31,0.7,0.3,rule,resid_vol7,206.73279288297945,0.036036036036036036,1667.2769553703718,1345.059326111112,95380.6155611,61106.712380896264,167.91291326666652,925.8632850618671,62032.57566595813,2577.771525226349,0,0.0
