date,official,soc0_actual,soc24_actual,purchase_kwh,plan_cost,emergency_kwh,emergency_cost,total_cost,curtail_kwh
2025-02-01,True,6000.0,2625.202872111112,43245.934087,23209.2618372325,0.0,0.0,23209.2618372325,9340.163914777777
2025-02-02,True,2625.202872111112,1995.9180525925917,90403.59704,57875.3747900928,0.0,0.0,57875.3747900928,8680.66968469137
2025-02-03,True,1995.9180525925917,1441.3975921851859,86769.14374239999,54454.34573928862,213.94540370000135,1435.78336174656,55890.12910103518,2974.047675020589
2025-02-04,True,1441.3975921851859,1274.7722910000005,84943.236761,53263.5263190223,1300.2195028333238,8554.62749634316,61818.153815365455,620.3629774485664
2025-02-05,True,1274.7722910000005,1501.894362407408,85977.287096,53736.23982507859,516.3864439999966,2723.6939421816733,56459.93376726026,835.8463282469144
2025-02-06,True,1501.894362407408,1795.8662121111133,89429.089592,56753.811965085595,0.0,0.0,56753.811965085595,4405.476776090539
2025-02-07,True,1795.8662121111133,2439.5791894074064,47085.098104000004,25021.8897122806,0.0,0.0,25021.8897122806,11064.896888074081
2025-02-08,True,2439.5791894074064,1932.8261121111095,39467.51923400001,20816.3781729818,0.0,0.0,20816.3781729818,5042.720082395062
2025-02-09,True,1932.8261121111095,1482.8785399629637,86272.45137,54477.8288441778,0.0,0.0,54477.8288441778,2824.9599033333384
2025-02-10,True,1482.8785399629637,1585.4804434814816,86393.503504,54366.1294056184,0.0,0.0,54366.1294056184,8024.438564864191
2025-02-11,True,1585.4804434814816,1264.4830554814819,82161.809774,51105.8617601158,552.2920280333344,3564.916474857874,54670.77823497367,3411.4631357530798
2025-02-12,True,1264.4830554814819,1726.5196245185189,84228.778117,52682.9688615437,0.0,0.0,52682.9688615437,4204.084522790133
2025-02-13,True,1726.5196245185189,1772.2639004444445,85297.13811389,53822.10100191991,0.0,0.0,53822.10100191991,10107.952457567906
2025-02-14,True,1772.2639004444445,2219.1510127037027,38393.4474629,20449.71612130817,0.0,0.0,20449.71612130817,4701.54573267778
2025-02-15,True,2219.1510127037027,1852.272416629629,37075.048027000004,19732.573125449395,0.0,0.0,19732.573125449395,4961.665170086422
2025-02-16,True,1852.272416629629,1587.4055126296328,82042.15572019998,51381.64215887298,38.99840700000004,177.4232526465002,51559.06541151948,2778.283837940742
2025-02-17,True,1587.4055126296328,1470.758434296298,81546.61404736,50780.9168472444,7.300370333333376,33.213034831500195,50814.1298820759,6710.259876043139
2025-02-18,True,1470.758434296298,1340.3957738518523,78437.45914709999,48450.490695369765,163.9521309666668,1032.7026989568005,49483.19339432657,2418.1588729683235
2025-02-19,True,1340.3957738518523,1314.2662958518529,79405.95204430001,49100.37332624987,77.96430136666686,345.81858080898417,49446.191907058856,2130.4338983827142
2025-02-20,True,1314.2662958518529,2030.0662419629625,82198.81574168001,51251.216009959375,0.0,0.0,51251.216009959375,6376.8038593919355
2025-02-21,True,2030.0662419629625,2398.1451984074074,37402.9748065,19915.369973199802,0.0,0.0,19915.369973199802,8232.061987775716
2025-02-22,True,2398.1451984074074,2105.3878205925935,35553.007136,18871.675521988098,0.0,0.0,18871.675521988098,4922.214970773663
2025-02-23,True,2105.3878205925935,1581.5442397037057,79348.018105,49484.8792570005,0.0,0.0,49484.8792570005,4279.513133263372
2025-02-24,True,1581.5442397037057,1620.7093684074086,78903.38765084001,48756.39885023235,0.0,0.0,48756.39885023235,6773.991919185192
2025-02-25,True,1620.7093684074086,1214.57022,76008.7650127,46643.51078819453,337.32082459999845,1639.8631438148052,48283.37393200934,7066.445356164612
2025-02-26,True,1214.57022,1662.5081465555618,76490.73273,47034.007321078694,0.0,0.0,47034.007321078694,3103.3921113991823
2025-02-27,True,1662.5081465555618,1724.0452633333362,77390.829895,47869.2547685242,0.0,0.0,47869.2547685242,5985.16714353911
2025-02-28,True,1724.0452633333362,2214.887231333335,36302.2837,19298.414044165598,0.0,0.0,19298.414044165598,9368.447828617293
2025-03-01,True,2214.887231333335,2020.4702016666658,34572.412157,18275.2548057218,0.0,0.0,18275.2548057218,8213.085010209881
2025-03-02,True,2020.4702016666658,1239.56888925926,74134.04172400001,45860.612424751496,1831.14892433333,12273.25138895998,58133.863813711476,277.4956089300448
2025-03-03,True,1239.56888925926,1340.140056,74045.28024000001,45407.938902407,2897.9765822999966,17070.325121974645,62478.26402438164,599.4081822633818
2025-03-04,True,1340.140056,1200.0,72493.754401,44371.61840091609,939.4787960999919,4863.167133607711,49234.785534523806,56.4501166666671
2025-03-05,True,1200.0,1522.2937746666676,74885.07630399999,45628.2874053184,55.169462666667414,364.4646409693381,45992.75204628774,4291.629020205764
2025-03-06,True,1522.2937746666676,1706.5225297037052,76478.3900461,47264.29907918269,0.0,0.0,47264.29907918269,6358.757089259264
2025-03-07,True,1706.5225297037052,2292.6669011481476,34495.468861,18404.974012943203,0.0,0.0,18404.974012943203,10069.561961012349
2025-03-08,True,2292.6669011481476,2153.9468914814843,31467.03862,16887.968014762,0.0,0.0,16887.968014762,9762.812270288063
2025-03-09,True,2153.9468914814843,1585.4787037407418,74464.2509059,45955.16536453634,0.0,0.0,45955.16536453634,7843.516707052273
2025-03-10,True,1585.4787037407418,1553.9535551111126,74220.772185,45529.16664383,0.0,0.0,45529.16664383,2054.350800864204
2025-03-11,True,1553.9535551111126,1373.9083110000004,69223.61898,41839.131868232,1176.7263882666593,7943.162818964152,49782.29468719615,2700.2068693415695
2025-03-12,True,1373.9083110000004,1326.6354977777755,71037.23509999999,43140.710223845,0.0,0.0,43140.710223845,4680.930720123459
2025-03-13,True,1326.6354977777755,1566.135873962964,73284.20121,44852.031872514,0.0,0.0,44852.031872514,1145.9057291358008
2025-03-14,True,1566.135873962964,2531.6160047407416,33152.2981735,17687.864288460703,0.0,0.0,17687.864288460703,13265.937537491773
2025-03-15,True,2531.6160047407416,1529.757370296298,30810.140016,16316.9318046768,0.0,0.0,16316.9318046768,8261.6363914321
2025-03-16,True,1529.757370296298,1870.0383238148167,71720.28507000001,43724.91447318,1.6400000000001,7.461180000000455,43732.375653179995,4123.968768724275
2025-03-17,True,1870.0383238148167,1764.9792918148166,71710.48434766,43575.92255493457,0.0,0.0,43575.92255493457,10347.853386864204
2025-03-18,True,1764.9792918148166,1201.2451677037036,66470.68049,39972.05424085,829.4894850666558,3976.726674828198,43948.780915678195,2614.049983127574
2025-03-19,True,1201.2451677037036,1885.6172674074098,69673.11770999999,42132.292870741,22.19897236666511,104.57935881935934,42236.872229560366,5392.010379259261
2025-03-20,True,1885.6172674074098,1622.4372939999998,69402.46711999999,42250.433639953,0.0,0.0,42250.433639953,3333.3987372428023
2025-03-21,True,1622.4372939999998,1909.1612913703707,31489.610017,16637.949650538,0.0,0.0,16637.949650538,16360.097177884774
2025-03-22,True,1909.1612913703707,2282.685419444444,30895.343236999997,16268.9954297996,0.0,0.0,16268.9954297996,12095.061546707822
2025-03-23,True,2282.685419444444,1408.5193967777782,66764.3984116,40556.73004287004,14.269156200000793,81.67215001920559,40638.40219288925,4978.893667942382
2025-03-24,True,1408.5193967777782,1776.055910851855,67209.836539,40743.1053424658,0.0,0.0,40743.1053424658,4900.04522603704
2025-03-25,True,1776.055910851855,1237.7823150000002,62839.32111,37808.574345921006,1613.5426742333252,9430.547238377443,47239.12158429845,50.15541666666718
2025-03-26,True,1237.7823150000002,1537.106201444445,67045.394176,40413.8394804469,0.0,0.0,40413.8394804469,7299.45443913581
2025-03-27,True,1537.106201444445,1607.1067761851875,66621.219691,40323.0496908714,0.0,0.0,40323.0496908714,3794.7729225102976
2025-03-28,True,1607.1067761851875,2182.225715222222,30476.439825999998,15829.9276944338,0.0,0.0,15829.9276944338,16343.403585382715
2025-03-29,True,2182.225715222222,2024.5219052222255,29605.7500995,15380.52984353485,0.0,0.0,15380.52984353485,19570.01866585391
2025-03-30,True,2024.5219052222255,1826.0605747777795,63689.071452100005,38571.68131382132,0.0,0.0,38571.68131382132,4724.334817983549
2025-03-31,True,1826.0605747777795,1825.7948172962986,63949.464119,38674.1770524788,0.0,0.0,38674.1770524788,3322.397007901248
2025-04-01,True,1825.7948172962986,1265.8918973333336,59404.085824,35504.5853602596,3548.158081633328,23965.367162623133,59469.95252288274,17.290433333333453
2025-04-02,True,1265.8918973333336,1476.1766867037047,63061.327139999994,37651.31309885,2026.9483056333356,10822.756091693147,48474.069190543145,422.12463473251546
2025-04-03,True,1476.1766867037047,1631.564076518519,65204.97275000001,39193.182126847,0.0,0.0,39193.182126847,5028.645249094656
2025-04-04,True,1631.564076518519,2378.765652851853,30380.144117999997,15817.2093307366,0.0,0.0,15817.2093307366,20618.510648773663
2025-04-05,True,2378.765652851853,1731.571691407407,28321.537215,14627.488839193698,0.0,0.0,14627.488839193698,14558.766997839508
2025-04-06,True,1731.571691407407,1599.5540961481497,64167.38185,38451.29890878701,0.0,0.0,38451.29890878701,6046.430806872429
2025-04-07,True,1599.5540961481497,1792.1721109629657,63863.32739,38194.723870810994,0.0,0.0,38194.723870810994,6789.861843251034
2025-04-08,True,1792.1721109629657,1218.1073079259263,59593.13066699999,35403.3119628894,1024.0608582999955,6679.796935860258,42083.108898749655,2833.417902662555
2025-04-09,True,1218.1073079259263,1313.261267444445,61761.592086,36609.384609598404,1863.2407120000003,12695.486041080003,49304.87065067841,615.6015300000049
2025-04-10,True,1313.261267444445,1779.4556253333358,63106.06666119001,37784.11235275169,0.0,0.0,37784.11235275169,4007.2243539403344
2025-04-11,True,1779.4556253333358,1950.5517955925916,28491.5003471,14583.655518567008,0.0,0.0,14583.655518567008,20472.00555096832
2025-04-12,True,1950.5517955925916,2119.453557333333,28260.337038700003,14483.15355005737,0.0,0.0,14483.15355005737,16801.53846643662
2025-04-13,True,2119.453557333333,1693.124095703706,60832.60867,36477.291881808,0.0,0.0,36477.291881808,3123.1585858024728
2025-04-14,True,1693.124095703706,1559.0249616666672,61251.531059999994,36566.509903691,0.0,0.0,36566.509903691,5071.534906831277
2025-04-15,True,1559.0249616666672,1360.9853564074076,58651.953380000006,34910.415556386,383.00260443332826,2642.789426847698,37553.20498323369,5467.452856748975
2025-04-16,True,1360.9853564074076,1220.5286434814818,60055.76990500001,35696.7482217582,5.470447466664996,26.999393471725085,35723.74761522993,627.9333904403345
2025-04-17,True,1220.5286434814818,1806.403000037035,60938.379224000004,36444.4091778306,0.0,0.0,36444.4091778306,3521.7632717366278
2025-04-18,True,1806.403000037035,2382.4874081111116,28177.220807,14345.7306898279,0.0,0.0,14345.7306898279,18803.785076053493
2025-04-19,True,2382.4874081111116,2052.4937430740715,26685.310119,13567.441673447101,0.0,0.0,13567.441673447101,18022.92802685185
2025-04-20,True,2052.4937430740715,1866.0777928518532,59160.426922,35342.5727510059,0.0,0.0,35342.5727510059,3656.106220395067
2025-04-21,True,1866.0777928518532,1381.9266781851861,58941.887564000004,35123.2099998246,0.0,0.0,35123.2099998246,7367.391788567915
2025-04-22,True,1381.9266781851861,1210.2151923333333,56149.648000999994,33267.8113640424,260.4861189333305,1644.6042533964323,34912.41561743883,665.6448739506216
2025-04-23,True,1210.2151923333333,1494.143431518519,58042.86786,34280.810768145006,0.0,0.0,34280.810768145006,2666.048187818935
2025-04-24,True,1494.143431518519,1750.063872629633,59172.512329000005,35242.6443660916,0.0,0.0,35242.6443660916,8167.985904102886
2025-04-25,True,1750.063872629633,1899.684236296298,26858.5381193,13386.88367269303,0.0,0.0,13386.88367269303,22323.379956032513
2025-04-26,True,1899.684236296298,1778.6533297037058,26209.5559746,13050.77936873516,0.0,0.0,13050.77936873516,24101.46687689301
2025-04-27,True,1778.6533297037058,1462.5646423703715,55621.7654353,33181.52825085492,314.83365926666414,2196.279607044249,35377.80785789917,3928.887073539098
2025-04-28,True,1462.5646423703715,1477.4572941851854,55697.517964,33343.7778651899,4372.4398002,29566.698186515663,62910.47605170556,435.1126726337485
2025-04-29,True,1477.4572941851854,1507.5020696666672,54204.347756999996,32190.6256259153,1399.7369152999972,9608.874744099165,41799.500370014466,4680.774383744863
2025-04-30,True,1507.5020696666672,1350.331918592593,54983.670966000005,32684.837868825496,69.74846666666554,320.5597788616614,33005.397647687154,3540.864329580252
2025-05-01,True,1350.331918592593,1212.233868,56004.158866,33564.63306162,2392.484825199999,12452.82440937806,46017.45747099806,3512.0791657160544
2025-05-02,True,1212.233868,1248.4865444074076,28267.0787083,14638.28453779627,759.3169285333312,4598.238669483852,19236.523207280123,12149.26649349794
2025-05-03,True,1248.4865444074076,1222.7863683333333,27795.565013,14269.4504905032,549.5607499999982,2917.885186448322,17187.335676951523,17155.082990530864
2025-05-04,True,1222.7863683333333,1200.79227,59241.847408999995,35605.7396511086,931.6671484666649,4962.6294083135235,40568.36905942212,5076.103703238679
2025-05-05,True,1200.79227,1886.3408982592596,62175.121660000004,37921.987345524,0.0,0.0,37921.987345524,2496.2466270781956
2025-05-06,True,1886.3408982592596,1376.5614839259267,58817.28522399999,36083.9682166128,0.0,0.0,36083.9682166128,2578.9859155637896
2025-05-07,True,1376.5614839259267,1404.1135247777784,60286.434312,36703.84478579181,435.17126923332813,3035.754774171697,39739.599559963506,1788.4122315226418
2025-05-08,True,1404.1135247777784,1897.761647751854,62525.35678671,38570.166183713896,35.999250000000075,243.2289326250005,38813.3951163389,2444.886487613183
2025-05-09,True,1897.761647751854,3282.9813706666687,30694.955488,16914.8894243038,0.0,0.0,16914.8894243038,18332.603194349795
2025-05-10,True,3282.9813706666687,2295.6331315185203,28047.354223000002,15610.509473947699,0.0,0.0,15610.509473947699,14941.957251522634
2025-05-11,True,2295.6331315185203,1577.1746775185209,61345.16504400001,37575.2358069416,41.18071666666674,277.36103945833383,37852.59684639993,3192.163002724288
2025-05-12,True,1577.1746775185209,2036.3536429629653,62684.35293800001,38152.811585627205,0.0,0.0,38152.811585627205,7101.086982238684
2025-05-13,True,2036.3536429629653,1354.0297541851853,58464.122592,35259.4678612658,463.09440123333195,2888.234818051391,38147.7026793172,3006.4610735637925
2025-05-14,True,1354.0297541851853,1354.2519091851852,60534.837064,36751.7700249546,0.0,0.0,36751.7700249546,4070.594592683133
2025-05-15,True,1354.2519091851852,1942.0476631851875,61800.47373800001,37490.0175119592,0.0,0.0,37490.0175119592,4708.68332125103
2025-05-16,True,1942.0476631851875,1846.2558356666648,27892.176912000003,14942.9874669345,0.0,0.0,14942.9874669345,23048.28597442799
2025-05-17,True,1846.2558356666648,1601.9771073703728,27809.51763,14767.0478304845,0.0,0.0,14767.0478304845,15455.426439452674
2025-05-18,True,1601.9771073703728,1838.4594299629632,60117.452208,36621.53801170821,5.236666666666679,35.318698333333415,36656.856710041546,2570.194368102885
2025-05-19,True,1838.4594299629632,1531.2991000740758,59486.073768,36065.9991304552,67.00333333333344,451.90398166666745,36517.90311212187,8980.167319769553
2025-05-20,True,1531.2991000740758,1200.0,57010.048748999994,34549.896404525,996.2040698833348,6648.523050247159,41198.41945477216,364.44594222223066
2025-05-21,True,1200.0,1205.5051236296304,58532.209075,35427.332697620004,527.5488995666676,3492.7137013354068,38920.04639895541,4327.743395185187
2025-05-22,True,1205.5051236296304,2033.3073454814826,59205.8698876,35928.51765683286,2.57000000000005,17.333365000000338,35945.85102183286,3841.190857517703
2025-05-23,True,2033.3073454814826,2313.102713888892,27506.180056,14668.779531518601,0.0,0.0,14668.779531518601,18548.44796676543
2025-05-24,True,2313.102713888892,2238.448067629629,27095.267894999997,14581.6412897443,0.0,0.0,14581.6412897443,21417.246999567906
2025-05-25,True,2238.448067629629,1682.8790063333345,57708.484549,35169.328732944705,0.0,0.0,35169.328732944705,6444.468863691358
2025-05-26,True,1682.8790063333345,1560.4141627777785,57489.397551,35209.990673878405,999.4387258566627,6925.061258565262,42135.05193244367,719.2315883127571
2025-05-27,True,1560.4141627777785,1200.0,55430.484897,33738.820138286595,168.39887499999782,1087.0673738667706,34825.887512153364,3145.4171670041133
2025-05-28,True,1200.0,1433.9068230740745,56651.5745655,34238.17279553108,173.85017599999605,1205.6627311426391,35443.83552667372,683.8436451456836
2025-05-29,True,1433.9068230740745,1593.3084971111118,57804.41643500001,35062.475952915,670.694497283329,4674.248093698503,39736.724046613504,345.2854027160521
2025-05-30,True,1593.3084971111118,2219.625565148155,28057.6752737,14959.108560842771,0.0,0.0,14959.108560842771,18493.42557473251
2025-05-31,True,2219.625565148155,2245.359236888889,27010.352113599998,14351.597809688341,0.0,0.0,14351.597809688341,16557.076906321407
2025-06-01,True,2245.359236888889,1200.0,58741.166517000005,35830.77600809101,13819.621635166663,81367.35653321903,117198.13254131004,20.856733333333636
2025-06-02,True,1200.0,1200.0,66580.7724227,40701.63853573537,6277.782163333324,40132.94112892561,80834.57966466098,576.7472566666668
2025-06-03,True,1200.0,1200.0,66310.14382068,40299.56671021716,5473.285173253332,34241.39159226528,74540.95830248244,79.5578000000005
2025-06-04,True,1200.0,1280.4995159629643,71270.859882,43816.4348382707,2250.6597240799865,15297.579266219498,59114.0141044902,88.2809900000002
2025-06-05,True,1280.4995159629643,1433.5404824444456,73992.105389,45606.4265782893,2021.8704300466627,13814.25393599214,59420.68051428144,510.5041510288113
2025-06-06,True,1433.5404824444456,1200.0,31389.416004,17100.831390576,4036.137555199997,23918.139858371942,41018.97124894794,2166.419333333336
2025-06-07,True,1200.0,1385.3107776296308,34222.611845,19273.860359246297,542.0078800233305,3781.0469710427533,23054.90733028905,1082.8846562551398
2025-06-08,True,1385.3107776296308,2192.7523582592603,80691.23540599999,50447.1430704346,0.0,0.0,50447.1430704346,11411.551866987666
2025-06-09,True,2192.7523582592603,1662.5867430000008,78042.46889300001,48544.9026057656,426.1638381000008,2951.2543704297723,51496.15697619537,4123.394935604952
2025-06-10,True,1662.5867430000008,1279.955316111111,77351.690523,47759.4217895503,337.066612899999,1885.9232797245454,49645.345069274845,2261.566537329214
2025-06-11,True,1279.955316111111,1413.5512623333336,77300.95989200001,47337.5537716821,4545.363072733331,26855.253308021987,74192.80707970409,1359.9987968724276
2025-06-12,True,1413.5512623333336,2009.325399444448,80782.462359,50365.7943105472,0.0,0.0,50365.7943105472,3386.623482037051
2025-06-13,True,2009.325399444448,3462.4855337407394,38279.04004,22794.5637641092,0.0,0.0,22794.5637641092,6024.955864238689
2025-06-14,True,3462.4855337407394,2141.5345936666668,34455.482047,20530.416651637,0.0,0.0,20530.416651637,7450.352208646091
2025-06-15,True,2141.5345936666668,2163.338220703705,79842.86258799999,50042.078033917,18.015713333333338,121.5069785766667,50163.58501249367,5247.163609098775
2025-06-16,True,2163.338220703705,1838.5652055925939,79843.52373399999,50051.8745913958,58.03988633333347,391.40043729133424,50443.27502868713,3360.345160666671
2025-06-17,True,1838.5652055925939,1231.0569930000001,78586.694334,48832.1453230082,1567.899811433332,9909.520373443158,58741.66569645135,2039.3807266666697
2025-06-18,True,1231.0569930000001,1684.1522771481546,79806.83041899999,49533.205584232,9.513218333333384,64.16190104916701,49597.36748528117,4553.4875387572065
2025-06-19,True,1684.1522771481546,1881.4841651851868,79772.456931,49710.984600229,133.71773233333352,900.6264179711679,50611.611018200165,7395.756809872442
2025-06-20,True,1881.4841651851868,1960.8141767407417,34367.825069,20074.1316846316,0.0,0.0,20074.1316846316,9522.58966969959
2025-06-21,True,1960.8141767407417,2351.467103407406,34282.325055,19723.3076230004,0.0,0.0,19723.3076230004,12174.770450390946
2025-06-22,True,2351.467103407406,1877.5970455185197,77545.31636699999,48500.990864740495,8.163269000000014,54.877575852500094,48555.868440592996,6929.492522181073
2025-06-23,True,1877.5970455185197,1533.6404309629627,77077.509463,47796.4577232916,8.934303333333332,60.95993284999999,47857.417656141595,6359.377618654326
2025-06-24,True,1533.6404309629627,1397.9583050370375,74947.979594,46128.881275453496,5394.165911876662,31522.530636413336,77651.41191186683,276.32914123457215
2025-06-25,True,1397.9583050370375,1425.814874851853,75590.70374299999,46601.9022167172,278.3041652566589,1519.4515727216199,48121.35378943882,1044.4825038271633
2025-06-26,True,1425.814874851853,1545.9907125185193,76969.21468219999,47680.27834132482,101.35907533333352,683.5751337241679,48363.853475048985,5107.058065847737
2025-06-27,True,1545.9907125185193,2096.2186688148186,33352.5316849,18955.80622251087,0.0,0.0,18955.80622251087,10541.082513706588
2025-06-28,True,2096.2186688148186,1949.372611888892,32610.7011898,18460.10659285634,0.0,0.0,18460.10659285634,8764.127877781897
2025-06-29,True,1949.372611888892,2130.7451260370376,77082.55082810001,47950.494616202785,0.0,0.0,47950.494616202785,3676.1045983827294
2025-06-30,True,2130.7451260370376,1794.9502665185191,76830.021222,47867.759517597005,57.13434666666683,384.9999608925011,48252.759478489505,3542.9714917201663
2025-07-01,True,1794.9502665185191,1200.0,75849.20014100001,46685.728805270395,6956.033403289995,36566.5947380341,83252.32354330449,558.8080966666672
2025-07-02,True,1200.0,1235.588769,86000.0819993,54017.35944956989,265.23505523333137,1544.751035189196,55562.11048475909,9775.418110205352
2025-07-03,True,1235.588769,1695.0525138518542,90646.01692036999,57437.1019045718,18.147359999999935,126.59598335999955,57563.6978879318,6227.868029061734
2025-07-04,True,1695.0525138518542,1200.0,36704.163795,21460.9862498558,4037.111973499997,16932.010275967645,38392.996525823444,9855.161547078185
2025-07-05,True,1200.0,1200.0,41362.065733,24051.3179624723,743.9361091333313,4403.019681048273,28454.337643520576,10776.834873411526
2025-07-06,True,1200.0,1422.69710288889,85440.8138,53978.380999839996,1677.9498189333322,11498.551047373327,65476.932047213326,2931.639533456793
2025-07-07,True,1422.69710288889,1903.2849554814838,88198.43946899999,55920.21803831,4.653623333333485,31.370074890001025,55951.5881132,10897.176705213993
2025-07-08,True,1903.2849554814838,1763.0353280370416,85545.49140999999,54256.360536677996,0.0,0.0,54256.360536677996,6045.518293621399
2025-07-09,True,1763.0353280370416,1956.384600666669,83739.54927,52911.823089051,21.786403333333283,146.87303807166634,53058.69612712267,5549.995718312764
2025-07-10,True,1956.384600666669,1522.0349430370388,83274.060338,52594.5030862623,92.40137666666658,623.2184106916661,53217.72149695397,6806.474638032925
2025-07-11,True,1522.0349430370388,2271.8751660000007,48211.223853,28044.0441643014,98.32296756666722,453.9411283210693,28497.985292622467,12400.363763246916
2025-07-12,True,2271.8751660000007,1502.5965971851876,42642.398520999996,25580.561551201397,0.0,0.0,25580.561551201397,9918.301538407411
2025-07-13,True,1502.5965971851876,2057.3032481111113,83763.16721,52926.414067648,49.95723000000021,336.0578754650014,53262.47194311301,10246.980034156388
2025-07-14,True,2057.3032481111113,1844.0736055555599,82071.388192,51874.2664609788,37.56631000000027,252.99692185333515,52127.263382832134,6905.897701769542
2025-07-15,True,1844.0736055555599,2232.222817740743,81215.92975,51287.721895946,0.0,0.0,51287.721895946,4342.359823251035
2025-07-16,True,2232.222817740743,1359.6869794444453,79477.48389100001,50129.9593862372,66.56019633333403,449.7076970946716,50579.66708333187,4504.296023386842
2025-07-17,True,1359.6869794444453,1357.2254247777785,81202.09111,50998.200732363,98.71877656666541,572.402867703893,51570.6036000669,4289.621927613174
2025-07-18,True,1357.2254247777785,1730.4772415555558,43122.975592999996,25592.791976677097,0.0,0.0,25592.791976677097,8983.576990106994
2025-07-19,True,1730.4772415555558,1764.3238864074076,42070.993583,25009.812515849502,0.0,0.0,25009.812515849502,12647.247281271608
2025-07-20,True,1764.3238864074076,1986.0137308518545,79767.28845,50603.83024527799,2.0477500000001783,14.285104000001244,50618.11534927799,3584.0767375308715
2025-07-21,True,1986.0137308518545,2189.7458302962987,80864.55829500001,51155.2660378215,3.8187133333334486,26.639344213334137,51181.905382034834,2732.637037613169
2025-07-22,True,2189.7458302962987,1269.7222484074075,78080.12700000001,49089.829731579,300.15053006666403,2063.475754606715,51153.30548618571,1523.3637266666678
2025-07-23,True,1269.7222484074075,1604.2966383703715,81109.75450099999,50903.4791447539,25.94915666666691,175.0686195316683,51078.54776428557,2388.566620246919
2025-07-24,True,1604.2966383703715,1757.4302435555603,82122.41139,51683.2197322,0.0,0.0,51683.2197322,4276.071441111117
2025-07-25,True,1757.4302435555603,1831.9302234074084,41519.852809,24631.663972969698,0.0,0.0,24631.663972969698,12465.264028012352
2025-07-26,True,1831.9302234074084,1814.8693772592617,41355.733902399996,24758.61308947482,0.0,0.0,24758.61308947482,10498.60301441646
2025-07-27,True,1814.8693772592617,2133.864815925927,81095.47607399999,51215.9480207408,369.79923949999903,1852.446342228245,53068.39436296904,3246.3377012016476
2025-07-28,True,2133.864815925927,1314.5054374444449,80843.35647,50980.461399405,1252.1335042999972,8062.730190574668,59043.19158997967,954.3117072839569
2025-07-29,True,1314.5054374444449,1862.7555639629677,81531.91128999999,51119.801895175,83.15290000000016,560.3493608666678,51680.15125604167,801.0266990123473
2025-07-30,True,1862.7555639629677,1870.9879341111096,81518.51274,51192.586335324995,0.0,0.0,51192.586335324995,3250.022946913587
2025-07-31,True,1870.9879341111096,1565.019251111111,82456.11902,51839.40501811,48.95408666666697,331.67311610000206,52171.07813421,3860.523898847741
2025-08-01,True,1565.019251111111,1928.8764516296317,41325.9236909,24434.20886662987,0.0,0.0,24434.20886662987,17212.945793492596
2025-08-02,True,1928.8764516296317,2057.950341851855,41056.630564,24526.1119346926,0.0,0.0,24526.1119346926,17804.977754695476
2025-08-03,True,2057.950341851855,1418.663493,79738.98569,50153.158606017,327.4299208333324,1599.3939343700001,51752.552540387,14394.088133580253
2025-08-04,True,1418.663493,2046.3582644814815,79254.87805,49872.550216979,0.0,0.0,49872.550216979,9746.617760493828
2025-08-05,True,2046.3582644814815,1807.7975597777763,75873.17674,48014.77661026201,4.433003333333318,29.862926954999892,48044.63953721701,7381.248901193415
2025-08-06,True,1807.7975597777763,1359.8163983333343,73285.37662999998,46437.681170239,944.4404950333358,6463.282749046817,52900.963919285816,3112.1130951028817
2025-08-07,True,1359.8163983333343,1628.5234237777781,73604.18024000002,46630.670037398,60.043136666666896,405.3200858883349,47035.990123286334,6064.989565432099
2025-08-08,True,1628.5234237777781,2003.2554315925963,40574.010325999996,23989.645842246,0.0,0.0,23989.645842246,21872.50249966255
2025-08-09,True,2003.2554315925963,1844.1582142592608,39017.90536327,23191.14410089132,0.0,0.0,23191.14410089132,17964.638541541608
2025-08-10,True,1844.1582142592608,2028.8369433333364,72351.12406,46240.368615827996,19.25872000000004,134.27990854000026,46374.648524368,3324.7907847325173
2025-08-11,True,2028.8369433333364,1614.9293402222224,71945.06547999999,45879.055377154,67.7640200000003,456.9830817616687,46336.03845891567,4126.496571563786
2025-08-12,True,1614.9293402222224,1627.3894298888893,70998.872956,45125.0491972786,1009.6265394999958,6995.29768990439,52120.34688718298,561.0763212674914
2025-08-13,True,1627.3894298888893,1840.9405512592598,71372.61285,45421.184159569995,19.94948333333332,139.16759573333323,45560.35175530333,1391.9446240740847
2025-08-14,True,1840.9405512592598,1539.606530111115,71953.92879,45796.776117788,83.68975666666654,574.6950149466658,46371.47113273467,2300.295689835391
2025-08-15,True,1539.606530111115,1810.1494157407421,39610.1003545,23487.251507381952,65.09027983332943,260.63089120565087,23747.882398587604,19649.355931331273
2025-08-16,True,1810.1494157407421,1630.8726799259266,39399.7037118,23247.684048631698,5.25215666666486,36.63904490665406,23284.32309353835,20227.159454804118
2025-08-17,True,1630.8726799259266,1924.7811872592597,72477.08632,46217.804898466,122.06431000000009,822.3146199633339,47040.11951842933,5507.417453168723
2025-08-18,True,1924.7811872592597,1911.020172074078,71744.18338,45825.545324434,124.50358333333384,846.5603488383367,46672.10567327234,3619.9611744032936
2025-08-19,True,1911.020172074078,1622.635272037038,70594.44593,45070.266944336996,181.62922333333336,1225.1813078083335,46295.44825214533,3070.6714707818956
2025-08-20,True,1622.635272037038,1437.0117063333337,70250.16428,44773.457125801,4328.607414533327,27562.99698840666,72336.45411420765,720.3119004526775
2025-08-21,True,1437.0117063333337,1692.5055644444424,72088.80408999999,45966.837830635995,23.24766333333332,156.67459484499992,46123.51242548099,2207.655604403292
2025-08-22,True,1692.5055644444424,1448.6861400000003,40050.271993,23635.9567805653,201.0878480999954,609.2132517149357,24245.170032280235,16594.880796378602
2025-08-23,True,1448.6861400000003,1817.66345225926,40442.737951999996,23928.0153757502,0.0,0.0,23928.0153757502,15174.425374773658
2025-08-24,True,1817.66345225926,1728.3066927777802,73138.337496,46642.4765016912,0.0,0.0,46642.4765016912,5733.520340238687
2025-08-25,True,1728.3066927777802,1556.7373787037045,73906.54685,47059.370474031995,1308.71401549999,9016.502795413016,56075.873269445015,844.4701357613233
2025-08-26,True,1556.7373787037045,1651.1950288888902,73437.41657,46587.781072118,103.2009787333285,711.3630597136996,47299.1441318317,4030.7863781481574
2025-08-27,True,1651.1950288888902,1382.2048907407413,72679.4478219,46225.50723950368,505.1136938333311,3515.413616506651,49740.92085601033,1546.663531216876
2025-08-28,True,1382.2048907407413,1385.7671087037043,73947.92028600001,47105.3571119828,1306.637428766665,9001.796358230104,56107.1534702129,453.65549823045967
2025-08-29,True,1385.7671087037043,2102.0634245555593,41609.422025,24843.2667404143,0.0,0.0,24843.2667404143,15590.3008804321
2025-08-30,True,2102.0634245555593,1534.6429295185226,40014.563716000004,23857.939395862202,0.0,0.0,23857.939395862202,19755.8732559177
2025-08-31,True,1534.6429295185226,2119.874299481483,75455.770497,48114.3399534975,27.914142333333416,193.3029010318339,48307.64285452934,4262.18658748149
2025-09-01,True,2119.874299481483,5371.731882000003,75065.67043599999,47864.4195163306,0.0,0.0,47864.4195163306,14801.372765925937
2025-09-02,True,5371.731882000003,2484.2379406296322,58893.216132,37532.057661299856,6.41366713333332,43.36601032203324,37575.42367162189,4139.078007530865
2025-09-03,True,2484.2379406296322,1263.1364730000003,60736.8416366,37951.175717156526,405.565687766663,2770.0456194271787,40721.2213365837,3319.377805267492
2025-09-04,True,1263.1364730000003,1682.6471997777785,61789.262763399995,38312.62103570682,689.500801999997,4793.035140386978,43105.6561760938,4139.474054526756
2025-09-05,True,1682.6471997777785,5044.786575999999,38829.23306,23155.813556182402,0.0,0.0,23155.813556182402,25998.488724407405
2025-09-06,True,5044.786575999999,3215.1614482963,30328.254617399998,17793.4345141763,0.0,0.0,17793.4345141763,22128.99307633004
2025-09-07,True,3215.1614482963,1864.7684179777789,59360.84576008,37494.21418952856,0.0,0.0,37494.21418952856,2005.6062128395138
2025-09-08,True,1864.7684179777789,1200.0,57282.624379999994,35421.4473310422,4887.044190686665,30793.974919334392,66215.42225037659,96.34480000000076
2025-09-09,True,1200.0,1380.1626690000003,59847.230348,37052.3174075962,1214.2427504999964,8241.518839975459,45293.83624757166,3863.2752469958905
2025-09-10,True,1380.1626690000003,1300.465691740741,59381.938947,36784.1105080058,5401.998151466664,34558.85638169235,71342.96688969815,210.9883802469169
2025-09-11,True,1300.465691740741,1628.9619548148194,63458.92065,39418.202658473005,6.071666666666715,40.929105000000334,39459.13176347301,5583.961696296298
2025-09-12,True,1628.9619548148194,1588.7478772962975,32061.48882,17660.3050014088,0.0,0.0,17660.3050014088,17769.49326374486
2025-09-13,True,1588.7478772962975,1389.1446045185185,31070.8416483,17203.29894596293,31.016342966666592,148.53109738523295,17351.830043348164,20716.135016748973
2025-09-14,True,1389.1446045185185,1221.364659,63376.601299999995,39489.706133939006,942.6406159333324,5375.116179768128,44864.82231370713,534.4149670370394
2025-09-15,True,1221.364659,1833.8235236666667,65558.452,40736.695546064,1.1717666666667128,7.89360615000031,40744.589152214,5746.912979094648
2025-09-16,True,1833.8235236666667,1234.7983577037041,62316.85105999999,38804.627316775004,600.0254147666625,4001.5267328470386,42806.15404962204,175.36371666666776
2025-09-17,True,1234.7983577037041,1242.5767770740747,63747.3643,39239.28368414601,1223.8463592999958,7278.984343064122,46518.26802721013,989.7646806995926
2025-09-18,True,1242.5767770740747,1432.9987914074077,65337.362838,40582.0509744252,46.534802633332646,201.45691764847982,40783.50789207368,1912.33847102881
2025-09-19,True,1432.9987914074077,2355.0278868888913,33634.374150999996,18822.3396746931,0.0,0.0,18822.3396746931,13774.587446954729
2025-09-20,True,2355.0278868888913,1889.3438185185205,31341.725382000004,17492.767887568,85.7634034999953,304.7275080732338,17797.495395641232,13590.608819094652
2025-09-21,True,1889.3438185185205,1765.6678943333359,67396.85227999999,42034.254600471,0.0,0.0,42034.254600471,5542.593481028805
2025-09-22,True,1765.6678943333359,1542.328864111112,67116.793407,41830.5535000359,19.555900000000065,131.78740035000044,41962.340900385905,2795.954594530871
2025-09-23,True,1542.328864111112,1613.1000268888895,67285.63618,41684.705569688,782.3420341999972,5339.0669614731805,47023.77253116118,1747.2537268312803
2025-09-24,True,1613.1000268888895,1672.241120740745,66410.7627779,41097.86915749888,652.9792599333313,3316.7041694773225,44414.5733269762,1923.8549033333368
2025-09-25,True,1672.241120740745,1476.9997541851874,68392.220058,42673.2009995566,15.37166666666667,103.4974316666667,42776.69843122327,4184.137141769551
2025-09-26,True,1476.9997541851874,2100.243048074077,34239.37026,19134.076878102,0.0,0.0,19134.076878102,13089.088861234572
2025-09-27,True,2100.243048074077,1267.7135738148154,32281.634136,17938.616126339002,268.6665240666636,1874.2176718890453,19812.833798228046,12841.73043144033
2025-09-28,True,1267.7135738148154,1880.4727758518525,69860.648105,43513.2590182435,289.5453849333318,1416.1300679209257,44929.389086164425,1919.246537386838
2025-09-29,True,1880.4727758518525,1604.2912756666676,69860.55785,43509.399605617,26.015016666666725,134.7362566666671,43644.13586228367,3371.509685473261
2025-09-30,True,1604.2912756666676,1482.4441217037045,69396.65147489999,43205.019773391316,1005.6201744000011,6165.228801929366,49370.248575320686,859.3063833333347
2025-10-01,True,1482.4441217037045,3225.646261592594,68634.2846215,42384.5521304112,0.0,0.0,42384.5521304112,13612.053343333337
2025-10-02,True,3225.646261592594,1915.7437197777817,64475.252440000004,39490.885661912005,0.0,0.0,39490.885661912005,10189.544066872433
2025-10-03,True,1915.7437197777817,3540.550430407409,32687.79896,17926.530041133003,0.0,0.0,17926.530041133003,20514.030113497945
2025-10-04,True,3540.550430407409,2034.3051537777787,29003.83174,15581.671999442,0.0,0.0,15581.671999442,14877.093163275726
2025-10-05,True,2034.3051537777787,2096.551164444446,64886.125623,39707.4458309961,0.0,0.0,39707.4458309961,6305.435699049389
2025-10-06,True,2096.551164444446,1415.72283925926,63331.207691999996,38676.703754463204,114.31226466666567,797.4423583146597,39474.14611277786,2495.0762028395193
2025-10-07,True,1415.72283925926,1424.0844411111125,62574.3688,37970.823475761994,461.61707673333296,2318.139512036998,40288.962987798994,1186.6773105349844
2025-10-08,True,1424.0844411111125,1346.1509667037042,59649.825139,35855.6420263254,1208.5778564699976,7442.862385645707,43298.5044119711,385.5048141563807
2025-10-09,True,1346.1509667037042,1381.110111074075,63362.004530000006,38471.476194599,186.4231800666647,1232.9104927217197,39704.38668732072,3513.7033350205847
2025-10-10,True,1381.110111074075,1897.8377810740742,31442.367773,16587.723725222502,0.0,0.0,16587.723725222502,18665.983056378598
2025-10-11,True,1897.8377810740742,1719.7077950370403,31334.458455,16450.640852340097,0.0,0.0,16450.640852340097,14547.260940679012
2025-10-12,True,1719.7077950370403,1200.2346214814818,63907.669501,38877.7546472834,442.6516012333301,2786.594584105978,41664.34923138938,2434.668166954737
2025-10-13,True,1200.2346214814818,1575.3735674074092,65973.635987,40465.9231036776,0.0,0.0,40465.9231036776,4548.194660699593
2025-10-14,True,1575.3735674074092,1306.4851021481484,64596.28874999999,39709.509814809,640.0722567000016,3692.093304539215,43401.60311934821,694.4308909053544
2025-10-15,True,1306.4851021481484,1527.7633890000002,64053.813472999995,39314.2007559912,2085.2750573666626,14194.440421474708,53508.64117746591,286.8187239506167
2025-10-16,True,1527.7633890000002,1608.4821746666664,66471.48813000001,40987.339056587996,1273.6915586666623,8555.276318195643,49542.615374783636,462.85563386831666
2025-10-17,True,1608.4821746666664,1826.5623521851865,32585.632611999998,17379.7297336238,0.0,0.0,17379.7297336238,13382.249837267489
2025-10-18,True,1826.5623521851865,2154.1159941481474,32132.480985000006,17045.4349837015,0.0,0.0,17045.4349837015,12947.728515823048
2025-10-19,True,2154.1159941481474,1479.1835260370374,68008.393371,41832.003558668104,937.5987989333336,6411.650252394134,48243.653811062235,1674.4949010288112
2025-10-20,True,1479.1835260370374,1567.0571931481493,70184.96267988,43347.38734048158,730.3971024866644,3531.628640461342,46879.015980942924,2274.065343086423
2025-10-21,True,1567.0571931481493,1357.9913074074086,70191.92969,43248.689827322,619.5312822666672,3342.7135147584117,46591.40334208041,408.57228337448544
2025-10-22,True,1357.9913074074086,1439.800262962963,69966.8793154,42915.971639916286,1393.6029150666604,7080.359309851447,49996.33094976773,1609.5162614905346
2025-10-23,True,1439.800262962963,1758.2517730000027,72074.46101,44571.269169404,0.0,0.0,44571.269169404,4067.5072540740784
2025-10-24,True,1758.2517730000027,1757.393209925928,33060.0867654,17674.821303587363,0.0,0.0,17674.821303587363,11481.096388321814
2025-10-25,True,1757.393209925928,1579.5751711851885,33082.907548,17602.1801195554,0.0,0.0,17602.1801195554,10966.22373725926
2025-10-26,True,1579.5751711851885,1864.596218222227,73241.59154,45335.059456191,0.0,0.0,45335.059456191,4393.35878386832
2025-10-27,True,1864.596218222227,1495.1123927037006,73033.394225,45279.495088074,19.744933333333393,92.48526773333361,45371.98035580733,5777.374642016466
2025-10-28,True,1495.1123927037006,1697.6502607777777,72510.00517799999,44825.9827337804,0.0,0.0,44825.9827337804,2151.158150740741
2025-10-29,True,1697.6502607777777,1435.9023630740744,70818.5704406,43838.91491996468,2685.6237142599985,17028.48569319699,60867.40061316167,527.6125523456811
2025-10-30,True,1435.9023630740744,1684.6645973703728,73586.64554396001,45638.22617009173,3.4752793733333647,16.27820858469348,45654.50437867642,4269.587307983552
2025-10-31,True,1684.6645973703728,1914.8959611111136,34280.858821,18396.1881322306,0.0,0.0,18396.1881322306,6953.398135514411
2025-11-01,True,1914.8959611111136,2095.3658579259295,33809.45212,18118.4010523608,0.0,0.0,18118.4010523608,8120.995846790129
2025-11-02,True,2095.3658579259295,1431.290498851853,74363.282936,46169.556791814604,150.14310333333307,1040.0759338133316,47209.63272562793,1965.1673678189395
2025-11-03,True,1431.290498851853,1890.05455525926,76347.0325595,47570.9769444786,0.0,0.0,47570.9769444786,2246.139848559679
2025-11-04,True,1890.05455525926,1390.7891749259265,75523.284847,46972.054639680704,83.03054783333278,489.649060707963,47461.703700388665,4367.889031358031
2025-11-05,True,1390.7891749259265,1412.2315146296316,74937.90152339,46397.71485394875,86.71723997666592,427.94710834760804,46825.66196229636,827.6997734156415
2025-11-06,True,1412.2315146296316,1526.1402233703702,76947.53837560001,47887.327142123075,915.7941808666645,4432.286203854523,52319.613345977596,1903.6492725514481
2025-11-07,True,1526.1402233703702,1981.7005884444472,35309.393111,19002.921291463797,0.0,0.0,19002.921291463797,8182.167838942391
2025-11-08,True,1981.7005884444472,1910.4127728148173,34552.932035000005,18478.681563205202,0.0,0.0,18478.681563205202,7779.104123971194
2025-11-09,True,1910.4127728148173,1613.95982751852,77520.75127040001,48472.530267997085,0.0,0.0,48472.530267997085,2208.8064408567943
2025-11-10,True,1613.95982751852,1431.5427458888894,78476.681742,49097.468845752,135.12423183333217,938.6240730073251,50036.09291875933,498.3122460082346
2025-11-11,True,1431.5427458888894,1656.0424897037046,78410.60649840001,49016.474769399196,2.0516666666667334,8.98527416666696,49025.460043565865,2306.853574465848
2025-11-12,True,1656.0424897037046,1662.609039111112,77907.260654,48654.105356343,11.773333333333426,51.56131333333374,48705.666669676335,2523.072653547332
2025-11-13,True,1662.609039111112,1614.6287805555546,79347.061818,49882.7793818024,2.010533333333342,9.417338133333374,49892.19671993573,2727.014274650215
2025-11-14,True,1614.6287805555546,2018.5037522963007,35943.318453,19361.137252634002,0.0,0.0,19361.137252634002,4646.559502218103
2025-11-15,True,2018.5037522963007,1742.6402795555562,34994.334129999996,18835.7952780821,0.0,0.0,18835.7952780821,3823.1641835802566
2025-11-16,True,1742.6402795555562,1589.5241720740755,81051.4709874,51095.46913147984,0.0,0.0,51095.46913147984,2451.5941265316887
2025-11-17,True,1589.5241720740755,1828.6331985555576,82077.26332292,51870.81939804306,0.0,0.0,51870.81939804306,4881.806049518524
2025-11-18,True,1828.6331985555576,1455.50059612593,80076.10098599999,50407.7932916728,0.0,0.0,50407.7932916728,1315.5374464362149
2025-11-19,True,1455.50059612593,1502.387030259262,81592.670584,51386.3550809026,1.3850000000001046,6.301057500000476,51392.6561384026,1714.6045531317009
2025-11-20,True,1502.387030259262,1657.1556273333351,82554.49495005999,52141.16192854981,0.0,0.0,52141.16192854981,3170.026585522641
2025-11-21,True,1657.1556273333351,1990.3019225925939,36590.47874,19767.673120503503,0.0,0.0,19767.673120503503,3956.08805711935
2025-11-22,True,1990.3019225925939,1681.7975062592616,36036.19070399999,19368.0201423804,0.0,0.0,19368.0201423804,2842.1714942880676
2025-11-23,True,1681.7975062592616,1702.6440915555556,83360.593973,52734.9862160656,0.0,0.0,52734.9862160656,3724.0318700617395
2025-11-24,True,1702.6440915555556,1343.3028993703726,83339.420849,52674.612879915796,18.83966666666663,88.2449986666665,52762.857878582465,5429.608028456795
2025-11-25,True,1343.3028993703726,1568.0771963333352,83124.525902,52395.2677970444,0.0,0.0,52395.2677970444,2315.1906663292284
2025-11-26,True,1568.0771963333352,1902.0571304444463,83628.65089300001,52881.62766136418,31.255815466666604,146.4022396458664,53028.02990101005,2110.9703018411624
2025-11-27,True,1902.0571304444463,1771.574666740742,83699.43108800001,53011.3024750346,0.0,0.0,53011.3024750346,3577.502364061739
2025-11-28,True,1771.574666740742,2026.046624518522,37581.646508000005,20278.0175733164,0.0,0.0,20278.0175733164,2915.1532382139867
2025-11-29,True,2026.046624518522,1324.1146244074073,37517.137817,20170.1097356796,201.45646710000136,1231.5033833823081,21401.61311906191,199.4180833333338
2025-11-30,True,1324.1146244074073,1410.926229111114,85559.02947149999,54126.16143113385,6.062833333333515,28.398311333334185,54154.55974246718,515.04048650206
2025-12-01,True,1410.926229111114,1303.8120423333344,86454.0401637,54761.247202143786,4698.438519066661,23948.83103609221,78710.07823823599,335.96712333333437
2025-12-02,True,1303.8120423333344,1413.3044778888952,92805.0250146,58974.003183596185,1292.3183872666636,6320.9932042445525,65294.996387840736,508.01569131687904
2025-12-03,True,1413.3044778888952,1923.7996506666668,93787.37802899998,59954.365346377694,0.0,0.0,59954.365346377694,1501.0834258847892
2025-12-04,True,1923.7996506666668,1625.8089171851852,94615.92218000001,60619.623465785,67.44808,374.80412940333326,60994.42759518833,3283.6147936625607
2025-12-05,True,1625.8089171851852,1776.501891333338,45665.439506,24258.439984289602,309.06664319999607,1541.6608844259795,25800.10086871558,571.6644333333343
2025-12-06,True,1776.501891333338,1600.0019007407416,47780.60548,25125.775858322,62.6380923333265,297.11488163230115,25422.8907399543,439.6872202469162
2025-12-07,True,1600.0019007407416,1427.3158426666662,94865.582051,60782.5471013005,56.04160233333346,326.7184699191674,61109.265571219665,2742.178809259268
2025-12-08,True,1427.3158426666662,2095.477458111114,99375.06640099999,63855.9548812492,0.0,0.0,63855.9548812492,6312.200033209887
2025-12-09,True,2095.477458111114,1625.4326385555564,96523.54456400001,62118.8547592187,94.05367433333356,547.7396403381679,62666.59439955687,5088.035925555558
2025-12-10,True,1625.4326385555564,1508.9798005185187,95889.30426589999,61602.89060145461,0.0,0.0,61602.89060145461,3128.0493380658518
2025-12-11,True,1508.9798005185187,1673.4265650370407,96524.449272,62093.2206893222,0.0,0.0,62093.2206893222,5708.467201275721
2025-12-12,True,1673.4265650370407,2041.7730490740753,51899.196386,27700.5302398298,0.0,0.0,27700.5302398298,4130.583007942397
2025-12-13,True,2041.7730490740753,2000.5285775925909,50377.09838,26630.053094737,0.0,0.0,26630.053094737,2863.478021275725
2025-12-14,True,2000.5285775925909,1512.7728976296298,96563.2876823,62188.09025956888,0.0,0.0,62188.09025956888,3681.0945346502067
2025-12-15,True,1512.7728976296298,1610.673751925928,97398.882753,62655.168589899105,0.0,0.0,62655.168589899105,3072.159898271609
2025-12-16,True,1610.673751925928,1541.0756870370406,97358.787755,62700.03851047139,0.0,0.0,62700.03851047139,3380.0462490946593
2025-12-17,True,1541.0756870370406,1451.7266441851866,96972.22516460001,62202.32564269696,0.0,0.0,62202.32564269696,4258.910951028819
2025-12-18,True,1451.7266441851866,1649.9763914814846,97736.09376799999,62883.409679674805,0.0,0.0,62883.409679674805,5353.935255473255
2025-12-19,True,1649.9763914814846,1683.6657795925942,51481.10858,27310.587087209,0.0,0.0,27310.587087209,4784.8369201646165
2025-12-20,True,1683.6657795925942,1771.4748466666667,51156.382399999995,27090.465717337,0.0,0.0,27090.465717337,4442.988683909465
2025-12-21,True,1771.4748466666667,1735.256027333335,97592.01506199999,62901.855364711206,0.0,0.0,62901.855364711206,4014.3831348148165
2025-12-22,True,1735.256027333335,1499.675682407407,97676.95254540001,62889.56129949376,0.0,0.0,62889.56129949376,4365.187214197544
2025-12-23,True,1499.675682407407,1691.3320850000014,97706.42266400001,62921.1225443898,0.0,0.0,62921.1225443898,5721.939449588479
2025-12-24,True,1691.3320850000014,1437.166219592593,96208.1330285,61725.35268804215,41.266128333332745,287.8725112533292,62013.22519929548,4021.4680245267546
2025-12-25,True,1437.166219592593,1578.5122415925937,97014.8959503,62414.183803801265,0.0,0.0,62414.183803801265,4303.916883333341
2025-12-26,True,1578.5122415925937,2181.1831832592616,50515.989749,26799.1231828396,0.0,0.0,26799.1231828396,3007.4068551851924
2025-12-27,True,2181.1831832592616,1807.8508082222231,49923.358804999996,26378.53294885,0.0,0.0,26378.53294885,3282.733725390952
2025-12-28,True,1807.8508082222231,1845.3411992962951,97299.4899418,62761.61573481321,11.6597996666668,68.11071975283411,62829.726454566044,6079.380050329225
2025-12-29,True,1845.3411992962951,1506.677110962965,96938.444068,62433.559702586805,0.0,0.0,62433.559702586805,5394.866320534988
2025-12-30,True,1506.677110962965,1667.2769553703718,96677.584153,62149.4615781483,0.0,0.0,62149.4615781483,5725.435977530875
2025-12-31,True,1667.2769553703718,1345.059326111112,95380.6155611,61106.712380896264,167.91291326666652,925.8632850618671,62032.57566595813,2577.771525226349
