date,q_load,soc0_actual,soc24_actual,total_cost,plan_cost,emergency_cost,emergency_kwh,curtail_kwh,purchase_kwh
2025-02-01,0.6,6000.0,2332.459632481481,21771.341623084998,21771.341623084998,0.0,0.0,7106.895038798355,40735.827636
2025-02-02,0.6,2332.459632481481,1706.44922822222,56137.1401039708,56137.1401039708,0.0,0.0,6406.301737613175,88296.537373
2025-02-03,0.7,1706.44922822222,1441.3975921851859,56028.58873820518,54592.80537645862,1435.78336174656,213.94540370000135,2974.0476479423974,87090.7757424
2025-02-04,0.8,1441.3975921851859,1749.5589435185198,55829.4008393502,55829.4008393502,0.0,0.0,2222.6760259670896,88372.778506
2025-02-05,0.8,1749.5589435185198,1721.150576555559,55891.7315605355,55891.7315605355,0.0,0.0,3351.521594897125,88645.605342
2025-02-06,0.6,1721.150576555559,1552.0895865925954,55035.48499702667,54873.853414928,161.63158209866876,27.707125333333693,2220.0427593703816,86856.067915
2025-02-07,0.6,1552.0895865925954,2145.2601965925915,23771.067862243603,23771.067862243603,0.0,0.0,8963.345519497954,44970.638297000005
2025-02-08,0.6,2145.2601965925915,1615.2948454444438,19692.093505495897,19692.093505495897,0.0,0.0,2967.7553112921787,37438.442098
2025-02-09,0.6,1615.2948454444438,1212.636511148148,53227.474705117536,52901.589093465096,325.8856116524409,71.18860696666756,700.9576817489843,84335.123887
2025-02-10,0.6,1212.636511148148,1336.3553285555568,52809.25586864349,52809.25586864349,0.0,0.0,5871.888975818934,84440.00962400001
2025-02-11,0.8,1336.3553285555568,1342.9726237777786,54165.04164444508,53421.4607254053,743.5809190397871,126.39342900000057,5966.1837276543265,85340.99503600001
2025-02-12,0.7,1342.9726237777786,1726.5196245185189,52645.3723287737,52645.3723287737,0.0,0.0,4204.084454230461,84141.56741699998
2025-02-13,0.6,1726.5196245185189,1533.5862418518516,52185.8176808207,52185.8176808207,0.0,0.0,8029.896605851859,83087.33294899999
2025-02-14,0.6,1533.5862418518516,1920.4994710740739,19833.0720113608,19833.0720113608,0.0,0.0,3825.715240526751,37503.422296000004
2025-02-15,0.6,1920.4994710740739,1530.541959703705,19170.952690425,19170.952690425,0.0,0.0,4134.867791971196,36286.076783
2025-02-16,0.6,1530.541959703705,1313.8904244444452,50333.89018030751,49975.9225225848,357.9676577227133,68.08798473333047,826.2548045555704,80310.780922
2025-02-17,0.6,1313.8904244444452,1287.1378461851862,49870.84758715876,49372.1627648751,498.684822283656,77.49231499999848,4750.62794295885,79804.786076
2025-02-18,0.7,1287.1378461851862,1340.3957738518523,49571.147644961566,48538.44494600476,1032.7026989568005,163.9521309666668,2418.1588472893104,78641.4819971
2025-02-19,0.7,1340.3957738518523,1314.2662958518529,49446.191907058856,49100.37332624987,345.81858080898417,77.96430136666686,2130.4338983827142,79405.95204430001
2025-02-20,0.6,1314.2662958518529,1766.801851925928,49734.1576686921,49722.2006157961,11.95705289599982,2.5527439999999615,4432.022737917698,80157.136654
2025-02-21,0.6,1766.801851925928,2084.594591925926,19355.979080316203,19355.979080316203,0.0,0.0,7472.999893740749,36646.535183
2025-02-22,0.6,2084.594591925926,1787.2919116296296,18376.7613952898,18376.7613952898,0.0,0.0,4186.614425452677,34879.965025
2025-02-23,0.6,1787.2919116296296,1328.0132790370383,48113.431377502595,48113.431377502595,0.0,0.0,2298.500931724285,77639.979365
2025-02-24,0.6,1328.0132790370383,1299.0434311111112,47553.71867980847,47394.6858490963,159.03283071217365,41.18044996666786,4945.613280057616,77110.64855000001
2025-02-25,0.7,1299.0434311111112,1214.57022,48437.45189571434,46797.58875189953,1639.8631438148052,337.32082459999845,7066.445309168729,76366.17156270001
2025-02-26,0.7,1214.57022,1662.5081465555618,47034.007321078694,47034.007321078694,0.0,0.0,3103.3921113991823,76490.73273
2025-02-27,0.6,1662.5081465555618,1451.9922099259309,46397.710298339596,46388.3837126351,9.326585704499514,2.0500243333332264,4070.5090536625635,75314.00106899999
2025-02-28,0.6,1451.9922099259309,1978.7867898148172,18787.5561593924,18787.5561593924,0.0,0.0,8613.484352921823,35624.29602
2025-03-01,0.6,1978.7867898148172,1751.583832148147,17764.767782673465,17764.767782673465,0.0,0.0,7489.1651690299705,33857.16661596
2025-03-02,0.9,1751.583832148147,1804.1961861481495,50840.4955577552,50840.4955577552,0.0,0.0,4550.18706602469,80990.77318599999
2025-03-03,0.85,1804.1961861481495,1705.9809386592706,48271.8377545382,48271.8377545382,0.0,0.0,1356.1190808642004,77748.4028155
2025-03-04,0.8,1705.9809386592706,1414.895199925926,46100.92390567344,46097.9976547401,2.9262509333338245,0.6247333333334382,1552.1743939835633,74765.935501
2025-03-05,0.6,1414.895199925926,1401.5388037407404,45309.451981945,44026.416753653,1283.035228292,187.50807033333342,2296.714869794249,72408.23314
2025-03-06,0.6,1401.5388037407404,1408.439463851856,45781.84437957112,45781.84437957112,0.0,0.0,4376.574649053502,74528.33313340001
2025-03-07,0.6,1408.439463851856,2021.8047279629623,17911.8449479122,17911.8449479122,0.0,0.0,9342.895786028814,33838.570345
2025-03-08,0.7,2021.8047279629623,2153.9468914814843,17016.537259546,17016.537259546,0.0,0.0,9762.812270082302,31767.996590000002
2025-03-09,0.6,2153.9468914814843,1343.4936871481495,44416.034135249996,44416.034135249996,0.0,0.0,5816.76688646091,72290.74189
2025-03-10,0.6,1343.4936871481495,1280.7695158888896,44467.5274365367,44121.313276976,346.2141595607053,50.2462890666673,97.44346670782784,72237.85321
2025-03-11,0.85,1280.7695158888896,1511.5760121111118,45654.27005994599,45003.244090984,651.0259689619927,95.2242999666632,5975.339468847747,74003.83095500001
2025-03-12,0.7,1511.5760121111118,1326.6354977777755,43074.76737878,43074.76737878,0.0,0.0,4680.9306824691375,70884.27095
2025-03-13,0.7,1326.6354977777755,1566.135873962964,44852.031872514,44852.031872514,0.0,0.0,1145.9057291358008,73284.20121
2025-03-14,0.6,1566.135873962964,2267.6571328518526,17089.4597576463,17089.4597576463,0.0,0.0,12623.69792864609,32259.639067
2025-03-15,0.6,2267.6571328518526,1211.9128555555565,15868.97565928136,15868.97565928136,0.0,0.0,7660.894901405762,30218.044731200003
2025-03-16,0.6,1211.9128555555565,1626.648936444448,42395.797000670995,42388.335820670996,7.461180000000455,1.6400000000001,2088.3902771193452,69940.33407
2025-03-17,0.6,1626.648936444448,1530.3790971851888,42217.00330894299,42217.00330894299,0.0,0.0,8376.055280946508,69863.84057
2025-03-18,0.8,1530.3790971851888,1414.142179555556,42388.51595240863,41876.5399005023,511.976051906325,104.44556733333158,4280.744123209883,69322.271673
2025-03-19,0.7,1414.142179555556,1885.6172674074098,42134.89453303037,42030.315174211006,104.57935881935934,22.19897236666511,5392.010314650209,69436.56541000001
2025-03-20,0.6,1885.6172674074098,1386.6365500000004,41490.58194967105,40785.232907254,705.3490424170463,101.11081456666375,1414.7933745679022,67275.84386
2025-03-21,0.6,1386.6365500000004,1656.7291548518529,16171.5042364982,16171.5042364982,0.0,0.0,15702.63215981893,30865.590062000003
2025-03-22,0.6,1656.7291548518529,2051.605321370369,15842.237921998334,15842.237921998334,0.0,0.0,11475.304830209876,30344.53619897
2025-03-23,0.6,2051.605321370369,1311.354056962963,39982.87128787563,39254.007667526996,728.8636203486311,125.64713289999958,2982.4831859259257,64892.970149999994
2025-03-24,0.6,1311.354056962963,1507.497264851854,39409.787343111,39409.787343111,0.0,0.0,2939.8909496296283,65206.928530000005
2025-03-25,0.85,1507.497264851854,1275.6169080370385,40822.69293121801,40822.69293121801,0.0,0.0,2742.1379024691455,67460.0548
2025-03-26,0.6,1275.6169080370385,1358.9377684444453,39381.75123827232,39005.231172139,376.52006613332503,53.973633333332145,5313.185447078199,64873.221249999995
2025-03-27,0.6,1358.9377684444453,1359.897545666668,39013.56837385,39013.56837385,0.0,0.0,1766.6446882716061,64679.54701000001
2025-03-28,0.6,1359.897545666668,1883.5939887777772,15426.1161374708,15426.1161374708,0.0,0.0,15818.75217649383,29948.181396
2025-03-29,0.6,1883.5939887777772,1730.912874925931,14998.690962093,14998.690962093,0.0,0.0,19023.769214485597,29127.018072
2025-03-30,0.6,1730.912874925931,1566.0637829259283,37353.8030980856,37353.8030980856,0.0,0.0,2755.3653975308716,61888.027838
2025-03-31,0.7,1566.0637829259283,1825.7948172962986,38798.6894576618,38798.6894576618,0.0,0.0,3322.397013621413,64238.349448999994
2025-04-01,0.85,1825.7948172962986,1429.9480046296303,39138.15477964641,38274.071571984,864.0832076624056,125.10702573333413,286.7018514814826,63686.15946
2025-04-02,0.9,1429.9480046296303,2168.389263629631,43903.303139064396,41935.125936578,1968.1772024863972,399.39547786666606,4727.0653762551465,69586.69017999999
2025-04-03,0.6,2168.389263629631,1406.3684481851874,37819.1102499666,37477.256401346596,341.85384862000825,69.59917000000166,3073.0537629094692,62288.24979900001
2025-04-04,0.6,1406.3684481851874,2138.0373587407407,15389.4833936344,15389.4833936344,0.0,0.0,20041.90108227984,29823.508768
2025-04-05,0.6,2138.0373587407407,1444.3037167777793,14226.63617633259,14226.63617633259,0.0,0.0,14030.956062850615,27797.4014229
2025-04-06,0.6,1444.3037167777793,1370.501969703705,37224.75677189359,37224.75677189359,0.0,0.0,4010.400503333338,62342.345964
2025-04-07,0.6,1370.501969703705,1551.474281814818,36967.8105143786,36967.8105143786,0.0,0.0,4783.865361481491,61970.674039000005
2025-04-08,0.85,1551.474281814818,1361.9560371851858,39087.2383012038,38260.971661063,826.2666401408001,118.44418580000001,6334.63228765432,64333.398530000006
2025-04-09,0.8,1361.9560371851858,1458.8489925925928,38197.3553615039,38197.3553615039,0.0,0.0,968.2375057201757,64237.501229
2025-04-10,0.6,1458.8489925925928,1434.8252836296301,36809.310450435114,36410.5810575212,398.7293929139093,64.65989829999633,2198.321158765432,60781.442328000005
2025-04-11,0.6,1434.8252836296301,1661.5337351481485,14245.440716004101,14245.440716004101,0.0,0.0,19973.825584004113,28111.714201
2025-04-12,0.6,1661.5337351481485,1837.44552025926,14123.0511519399,14123.0511519399,0.0,0.0,16305.789211979421,27822.131537
2025-04-13,0.6,1837.44552025926,1384.0727695185174,35340.6816162622,35340.6816162622,0.0,0.0,1192.543279954729,58925.219422999995
2025-04-14,0.6,1384.0727695185174,1383.5301924444448,35805.90391424862,35452.28356568329,353.6203485653298,50.69099033333282,3081.2173451851827,59391.112223000004
2025-04-15,0.8,1383.5301924444448,1633.2536458518507,36566.5422587732,36566.5422587732,0.0,0.0,7514.5148894650265,61520.470488
2025-04-16,0.7,1633.2536458518507,1220.5286434814818,35593.33108372293,35566.3316902512,26.999393471725085,5.470447466664996,627.9333420452706,59753.249535
2025-04-17,0.6,1220.5286434814818,1584.7064100740736,35197.883006831195,35197.883006831195,0.0,0.0,1525.7606503539096,58740.256111999995
2025-04-18,0.6,1584.7064100740736,2110.9167565555567,13967.1054886768,13967.1054886768,0.0,0.0,18318.70642428395,27685.249637999998
2025-04-19,0.6,2110.9167565555567,1783.7297647407393,13221.870788148219,13221.870788148219,0.0,0.0,17555.431456886417,26260.690213799997
2025-04-20,0.6,1783.7297647407393,1644.996570370374,34240.5394864111,34240.5394864111,0.0,0.0,1684.5506787242807,57291.571771
2025-04-21,0.6,1644.996570370374,1236.097033962963,34141.88346077546,33993.1585680475,148.72489272796525,70.14444243333267,5389.875269872441,57072.203516
2025-04-22,0.8,1236.097033962963,1623.8499121481489,34868.077992329796,34868.077992329796,0.0,0.0,2706.9182260082434,58878.294952000004
2025-04-23,0.6,1623.8499121481489,1373.1068850000004,33302.25192557287,32865.7710568542,436.48086871866485,93.92650843333301,692.5941392510395,55485.473792000004
2025-04-24,0.6,1373.1068850000004,1514.3427640740765,34059.7437641711,34059.7437641711,0.0,0.0,6214.556304748972,57263.075517000005
2025-04-25,0.6,1514.3427640740765,1631.4482525925941,13057.872405465401,13057.872405465401,0.0,0.0,21885.842950028808,26432.574009000004
2025-04-26,0.6,1631.4482525925941,1448.9506494555571,12742.9996873196,12742.9996873196,0.0,0.0,23719.11850230453,25823.374772
2025-04-27,0.8,1448.9506494555571,1798.2970989259231,34836.3721063792,34836.3721063792,0.0,0.0,5936.786046016463,58515.481596
2025-04-28,0.9,1798.2970989259231,2290.0202920259303,37065.2333044723,37065.2333044723,0.0,0.0,1182.3542728395066,62037.665609
2025-04-29,0.9,2290.0202920259303,1821.9379050000011,35965.506210996915,35719.3959841596,246.11022683731628,35.27956233333089,9898.601491131698,60123.929317
2025-04-30,0.6,1821.9379050000011,1260.252084962964,32298.88238354787,31364.1717070554,934.7106764924665,174.80949746666658,1558.764366469141,52468.67707400001
2025-05-01,0.9,1260.252084962964,1232.170992,44511.54726625466,37545.0922202574,6966.45504599726,1415.7582222666656,9491.67485318108,62916.904611000005
2025-05-02,0.9,1232.170992,1661.0895641851855,16198.538729215239,16198.538729215239,0.0,0.0,13231.011028037858,30482.4222524
2025-05-03,0.9,1661.0895641851855,1426.411231555555,15894.423167028925,15665.4202366188,229.0029304101248,48.312104933331604,18759.0352356214,29621.609652
2025-05-04,0.6,1426.411231555555,1200.0,40420.18781615478,34257.1116144258,6163.07620172898,1173.72550653333,3069.1331544897207,56831.439427000005
2025-05-05,0.7,1200.0,1886.3408982592596,37922.366842854,37922.366842854,0.0,0.0,2496.2466270781956,62176.00196
2025-05-06,0.6,1886.3408982592596,1323.3150210000001,35229.00832811614,34843.240750170204,385.7675779459359,182.7361497333345,545.6116954650334,56577.624666
2025-05-07,0.8,1323.3150210000001,1643.1089981851867,38306.5967804194,38306.5967804194,0.0,0.0,3868.1565162139877,62985.634896
2025-05-08,0.6,1643.1089981851867,1571.524629703706,37423.31905910821,37180.09012648321,243.2289326250005,35.999250000000075,505.6797163374541,60152.964102000005
2025-05-09,0.6,1571.524629703706,3028.710374222224,16563.3395013391,16563.3395013391,0.0,0.0,17840.873292481483,30325.338441000004
2025-05-10,0.6,3028.710374222224,2026.176668259261,15222.9511539347,15222.9511539347,0.0,0.0,14459.072309423866,27606.77955
2025-05-11,0.6,2026.176668259261,1374.970546814815,36880.7406534438,36416.6220717988,464.11858164499097,67.95215333333203,1132.602499374496,59389.71511999999
2025-05-12,0.6,1374.970546814815,1820.4903233333353,36939.9759111382,36939.9759111382,0.0,0.0,5010.773354584364,60634.807007999996
2025-05-13,0.6,1820.4903233333353,1269.6562366296303,37831.74123150046,34088.5774750638,3743.163756436663,600.562596666666,947.4190617530958,56564.06505199999
2025-05-14,0.6,1269.6562366296303,1200.0,35784.52406273484,35509.0100776624,275.5139850724346,129.77874743333396,2093.7368456296376,58516.815951
2025-05-15,0.6,1200.0,1386.36669318519,36280.8732011756,36280.8732011756,0.0,0.0,3019.2121953497935,59790.163859
2025-05-16,0.6,1386.36669318519,1566.4453474444417,14706.95811968944,14706.95811968944,0.0,0.0,22588.437655683956,27794.3029694
2025-05-17,0.7,1566.4453474444417,1601.9771073703728,14899.0314883445,14899.0314883445,0.0,0.0,15455.940124061728,28120.41823
2025-05-18,0.6,1601.9771073703728,1614.7385341851855,35400.87334565254,35365.5546473192,35.318698333333415,5.236666666666679,543.3199939053586,57913.264283
2025-05-19,0.6,1614.7385341851855,1351.7261667037042,35623.99822632699,34928.857376415,695.1408499119966,101.87100366666618,6978.224525465019,57561.786109
2025-05-20,0.8,1351.7261667037042,1273.9873980000011,36297.85471816726,36201.9837024766,95.87101569066306,13.742978166666148,1948.984196584367,59866.652048
2025-05-21,0.8,1273.9873980000011,1407.698418703708,36971.9383195372,36971.9383195372,0.0,0.0,6353.63793175309,61103.381389
2025-05-22,0.6,1407.698418703708,1675.6914852222235,34952.05776996982,34601.844190166594,350.2135798032228,50.28792070000327,2035.1950623045334,56780.197327999995
2025-05-23,0.6,1675.6914852222235,2040.1081027777805,14361.01292866145,14361.01292866145,0.0,0.0,18114.341056748977,27222.511727499998
2025-05-24,0.6,2040.1081027777805,1968.1504069629634,14222.601783737791,14222.601783737791,0.0,0.0,20976.304729146916,26717.3913789
2025-05-25,0.6,1968.1504069629634,1425.5745129259265,34094.99461556073,34074.7155586472,20.279056913530855,4.472663633332786,4480.3965960658425,55809.191383
2025-05-26,0.8,1425.5745129259265,2122.3849080962973,36904.41805489235,36904.41805489235,0.0,0.0,1694.4684925925933,60561.30451642
2025-05-27,0.6,2122.3849080962973,1200.0,34235.183246881155,32267.633369707997,1967.5498771731566,371.99263123333145,1137.910538748975,52617.35931
2025-05-28,0.7,1200.0,1433.9068230740745,35443.83552667372,34238.17279553108,1205.6627311426391,173.85017599999605,683.8436451456836,56651.5745655
2025-05-29,0.8,1433.9068230740745,1885.0141147777797,36766.33941988314,36646.561724299805,119.77769558333443,17.817433333333497,2095.335465847745,60492.420017
2025-05-30,0.6,1885.0141147777797,1839.7337666740793,14343.6414567947,14343.6414567947,0.0,0.0,18169.741301111113,27047.953799
2025-05-31,0.6,1839.7337666740793,1973.255277592591,14061.5307366839,14061.5307366839,0.0,0.0,16142.181339061735,26769.089564999995
2025-06-01,0.9,1973.255277592591,1200.0,84237.71793454008,40319.52724388891,43918.19069065117,7266.204559566664,76.93439666666711,66514.6931307
2025-06-02,0.9,1200.0,1213.1814432222225,61077.56377494313,45481.23784152704,15596.32593341609,2425.992481333332,4089.98071226338,74303.6061512
2025-06-03,0.9,1213.1814432222225,1269.4025781111116,49886.285922689625,45155.46484187931,4730.821080810315,750.0366676666639,2475.8956458847815,74085.962909
2025-06-04,0.8,1269.4025781111116,1380.696331185186,46176.97041823804,45613.7950090441,563.1754091939371,82.01029879999331,400.33066452675246,74151.538222
2025-06-05,0.8,1380.696331185186,1607.8164560370428,48011.052530270405,47506.1000049989,504.9525252715016,74.79457500000024,1080.788244855972,76853.663619
2025-06-06,0.9,1607.8164560370428,1200.0,33004.367097652255,18982.37428194084,14021.99281571142,2208.016384833333,3149.75760600824,34032.8746118
2025-06-07,0.85,1200.0,1672.683116259261,20605.520758965602,20605.520758965602,0.0,0.0,2136.4313383209865,36110.218814
2025-06-08,0.6,1672.683116259261,1955.1195301481494,48716.19003797071,48663.106061569706,53.08397640100055,7.885504666666748,9268.190164948986,78113.98772519999
2025-06-09,0.8,1955.1195301481494,1798.8813905185202,51290.72792017244,50788.6673613141,502.0605588583339,74.25811866666675,6746.949573868318,81256.531816
2025-06-10,0.7,1798.8813905185202,1279.955316111111,49580.05993192485,47694.13665220031,1885.9232797245454,337.066612899999,2260.175031650203,77200.25202300001
2025-06-11,0.9,1279.955316111111,2178.0673225185196,53129.01476370832,52996.66645295831,132.34831075001316,22.912761966665883,3599.9875559794245,85118.41281800001
2025-06-12,0.7,2178.0673225185196,2009.325399444448,49999.9691760262,49999.9691760262,0.0,0.0,3386.6234611317013,79933.00004900001
2025-06-13,0.6,2009.325399444448,3176.9927185185193,22112.11149214129,22112.11149214129,0.0,0.0,5340.742879745271,37310.1168967
2025-06-14,0.6,3176.9927185185193,1845.5720402222225,19995.7124176079,19995.7124176079,0.0,0.0,6784.2414654794275,33838.950935500005
2025-06-15,0.6,1845.5720402222225,1909.7392013333365,48706.71777624327,48517.8365946831,188.8811815601668,28.00521633333335,3088.9109656378637,77858.109836
2025-06-16,0.6,1909.7392013333365,1621.8367224444446,49096.77956365853,48502.674509793695,594.1050538648344,88.11044233333348,1154.0919288469213,77820.3242296
2025-06-17,0.85,1621.8367224444446,1521.2632828148146,53168.06695691967,52646.3593824395,521.7075744801681,76.82142300000021,5447.130936810696,84021.974037
2025-06-18,0.6,1521.2632828148146,1323.5121400740752,48729.66945630872,47726.3911321288,1003.2783241799159,144.57240040000227,2577.447402868324,77162.307818
2025-06-19,0.6,1323.5121400740752,1627.1244938888879,49263.099500455464,48218.107962927796,1044.9915375276682,155.12932733333355,5237.453851522645,77863.83725499999
2025-06-20,0.6,1627.1244938888879,1670.769023555557,19562.745368143802,19562.745368143802,0.0,0.0,8897.763929506173,33760.74274
2025-06-21,0.6,1670.769023555557,2067.45987374074,19236.55066092888,19236.55066092888,0.0,0.0,11566.886193284365,33735.1674267
2025-06-22,0.6,2067.45987374074,1642.3363074444474,47102.288298288535,46981.8161381597,120.47216012883386,17.91693633333341,4720.982339139928,75558.29712900001
2025-06-23,0.6,1642.3363074444474,1242.352899,47392.77774872243,46282.5626001911,1110.2151485313316,248.358652299997,4484.292687489724,75017.07575300001
2025-06-24,0.9,1242.352899,2105.689387888892,55147.90158661876,51862.7404874037,3285.161099215061,693.3686087666656,2263.0947081070008,83120.258486
2025-06-25,0.7,2105.689387888892,1425.814874851853,47782.65629009182,46263.2047173702,1519.4515727216199,278.3041652566589,1044.4825036625539,74804.335873
2025-06-26,0.7,1425.814874851853,1545.9907125185193,48363.853475048985,47680.27834132482,683.5751337241679,101.35907533333352,5107.058065847737,76969.21468219999
2025-06-27,0.6,1545.9907125185193,1805.6607854074107,18370.24916116485,18370.24916116485,0.0,0.0,9988.716533232511,32531.2836865
2025-06-28,0.6,1805.6607854074107,1624.8420173777795,18010.673381616398,18010.673381616398,0.0,0.0,8224.246714526755,32109.673637999997
2025-06-29,0.6,1624.8420173777795,1856.713280259256,46440.82028705252,46440.82028705252,0.0,0.0,1482.5461811234643,75133.37162884
2025-06-30,0.6,1856.713280259256,1584.1824068888914,46921.19414168954,46326.288922278705,594.905219410834,88.10947600000009,1315.254181934146,74851.34853399999
2025-07-01,0.9,1584.1824068888914,1200.0,66713.27216096519,52530.000148636405,14183.272012328787,2833.3306114666643,4182.930957008239,83997.717032
2025-07-02,0.7,1200.0,1235.588769,55562.11048475909,54017.35944956989,1544.751035189196,265.23505523333137,9775.418110205352,86000.0819993
2025-07-03,0.6,1235.588769,1423.81092837037,55906.8649248711,55732.0490855111,174.81583936000015,25.05961000000002,4039.012191008232,88195.434005
2025-07-04,0.9,1423.81092837037,1200.0,30184.07048691575,24298.552602122298,5885.517884793452,1472.2028596999974,11351.648056333332,41280.010493
2025-07-05,0.85,1200.0,1286.4260706666676,26460.779459751313,25615.060051538,845.7194082133126,121.23271333333037,12374.68002088066,43640.112948
2025-07-06,0.85,1286.4260706666676,1705.7321673703716,58040.39948667333,57694.9616728856,345.43781378773076,49.51803523333297,6352.422971325108,90544.649224
2025-07-07,0.6,1705.7321673703716,1659.1774336296305,54162.0546498048,54073.955544424796,88.09910538000031,13.069326666666711,8681.320494941197,85525.62163897
2025-07-08,0.7,1659.1774336296305,1763.0353280370416,54373.184767659,54373.184767659,0.0,0.0,6045.698985637857,85816.72202
2025-07-09,0.6,1763.0353280370416,1637.8090924074088,51489.53899899968,51297.10231970801,192.4366792916665,28.54508333333331,3364.4288832921916,81318.04176
2025-07-10,0.6,1637.8090924074088,1362.507576,52151.17501956601,51157.790364009,993.3846555570119,180.24682603333125,4540.951510329212,81173.90531999999
2025-07-11,0.7,1362.507576,2271.8751660000007,28573.689878082467,28119.7487497614,453.9411283210693,98.32296756666722,12400.363733205762,48388.476453
2025-07-12,0.7,2271.8751660000007,1502.5965971851876,25580.561551201397,25580.561551201397,0.0,0.0,9918.301538407411,42642.398520999996
2025-07-13,0.6,1502.5965971851876,1823.137447444447,51748.928432498,51310.155367633,438.7730648650015,65.21344000000022,7993.499560164616,81401.58244
2025-07-14,0.6,1823.137447444447,1560.9247430370401,50859.24525982833,50429.86835851999,429.37690130833437,63.74170000000015,4741.458982551445,79903.16690000001
2025-07-15,0.6,1560.9247430370401,1990.3233261851913,49973.84987494567,49889.146533609004,84.7033413366671,12.572336666666729,2138.2558683127627,79117.50917
2025-07-16,0.7,1990.3233261851913,1359.6869794444453,50695.295077791874,50245.5873806972,449.7076970946716,66.56019633333403,4504.296110547339,79746.261191
2025-07-17,0.7,1359.6869794444453,1357.2254247777785,51570.6036000669,50998.200732363,572.402867703893,98.71877656666541,4289.621927613174,81202.09111
2025-07-18,0.6,1357.2254247777785,1457.033218555556,24951.04669253496,24951.04669253496,0.0,0.0,8316.264802057614,42218.7790552
2025-07-19,0.7,1457.033218555556,1764.3238864074076,25138.8780980095,25138.8780980095,0.0,0.0,12647.247289049385,42374.820283
2025-07-20,0.6,1764.3238864074076,1737.2013209629679,49176.996100585,49109.619590505,67.37651008000064,9.658330000000092,1313.7603657201737,77276.28577
2025-07-21,0.6,1737.2013209629679,1826.9038381111093,49849.79214126033,49775.262626806994,74.52951445333437,10.683703333333483,603.9889559670796,78675.65447000001
2025-07-22,0.7,1826.9038381111093,1269.7222484074075,51477.6927627772,49263.268217139004,2214.424545638201,321.78883153333345,1550.0777100000012,78483.2848
2025-07-23,0.7,1269.7222484074075,1604.2966383703715,51078.54776428557,50903.4791447539,175.0686195316683,25.94915666666691,2388.566620246919,81109.75450099999
2025-07-24,0.7,1604.2966383703715,1757.4302435555603,51683.2197322,51683.2197322,0.0,0.0,4276.071441111117,82122.41139
2025-07-25,0.6,1757.4302435555603,1529.2132602222223,24024.93632197107,23975.464333182303,49.47198878876543,10.023703533333082,11833.56750182305,40600.847741
2025-07-26,0.6,1529.2132602222223,1527.792585074077,24247.9862046663,24247.9862046663,0.0,0.0,9854.135923152262,40785.623642
2025-07-27,0.7,1527.792585074077,2133.864815925927,53205.88929009408,51353.4429333218,1852.4463567722778,369.79924236666557,3246.3377012016476,81414.45028399999
2025-07-28,0.8,2133.864815925927,1904.6202377037062,53099.6827247074,53099.6827247074,0.0,0.0,2132.463576637871,84022.590561
2025-07-29,0.7,1904.6202377037062,1862.7555639629677,51397.59087030667,50837.24150944,560.3493608666678,83.15290000000016,788.0326268724325,80876.22813999999
2025-07-30,0.7,1862.7555639629677,1870.9879341111096,51192.586335324995,51192.586335324995,0.0,0.0,3250.022946913587,81518.51274
2025-07-31,0.6,1870.9879341111096,1352.4449015925925,50874.98738402,50215.764369209995,659.2230148100025,97.26259666666704,1570.861618600824,80018.65654
2025-08-01,0.6,1352.4449015925925,1602.739066629629,23895.310908889798,23895.310908889798,0.0,0.0,16581.820973119342,40637.402556
2025-08-02,0.6,1602.739066629629,1764.1746048518528,24051.1985598224,24051.1985598224,0.0,0.0,17194.311609176955,40531.219880000004
2025-08-03,0.6,1764.1746048518528,1373.8457970000004,51256.52881081004,48761.980751687,2494.5480591230444,528.525709633332,12142.08944477367,77610.51558
2025-08-04,0.6,1373.8457970000004,1786.2927560370397,48398.347860711074,48396.712572114404,1.635288596666816,0.24287666666668883,7483.969761835392,76805.09300200001
2025-08-05,0.6,1786.2927560370397,1564.9826178888866,46752.839993035996,46678.329969221,74.51002381500017,11.06064333333336,5126.501390041155,73675.65629
2025-08-06,0.85,1564.9826178888866,2005.5111442592558,49777.100424057004,49777.100424057004,0.0,0.0,6894.996844938272,79020.06263999999
2025-08-07,0.6,2005.5111442592558,1390.0833442962967,45454.75915622553,44880.3244375207,574.434718704834,85.1087510000001,3804.207026666669,70541.071919
2025-08-08,0.6,1390.0833442962967,1699.2515479259282,23485.8332087467,23485.8332087467,0.0,0.0,21299.494509839504,39978.587586999995
2025-08-09,0.6,1699.2515479259282,1490.9705580740742,22727.1623386305,22727.1623386305,0.0,0.0,17438.962341567905,38509.870767
2025-08-10,0.6,1490.9705580740742,1790.6478121481534,45262.550264889,45000.067508249005,262.4827566399998,37.969299999999976,1079.011939485597,70300.061005
2025-08-11,0.6,1790.6478121481534,1418.3478906296316,45336.14992222486,44576.21690145986,759.9330207650015,112.68975333333356,1864.6114885786128,69815.1462622
2025-08-12,0.85,1418.3478906296316,2168.915606592595,48715.997355067,48384.849883412,331.147471655001,49.122103333333484,4456.9063784773725,76538.35987
2025-08-13,0.7,2168.915606592595,1840.9405512592598,45301.32964599133,45162.162050258,139.16759573333323,19.94948333333332,1391.9446559670896,70770.91712999999
2025-08-14,0.7,1840.9405512592598,1539.606530111115,46371.47113273467,45796.776117788,574.6950149466658,83.68975666666654,2300.295689835391,71953.92879
2025-08-15,0.7,1539.606530111115,1810.1494157407421,23747.882398587604,23487.251507381952,260.63089120565087,65.09027983332943,19649.355931331273,39610.1003545
2025-08-16,0.7,1810.1494157407421,1630.8726799259266,23284.32309353835,23247.684048631698,36.63904490665406,5.25215666666486,20227.159454804118,39399.7037118
2025-08-17,0.6,1630.8726799259266,1702.7962506666677,45944.27665767133,44797.559209643,1146.7174480283338,170.17658000000006,3274.3628207407414,70104.23323000001
2025-08-18,0.6,1702.7962506666677,1626.7986986666688,45654.312591167334,44518.491530929,1135.8210602383365,167.10253333333378,1453.5205201646186,69572.26298
2025-08-19,0.6,1626.7986986666688,1251.7673103703705,45402.903986787125,43807.440238286,1595.4637485011285,255.12403459999717,1043.3919379012423,68443.66496
2025-08-20,0.85,1251.7673103703705,1689.9655748518521,50558.60504170423,48107.76233253699,2450.842709167234,473.12255809999493,1287.5548167078264,75967.77303000001
2025-08-21,0.6,1689.9655748518521,1388.3778606666672,45233.49087563302,44419.133193591,814.3576820420194,118.97079039999323,112.77958333333402,69401.87312
2025-08-22,0.7,1388.3778606666672,1448.6861400000003,24389.427947941236,23780.2146962263,609.2132517149357,201.0878480999954,16594.880815514407,40388.191683
2025-08-23,0.6,1448.6861400000003,1431.7912290000029,23321.7943318258,23321.7943318258,0.0,0.0,14682.009202469135,39594.453476
2025-08-24,0.7,1431.7912290000029,1728.3066927777802,46827.2916569682,46827.2916569682,0.0,0.0,5733.520395506179,73567.084466
2025-08-25,0.8,1728.3066927777802,1857.8225581111155,49034.73450522166,49025.0273969,9.707108321667148,1.4399033333334046,2348.6164850617397,77220.58433
2025-08-26,0.7,1857.8225581111155,1651.1950288888902,47154.982148391704,46443.619088678,711.3630597136996,103.2009787333285,4030.786366378613,73102.87747
2025-08-27,0.8,1651.1950288888902,1657.5231752592642,48279.03140283727,48197.8109234436,81.22047939366747,12.062227333333453,4114.3098421810755,76017.313426
2025-08-28,0.8,1657.5231752592642,1876.2332418148162,49237.964284078036,48963.149033459704,274.8152506183329,40.76988333333327,1777.8852436749085,76991.608211
2025-08-29,0.6,1876.2332418148162,1809.5652889259306,23952.931329990002,23952.931329990002,0.0,0.0,14933.465633876547,40135.913614000005
2025-08-30,0.6,1809.5652889259306,1248.0130412962976,23561.03773370644,23337.6597476347,223.37798607173772,35.26126840000063,19103.616627526757,39410.412643
2025-08-31,0.6,1248.0130412962976,1904.7388427407423,47110.31442736613,46747.1454634868,363.1689638793336,52.779657333333375,1905.7260323045325,73212.47177599999
2025-09-01,0.6,1904.7388427407423,5136.140842000002,46454.43700905,46454.43700905,0.0,0.0,12486.701679547336,72749.28488999998
2025-09-02,0.6,5136.140842000002,2250.2216153481513,36285.83016733578,36216.00766116868,69.82250616709995,10.329338699999994,1835.6281139917767,56628.56101558
2025-09-03,0.8,2250.2216153481513,1719.0754980481481,40029.56012591378,39979.50637258281,50.053753330966934,7.434093766666706,5779.244251127575,64176.58565221
2025-09-04,0.8,1719.0754980481481,1846.7590888888897,40526.84788166223,40002.519336206824,524.3285454554094,76.82813415000135,6661.6397244156415,64440.976598249996
2025-09-05,0.6,1846.7590888888897,4781.016198666667,22428.291204119996,22428.291204119996,0.0,0.0,25371.580974864202,37730.786324
2025-09-06,0.6,4781.016198666667,2926.7415850740767,17288.864466975,17288.864466975,0.0,0.0,21529.04310402469,29730.120046
2025-09-07,0.7,2926.7415850740767,1864.7684179777789,37632.04683978057,37632.04683978057,0.0,0.0,2005.6062181481536,59681.31228008
2025-09-08,0.9,1864.7684179777789,1228.955309148148,45208.0196728185,40267.21469264754,4940.804980170953,832.9070595666647,3935.528368576135,65481.2755298
2025-09-09,0.85,1228.955309148148,1641.115551555555,40220.35015993766,40204.481760521,15.868399416666735,2.352616666666677,7811.927708312763,65155.361339999996
2025-09-10,0.9,1641.115551555555,1596.0473868518516,42964.07840008166,41501.94771244,1462.1306876416575,296.37601666666484,2203.3553681893045,67338.47117
2025-09-11,0.6,1596.0473868518516,1352.058566592593,38311.80925344043,37798.267697389805,513.5415560506242,106.03631673332688,3371.119191238682,60724.38013700001
2025-09-12,0.6,1352.058566592593,1261.9918260000002,17436.80992046026,17171.6451074664,265.16481299385725,112.66709276666448,17317.59866057613,31493.225430000002
2025-09-13,0.7,1261.9918260000002,1389.1446045185185,17506.833109873165,17358.302012487933,148.53109738523295,31.016342966666592,20716.135067530864,31433.9039783
2025-09-14,0.8,1389.1446045185185,1490.7076940370407,41449.309468237,41449.309468237,0.0,0.0,2492.101146502068,66664.74733
2025-09-15,0.6,1490.7076940370407,1584.1200581111104,39102.9974448772,39095.1038387272,7.89360615000031,1.1717666666667128,3392.7708036543268,62676.234296
2025-09-16,0.8,1584.1200581111104,1461.3864010000007,40966.52844841967,40911.146700753,55.38174766666711,8.238266666666732,2635.2928290946556,65801.84583
2025-09-17,0.8,1461.3864010000007,1456.4040568888904,41176.662284833,41141.953391083,34.70889375000024,7.62916666666672,2639.6181555555577,66668.01907000001
2025-09-18,0.7,1456.4040568888904,1432.9987914074077,40681.08464076067,40479.62772311219,201.45691764847982,46.534802633332646,1912.338507489717,65099.777008000005
2025-09-19,0.6,1432.9987914074077,1876.1503430740777,18150.3317669264,18150.3317669264,0.0,0.0,13269.61293403292,32674.378443999998
2025-09-20,0.7,1876.1503430740777,1889.3438185185205,18024.642929426413,17719.915477810002,304.7274516164103,85.76338713332665,13590.608819094652,31873.811562000003
2025-09-21,0.6,1889.3438185185205,1449.2900562592595,40606.28103887069,40395.629202280004,210.65183659068782,35.84990179999829,3275.217750946505,64891.947080000005
2025-09-22,0.7,1449.2900562592595,1542.328864111112,42113.8859015529,41982.0985012029,131.78740035000044,19.555900000000065,2795.954633337456,67468.324377
2025-09-23,0.8,1542.328864111112,1765.624040814815,43898.723179550114,43754.3060782,144.4171013501129,28.111158133328946,4041.1481720164666,70427.22441
2025-09-24,0.8,1765.624040814815,2031.1764891851867,43096.88430895,43096.88430895,0.0,0.0,4079.9294287654357,69372.06579
2025-09-25,0.6,2031.1764891851867,1230.047214,41173.42255917295,40858.8790800236,314.5434791493479,94.38305946666614,1849.7816848148207,65500.100638
2025-09-26,0.6,1230.047214,1835.44354766667,18542.0365204675,18542.0365204675,0.0,0.0,12305.183062580247,33483.513579
2025-09-27,0.8,1835.44354766667,1585.9470260000012,18964.4589514864,18964.4589514864,0.0,0.0,13595.904665835391,33903.309494
2025-09-28,0.7,1585.9470260000012,1880.4727758518525,44776.95526026143,43360.825192340504,1416.1300679209257,289.5453849333318,1919.2465320370407,69507.055375
2025-09-29,0.7,1880.4727758518525,1604.2912756666676,43644.13586228367,43509.399605617,134.7362566666671,26.015016666666725,3371.509685473261,69860.55785
2025-09-30,0.8,1604.2912756666676,1886.7517156259269,45530.34802279681,45318.11858782181,212.2294349750009,31.411150000000134,2590.8300870781886,72517.70727923
2025-10-01,0.6,1886.7517156259269,3009.614139592594,40527.486682325005,40527.486682325005,0.0,0.0,11227.24762077779,65679.34047
2025-10-02,0.6,3009.614139592594,1627.1927058148192,37937.2145118474,37937.2145118474,0.0,0.0,7861.386404847744,62204.635418
2025-10-03,0.6,1627.1927058148192,3239.5595060000037,17349.8335696635,17349.8335696635,0.0,0.0,19768.394221191775,31966.6404082
2025-10-04,0.7,3239.5595060000037,2034.3051537777787,15723.739707074,15723.739707074,0.0,0.0,14877.093142823052,29338.26608
2025-10-05,0.6,2034.3051537777787,1798.256714481484,38068.683017535994,38068.683017535994,0.0,0.0,3997.111976543216,62389.74757
2025-10-06,0.7,1798.256714481484,1415.72283925926,39616.73260411585,38819.290245801196,797.4423583146597,114.31226466666567,2495.0762051028905,63662.645972
2025-10-07,0.8,1415.72283925926,1717.061378925927,39972.5435516865,39972.5435516865,0.0,0.0,3562.373128827164,65653.77596500001
2025-10-08,0.8,1717.061378925927,1454.0528040000004,40020.069405883165,37677.9298228912,2342.1395829919643,351.07775443333054,2524.1410221563883,62384.808247999994
2025-10-09,0.7,1454.0528040000004,1381.110111074075,39652.70172033072,38419.791227609,1232.9104927217197,186.4231800666647,3513.7033653498015,63242.11363000001
2025-10-10,0.7,1381.110111074075,1897.8377810740742,16587.723725222502,16587.723725222502,0.0,0.0,18665.983056378598,31442.367773
2025-10-11,0.6,1897.8377810740742,1446.7999270000003,16078.039101510814,15766.247696437502,311.791405073313,51.00464666666335,13804.781093127573,30301.662721
2025-10-12,0.7,1446.7999270000003,1200.2346214814818,41795.072102556376,39008.477518450396,2786.594584105978,442.6516012333301,2434.6681724691343,64210.900471
2025-10-13,0.6,1200.2346214814818,1394.7172794814826,39535.24399444711,38847.020877627896,688.2231168192175,98.65583670000251,2263.841092139921,63506.682654000004
2025-10-14,0.8,1394.7172794814826,1771.3659543333347,41772.7524244404,41772.7524244404,0.0,0.0,2644.0076020164684,67815.3803378
2025-10-15,0.8,1771.3659543333347,1773.1681214444495,41056.760165379994,41056.760165379994,0.0,0.0,673.1745327572057,66546.20989
2025-10-16,0.85,1773.1681214444495,1967.189885592591,44187.56353397928,44187.56353397928,0.0,0.0,3887.260507942396,71207.29944209999
2025-10-17,0.6,1967.189885592591,1507.9127612962977,16502.006674809003,16502.006674809003,0.0,0.0,12592.914585473249,31113.45769
2025-10-18,0.6,1507.9127612962977,1660.9043409999979,16504.609471000498,16504.609471000498,0.0,0.0,12360.208502427988,31431.986851
2025-10-19,0.8,1660.9043409999979,1594.2815658518525,44945.00783606005,44102.678892670185,842.3289433898689,120.74669486666699,3792.057249049386,71581.58908063
2025-10-20,0.8,1594.2815658518525,1866.2570409259258,45898.53927289573,45346.61938326517,551.9198896305622,112.3747395333324,4367.376237860084,73079.74056030001
2025-10-21,0.8,1866.2570409259258,1951.3428127037062,45164.90397220584,45164.90397220584,0.0,0.0,2178.493309794238,72889.57972129999
2025-10-22,0.85,1951.3428127037062,2151.5721469259283,46955.73640264569,46066.61987493417,889.1165277115189,180.6546127666671,4666.413101234574,74400.84007800001
2025-10-23,0.6,2151.5721469259283,1503.0888107777796,43748.331710324994,42521.884430395,1226.4472799299926,255.40023913333184,2011.347271522639,68779.55905000001
2025-10-24,0.7,1503.0888107777796,1757.393209925928,17796.05205675136,17796.05205675136,0.0,0.0,11481.096375852678,33343.6011554
2025-10-25,0.6,1757.393209925928,1250.943829962965,16884.053280529297,16884.053280529297,0.0,0.0,10155.333483304525,31980.602481
2025-10-26,0.6,1250.943829962965,1520.3433500370372,43779.5793791659,43779.5793791659,0.0,0.0,2155.5082778189385,71038.098699
2025-10-27,0.7,1520.3433500370372,1495.1123927037006,45536.81289339833,45444.327625665,92.48526773333361,19.744933333333393,5779.37689374486,73415.89743499999
2025-10-28,0.7,1495.1123927037006,1697.6502607777777,44825.9827337804,44825.9827337804,0.0,0.0,2151.158150740741,72510.00517799999
2025-10-29,0.85,1697.6502607777777,2083.372637592593,47267.1759140716,47267.1759140716,0.0,0.0,1782.1417460082314,75820.311146
2025-10-30,0.6,2083.372637592593,1294.8780778888927,43643.30344306633,43626.245095733,17.058347333333423,3.641833333333352,2040.2795155555589,70315.90208
2025-10-31,0.6,1294.8780778888927,1538.0982408148152,17849.7893763924,17849.7893763924,0.0,0.0,6148.987118724293,33580.235236
2025-11-01,0.6,1538.0982408148152,1728.7148977851875,17566.0303914992,17566.0303914992,0.0,0.0,7308.6167778189365,33100.162664
2025-11-02,0.7,1728.7148977851875,1431.290498851853,47384.96317582493,46344.8872420116,1040.0759338133316,150.14310333333307,1965.1673821070046,74770.67290599999
2025-11-03,0.6,1431.290498851853,1326.9164060370365,45840.305587668,45840.305587668,0.0,0.0,270.577463744861,73928.6272412
2025-11-04,0.7,1326.9164060370365,1390.7891749259265,47731.35680437066,47241.7077436627,489.649060707963,83.03054783333278,4367.88899666667,76148.99386700001
2025-11-05,0.7,1390.7891749259265,1412.2315146296316,46825.66196229636,46397.71485394875,427.94710834760804,86.71723997666592,827.6997734156415,74937.90152339
2025-11-06,0.8,1412.2315146296316,1829.612971296296,49988.13342467281,49988.13342467281,0.0,0.0,3560.6301021605027,79781.2223859
2025-11-07,0.7,1829.612971296296,1981.7005884444472,18858.6368475008,18858.6368475008,0.0,0.0,8182.167811082309,34972.201141
2025-11-08,0.6,1981.7005884444472,1605.4276733703718,17747.1990711798,17747.1990711798,0.0,0.0,6913.539007427992,33407.783584000004
2025-11-09,0.7,1605.4276733703718,1613.95982751852,48618.50773389408,48618.50773389408,0.0,0.0,2208.806478140744,77859.62364040001
2025-11-10,0.7,1613.95982751852,1431.5427458888894,50036.09291875933,49097.468845752,938.6240730073251,135.12423183333217,498.3122460082346,78476.681742
2025-11-11,0.7,1431.5427458888894,1656.0424897037046,49025.460043565865,49016.474769399196,8.98527416666696,2.0516666666667334,2306.853574465848,78410.60649840001
2025-11-12,0.7,1656.0424897037046,1662.609039111112,48705.666669676335,48654.105356343,51.56131333333374,11.773333333333426,2523.072653547332,77907.260654
2025-11-13,0.7,1662.609039111112,1614.6287805555546,49892.19671993573,49882.7793818024,9.417338133333374,2.010533333333342,2727.014274650215,79347.061818
2025-11-14,0.6,1614.6287805555546,1712.3322295185235,18632.613479777,18632.613479777,0.0,0.0,3764.622451399182,34799.806469999996
2025-11-15,0.7,1712.3322295185235,1742.6402795555562,18981.4504176521,18981.4504176521,0.0,0.0,3823.1641827160583,35334.52471
2025-11-16,0.7,1742.6402795555562,1589.5241720740755,51095.46913147984,51095.46913147984,0.0,0.0,2451.5941265316887,81051.4709874
2025-11-17,0.6,1589.5241720740755,1589.167115814817,50154.6262057533,50154.6262057533,0.0,0.0,2652.968647637866,79744.617432
2025-11-18,0.7,1589.167115814817,1455.50059612593,50522.4689270488,50522.4689270488,0.0,0.0,1315.5374811687261,80342.17444599999
2025-11-19,0.7,1455.50059612593,1502.387030259262,51392.6561384026,51386.3550809026,6.301057500000476,1.3850000000001046,1714.6045531317009,81592.670584
2025-11-20,0.7,1502.387030259262,1657.1556273333351,52141.16192854981,52141.16192854981,0.0,0.0,3170.026585522641,82554.49495005999
2025-11-21,0.7,1657.1556273333351,1990.3019225925939,19767.673120503503,19767.673120503503,0.0,0.0,3956.08805711935,36590.47874
2025-11-22,0.7,1990.3019225925939,1681.7975062592616,19368.0201423804,19368.0201423804,0.0,0.0,2842.1714942880676,36036.19070399999
2025-11-23,0.6,1681.7975062592616,1403.758443333331,52372.42109815012,51039.280620702404,1333.1404774477132,287.5125258999993,1927.693844407414,81030.717254
2025-11-24,0.6,1403.758443333331,1200.0,51657.75125385727,51118.96325517662,538.7879986806529,117.58352863333133,3222.8032620493877,81314.91864419999
2025-11-25,0.6,1200.0,1200.0,52095.16983226729,50772.5479331596,1322.621899107693,191.2817914566572,462.47865666666826,80988.508128
2025-11-26,0.7,1200.0,1902.0571304444463,53204.338894180044,53057.936654534176,146.4022396458664,31.255815466666604,2110.970339248564,84037.625593
2025-11-27,0.7,1902.0571304444463,1771.574666740742,53011.3024750346,53011.3024750346,0.0,0.0,3577.502364061739,83699.43108800001
2025-11-28,0.6,1771.574666740742,1731.0430848518552,19369.142082954102,19369.142082954102,0.0,0.0,1590.9140120164645,35995.080553
2025-11-29,0.8,1731.0430848518552,2089.441768666668,21815.6641962426,21815.6641962426,0.0,0.0,2004.4559756378685,40662.110519
2025-11-30,0.7,2089.441768666668,1410.926229111114,53788.25746648418,53759.85915515085,28.398311333334185,6.062833333333515,515.0404501234606,84708.6659415
2025-12-01,0.9,1410.926229111114,2189.939600740742,68644.27442713789,59989.451995489595,8654.822431648292,1767.618011399998,3420.4220960493867,93360.360064
2025-12-02,0.85,2189.939600740742,2013.5548324444462,63286.70818211579,62009.8886500823,1276.8195320334958,249.4595549999991,3453.7640823868387,96384.954895
2025-12-03,0.7,2013.5548324444462,1923.7996506666668,59667.0589462457,59667.0589462457,0.0,0.0,1501.0833442798435,93120.433109
2025-12-04,0.7,1923.7996506666668,1625.8089171851852,60994.42759518833,60619.623465785,374.80412940333326,67.44808,3283.6147936625607,94615.92218000001
2025-12-05,0.7,1625.8089171851852,1776.501891333338,25800.10086871558,24258.439984289602,1541.6608844259795,309.06664319999607,571.6644333333343,45665.439506
2025-12-06,0.7,1776.501891333338,1600.0019007407416,25422.8907399543,25125.775858322,297.11488163230115,62.6380923333265,439.6872202469162,47780.60548
2025-12-07,0.7,1600.0019007407416,1427.3158426666662,61109.265571219665,60782.5471013005,326.7184699191674,56.04160233333346,2742.178809259268,94865.582051
2025-12-08,0.6,1427.3158426666662,1864.1638031481502,62154.936899615976,62154.936899615976,0.0,0.0,4194.250890534982,97136.95738529999
2025-12-09,0.6,1864.1638031481502,1381.9511541481481,61596.59690614252,60533.05852784804,1063.5383782944793,186.8927704333304,3088.6886426337546,94548.8485596
2025-12-10,0.6,1381.9511541481481,1265.5777790000027,60027.1313426717,60027.1313426717,0.0,0.0,966.86045045268,93934.909645
2025-12-11,0.6,1265.5777790000027,1428.178588296298,60519.207668848336,60519.207668848336,0.0,0.0,3615.632661275724,94571.7569349
2025-12-12,0.6,1428.178588296298,1834.3304871111138,26430.048343356997,26430.048343356997,0.0,0.0,2056.673400864204,49968.429189999995
2025-12-13,0.6,1834.3304871111138,1737.9471138518502,25378.5605597984,25378.5605597984,0.0,0.0,811.8662319465132,48378.148791
2025-12-14,0.6,1737.9471138518502,1275.2255838148158,60719.6103480562,60631.1126981692,88.49764988699854,22.152102599999637,1600.351227777789,94636.749018
2025-12-15,0.6,1275.2255838148158,1373.3524021111118,62047.80259954969,61084.084924118506,963.7176754311785,193.28359496666565,1209.0837144444515,95444.679067
2025-12-16,0.6,1373.3524021111118,1264.2067940370412,62046.86578110931,61133.36174419669,913.5040369126143,188.27471943333276,1549.93754514404,95409.32131900001
2025-12-17,0.6,1264.2067940370412,1224.0752704444444,60904.457486674095,60662.0467539693,242.4107327047939,48.15410959999869,2232.2684397530975,95074.58155100001
2025-12-18,0.6,1224.0752704444444,1410.8389258148172,61315.3513163436,61315.3513163436,0.0,0.0,3274.048841646099,95781.94931299999
2025-12-19,0.6,1410.8389258148172,1385.3542467037032,26040.6225923858,26040.6225923858,0.0,0.0,2761.9338735802526,49564.86767199999
2025-12-20,0.6,1385.3542467037032,1457.497613740742,25858.481948608,25858.481948608,0.0,0.0,2458.3488909053585,49309.574409999994
2025-12-21,0.6,1457.497613740742,1478.1941415185192,61388.387920316316,61384.770213223004,3.6177070933151554,0.5185933333307275,1972.3807504938268,95747.397636
2025-12-22,0.6,1478.1941415185192,1400.349893407408,62083.42085555289,61346.0458498735,737.3750056793876,126.0897263999982,2309.073167366264,95770.574214
2025-12-23,0.6,1400.349893407408,1443.7661728888902,61303.0471819215,61303.0471819215,0.0,0.0,3688.97858662553,95628.887939
2025-12-24,0.6,1443.7661728888902,1302.7062690740752,61274.479660673205,60182.2980757412,1092.1815849320049,158.99926533333405,1950.6805835802534,94295.90778400001
2025-12-25,0.6,1302.7062690740752,1357.9226278518524,61055.940708646616,60816.90756281234,239.0331458342774,37.11190843333486,2279.3052351440274,94978.62883490001
2025-12-26,0.6,1357.9226278518524,1893.654385629631,25559.070039616,25559.070039616,0.0,0.0,1014.881140082306,48596.764070000005
2025-12-27,0.6,1893.654385629631,1486.540629666666,25175.762708324,25175.762708324,0.0,0.0,1324.1873198353946,48085.503319999996
2025-12-28,0.6,1486.540629666666,1549.133747407403,61503.73191814921,61262.76901412428,240.9629040249345,41.557102033333535,4143.165497160506,95483.55539329999
2025-12-29,0.6,1549.133747407403,1285.208211,60950.16426063318,60926.414742564295,23.7495180688829,11.204660433333128,3365.4888238271615,95097.623176
2025-12-30,0.6,1285.208211,1407.9204231851897,60799.4362358034,60611.1963980054,188.23983779800056,32.302646000000095,3769.7721173662608,94759.937544
2025-12-31,0.7,1407.9204231851897,1345.059326111112,62156.80746011413,61230.94417505226,925.8632850618671,167.91291326666652,2577.7715605761464,95668.7895211
